id,title,filtered_words,label
R129,New Report on Election,"['certainly', 'nice', 'want', 'while.', 'experts', 'discuss', 'ongoing', 'developments', 'election.']",REAL
R227,New Report on Climate Change,"['significant', 'month', 'base', 'election', 'learn', 'eye', 'customer.', 'also', 'practice', 'discuss', 'green', 'national', 'charge', 'total.', 'respond', 'right', 'government', 'particularly', 'health', 'manager', 'product.', 'experts', 'discuss', 'ongoing', 'developments', 'climate', 'change.']",REAL
F231,Aliens Confirmed by Sources,"['difficult', 'material', 'list.', 'fill', 'weight', 'might', 'ahead', 'house.', 'professional', 'usually', 'save', 'dream', 'poor', 'teacher', 'place', 'high.', '—', 'shocking', 'claims', 'aliens', 'surface', 'internet.']",FAKE
R066,New Report on Policy,"['particular', 'cost', 'perform', 'wife', 'middle', 'identify', 'reality.', 'bag', 'light', 'officer', 'manager', 'know.', 'physical', 'move', 'cell', 'final', 'term.', 'experts', 'discuss', 'ongoing', 'developments', 'policy.']",REAL
F095,Mind Control Confirmed by Sources,"['strategy', 'trade', 'number', 'discuss', 'true.', 'cause', 'attention', 'court', 'write.', 'responsibility', 'capital', 'yeah.', 'deep', 'commercial.', '—', 'shocking', 'claims', 'mind', 'control', 'surface', 'internet.']",FAKE
R174,New Report on Policy,"['use', 'commercial', 'avoid', 'serious', 'history', 'but.', 'experts', 'discuss', 'ongoing', 'developments', 'policy.']",REAL
R201,New Report on Public Health,"['exactly', 'science', 'quite', 'occur', 'mean', 'require', 'win.', 'experts', 'discuss', 'ongoing', 'developments', 'public', 'health.']",REAL
R072,New Report on Education,"['three', 'scene', 'whatever', 'ability.', 'experts', 'discuss', 'ongoing', 'developments', 'education.']",REAL
R064,New Report on Research,"['wear', 'yet', 'ability', 'member', 'participant', 'receive', 'look', 'region.', 'nice', 'policy', 'agency', 'charge', 'century', 'manage.', 'experts', 'discuss', 'ongoing', 'developments', 'research.']",REAL
F037,Miracle Drug Confirmed by Sources,"['us', 'world', 'account', 'turn', 'raise.', 'serious', 'create', 'maybe', 'best.', 'go', 'economic', 'seek', 'try', 'career', 'difference.', 'ahead', 'range', 'boy', 'baby', 'industry.', '—', 'shocking', 'claims', 'miracle', 'drug', 'surface', 'internet.']",FAKE
R170,New Report on Technology Breakthrough,"['happen', 'exist', 'financial', 'east', 'son', 'ahead', 'reach.', 'agree', 'hold', 'environment', 'mention.', 'experts', 'discuss', 'ongoing', 'developments', 'technology', 'breakthrough.']",REAL
F110,Celebrity Scandal Confirmed by Sources,"['exist', 'like', 'table', 'increase', 'series', 'southern', 'charge.', 'education', 'analysis', 'management', 'company', 'industry.', 'ahead', 'represent', 'floor', 'sound.', '—', 'shocking', 'claims', 'celebrity', 'scandal', 'surface', 'internet.']",FAKE
F048,Secret Cure Confirmed by Sources,"['share', 'week', 'land', 'summer', 'day.', 'year', 'exist', 'goal', 'report', 'role', 'summer.', 'rate', 'leave', 'bag', 'image', 'none', 'ask', 'upon.', '—', 'shocking', 'claims', 'secret', 'cure', 'surface', 'internet.']",FAKE
F082,Hoax Confirmed by Sources,"['dog', 'child', 'movement', 'later.', 'health', 'natural', 'four', 'clearly.', 'alone', 'assume', 'argue.', '—', 'shocking', 'claims', 'hoax', 'surface', 'internet.']",FAKE
F187,Miracle Drug Confirmed by Sources,"['turn', 'expect', 'opportunity', 'occur.', 'center', 'eight', 'summer', 'special', 'education.', 'difference', 'newspaper', 'too.', '—', 'shocking', 'claims', 'miracle', 'drug', 'surface', 'internet.']",FAKE
F027,Miracle Drug Confirmed by Sources,"['make', 'woman', 'wonder', 'picture', 'new', 'work', 'evening', 'model.', 'community', 'reduce', 'another', 'radio', 'research.', 'image', 'social', 'believe', 'various', 'member', 'until.', 'consumer', 'control', 'four', 'project', 'send.', '—', 'shocking', 'claims', 'miracle', 'drug', 'surface', 'internet.']",FAKE
F202,Hoax Confirmed by Sources,"['wait', 'pressure', 'dog', 'health', 'magazine.', '—', 'shocking', 'claims', 'hoax', 'surface', 'internet.']",FAKE
F197,Secret Cure Confirmed by Sources,"['kitchen', 'get', 'college', 'create', 'degree.', 'though', 'human', 'current', 'study', 'attack', 'system.', '—', 'shocking', 'claims', 'secret', 'cure', 'surface', 'internet.']",FAKE
R128,New Report on Climate Change,"['manager', 'federal', 'work.', 'experts', 'discuss', 'ongoing', 'developments', 'climate', 'change.']",REAL
F157,Government Cover-Up Confirmed by Sources,"['participant', 'opportunity', 'determine.', 'act', 'message', 'woman.', 'discover', 'set', 'perform', 'discussion', 'reason', 'people', 'wind.', '—', 'shocking', 'claims', 'government', 'cover-up', 'surface', 'internet.']",FAKE
F117,Hoax Confirmed by Sources,"['serious', 'role', 'key', 'cup', 'writer', 'late', 'future.', 'least', 'finally', 'professional', 'hold.', 'job', 'fine', 'actually', 'time', 'campaign', 'several', 'would.', '—', 'shocking', 'claims', 'hoax', 'surface', 'internet.']",FAKE
F173,Secret Cure Confirmed by Sources,"['born', 'relationship', 'either', 'type', 'site.', 'culture', 'nearly', 'magazine', 'far', 'water', 'art.', 'current', 'participant', 'necessary', 'pressure', 'professional.', 'administration', 'matter', 'night', 'develop', 'cold', 'force.', '—', 'shocking', 'claims', 'secret', 'cure', 'surface', 'internet.']",FAKE
F024,Aliens Confirmed by Sources,"['professor', 'world', 'result', 'smile', 'loss', 'far', 'catch.', 'central', 'politics', 'stay.', 'figure', 'development', 'music', 'must', 'woman.', '—', 'shocking', 'claims', 'aliens', 'surface', 'internet.']",FAKE
F096,Celebrity Scandal Confirmed by Sources,"['painting', 'night', 'admit', 'life', 'beat', 'fund', 'truth.', 'work', 'professional', 'lead', 'dark.', '—', 'shocking', 'claims', 'celebrity', 'scandal', 'surface', 'internet.']",FAKE
R247,New Report on Public Health,"['thousand', 'administration', 'economy', 'mind.', 'idea', 'question.', 'experts', 'discuss', 'ongoing', 'developments', 'public', 'health.']",REAL
F226,Government Cover-Up Confirmed by Sources,"['especially', 'today', 'white', 'short', 'structure', 'until.', 'campaign', 'home', 'leg', 'real', 'style.', '—', 'shocking', 'claims', 'government', 'cover-up', 'surface', 'internet.']",FAKE
F100,Flat Earth Confirmed by Sources,"['sit', 'best', 'care', 'chance', 'clear', 'middle.', 'poor', 'role', 'present', 'window', 'difficult', 'entire', 'moment.', 'laugh', 'position', 'social.', '—', 'shocking', 'claims', 'flat', 'earth', 'surface', 'internet.']",FAKE
F246,Government Cover-Up Confirmed by Sources,"['matter', 'once.', 'total', 'represent', 'now.', 'mean', 'power', 'light', 'resource', 'threat', 'north', 'work.', '—', 'shocking', 'claims', 'government', 'cover-up', 'surface', 'internet.']",FAKE
F183,Aliens Confirmed by Sources,"['cost', 'prove', 'nice', 'example.', '—', 'shocking', 'claims', 'aliens', 'surface', 'internet.']",FAKE
R063,New Report on Policy,"['tell', 'receive', 'role', 'store.', 'deal', 'visit', 'same.', 'experts', 'discuss', 'ongoing', 'developments', 'policy.']",REAL
R005,New Report on Election,"['fact', 'however', 'represent', 'board.', 'region', 'page', 'public', 'throughout', 'perform', 'edge', 'quality.', 'meet', 'main', 'role', 'bring.', 'experts', 'discuss', 'ongoing', 'developments', 'election.']",REAL
R084,New Report on Election,"['indicate', 'institution', 'participant', 'even', 'very.', 'tell', 'page.', 'experts', 'discuss', 'ongoing', 'developments', 'election.']",REAL
R124,New Report on Education,"['wait', 'sometimes', 'theory', 'follow', 'fact.', 'experts', 'discuss', 'ongoing', 'developments', 'education.']",REAL
R118,New Report on Research,"['congress', 'story', 'food', 'involve', 'southern', 'loss.', 'important', 'lawyer', 'nor.', 'experts', 'discuss', 'ongoing', 'developments', 'research.']",REAL
F001,Aliens Confirmed by Sources,"['table', 'every', 'yes', 'cover', 'capital.', 'doctor', 'money', 'responsibility', 'improve', 'beyond.', 'yet', 'hand', 'smile', 'more.', '—', 'shocking', 'claims', 'aliens', 'surface', 'internet.']",FAKE
F007,Immortal Jellyfish Confirmed by Sources,"['clear', 'nothing', 'drug', 'next', 'maybe.', 'history', 'hold', 'parent', 'whole', 'rise', 'large', 'best.', 'market', 'young', 'structure', 'claim.', '—', 'shocking', 'claims', 'immortal', 'jellyfish', 'surface', 'internet.']",FAKE
F046,Mind Control Confirmed by Sources,"['ahead', 'weight', 'exactly', 'tough', 'mean.', 'dark', 'old', 'sing', 'dark', 'yes.', '—', 'shocking', 'claims', 'mind', 'control', 'surface', 'internet.']",FAKE
R103,New Report on Research,"['child', 'none', 'marriage', 'opportunity', 'sister', 'range', 'true.', 'risk', 'read', 'contain', 'building', 'compare.', 'rule', 'day', 'scientist', 'drug.', 'experts', 'discuss', 'ongoing', 'developments', 'research.']",REAL
R037,New Report on Budget Report,"['avoid', 'notice', 'star', 'send', 'modern', 'boy.', 'free', 'particularly', 'page.', 'every', 'argue', 'east', 'nice', 'writer.', 'experts', 'discuss', 'ongoing', 'developments', 'budget', 'report.']",REAL
F193,Secret Cure Confirmed by Sources,"['remember', 'technology', 'majority.', 'officer', 'safe', 'foot.', 'everything', 'senior', 'certain', 'board', 'decide', 'maybe.', '—', 'shocking', 'claims', 'secret', 'cure', 'surface', 'internet.']",FAKE
R166,New Report on Election,"['political', 'past.', 'part', 'event', 'strong', 'draw', 'peace', 'situation', 'probably', 'drop.', 'experts', 'discuss', 'ongoing', 'developments', 'election.']",REAL
F017,Immortal Jellyfish Confirmed by Sources,"['camera', 'writer', 'realize', 'high', 'five', 'ever', 'begin.', 'must', 'congress', 'guess', 'sea', 'seat', 'along.', 'image', 'watch', 'minute', 'her.', '—', 'shocking', 'claims', 'immortal', 'jellyfish', 'surface', 'internet.']",FAKE
R008,New Report on Economic Growth,"['toward', 'kitchen', 'choose', 'interest', 'impact.', 'live', 'feel', 'information', 'sell', 'moment', 'skin.', 'experts', 'discuss', 'ongoing', 'developments', 'economic', 'growth.']",REAL
F071,Celebrity Scandal Confirmed by Sources,"['bed', 'arrive', 'majority', 'let.', 'onto', 'course', 'six', 'bad', 'person', 'white.', 'environmental', 'page', 'account', 'wind', 'role', 'himself.', '—', 'shocking', 'claims', 'celebrity', 'scandal', 'surface', 'internet.']",FAKE
F028,Mind Control Confirmed by Sources,"['national', 'benefit', 'hospital', 'hard', 'senior', 'choose', 'chance.', 'everybody', 'action', 'well', 'figure', 'organization', 'deal.', '—', 'shocking', 'claims', 'mind', 'control', 'surface', 'internet.']",FAKE
F227,Immortal Jellyfish Confirmed by Sources,"['value', 'drive', 'environment', 'station.', 'interest', 'raise', 'onto', 'entire', 'entire.', '—', 'shocking', 'claims', 'immortal', 'jellyfish', 'surface', 'internet.']",FAKE
R200,New Report on Public Health,"['beautiful', 'wall', 'mention', 'film', 'single', 'eat', 'agreement', 'run.', 'realize', 'order', 'where.', 'experts', 'discuss', 'ongoing', 'developments', 'public', 'health.']",REAL
R225,New Report on Climate Change,"['choose', 'true', 'successful', 'ready', 'manage', 'none', 'value.', 'offer', 'suggest', 'section', 'safe', 'hand', 'easy', 'stop.', 'experts', 'discuss', 'ongoing', 'developments', 'climate', 'change.']",REAL
R062,New Report on Budget Report,"['official', 'religious', 'save', 'throughout', 'detail.', 'rise', 'wide', 'foot', 'hotel', 'song.', 'experts', 'discuss', 'ongoing', 'developments', 'budget', 'report.']",REAL
F033,Hoax Confirmed by Sources,"['point', 'democratic', 'describe.', 'issue', 'result', 'benefit', 'kitchen', 'executive', 'raise.', 'owner', 'human', 'wrong', 'front.', '—', 'shocking', 'claims', 'hoax', 'surface', 'internet.']",FAKE
F012,Hoax Confirmed by Sources,"['population', 'financial', 'rich', 'risk.', 'suddenly', 'strong', 'rule', 'claim.', '—', 'shocking', 'claims', 'hoax', 'surface', 'internet.']",FAKE
R121,New Report on Research,"['authority', 'realize', 'class', 'stage', 'cost', 'pick.', 'plant', 'present', 'least', 'us', 'city', 'sea', 'security.', 'experts', 'discuss', 'ongoing', 'developments', 'research.']",REAL
F210,Aliens Confirmed by Sources,"['bring', 'participant', 'clear', 'laugh', 'nothing.', 'ground', 'leave', 'gas', 'still', 'plan', 'suggest.', '—', 'shocking', 'claims', 'aliens', 'surface', 'internet.']",FAKE
F151,Hoax Confirmed by Sources,"['billion', 'thank', 'arm', 'perform', 'animal', 'anyone.', 'black', 'leader.', 'today', 'modern', 'item.', '—', 'shocking', 'claims', 'hoax', 'surface', 'internet.']",FAKE
F099,Secret Cure Confirmed by Sources,"['fast', 'human', 'manager', 'employee.', 'medical', 'wife', 'hair', 'girl', 'three', 'avoid', 'doctor.', '—', 'shocking', 'claims', 'secret', 'cure', 'surface', 'internet.']",FAKE
R090,New Report on Technology Breakthrough,"['real', 'ability', 'two', 'grow', 'yard', 'go.', 'around', 'politics', 'character', 'culture', 'phone', 'behind.', 'experts', 'discuss', 'ongoing', 'developments', 'technology', 'breakthrough.']",REAL
R125,New Report on Budget Report,"['often', 'wife', 'series', 'carry.', 'become', 'one', 'debate', 'congress.', 'today', 'always', 'base', 'investment.', 'experts', 'discuss', 'ongoing', 'developments', 'budget', 'report.']",REAL
R091,New Report on Climate Change,"['use', 'economic', 'old', 'prevent', 'bit', 'whose', 'beyond', 'condition.', 'compare', 'others', 'move', 'above.', 'experts', 'discuss', 'ongoing', 'developments', 'climate', 'change.']",REAL
R157,New Report on Climate Change,"['measure', 'artist', 'four', 'strategy', 'official', 'magazine.', 'executive', 'generation', 'service.', 'process', 'capital', 'eat', 'result', 'consider', 'poor.', 'experts', 'discuss', 'ongoing', 'developments', 'climate', 'change.']",REAL
F098,Miracle Drug Confirmed by Sources,"['friend', 'south', 'mr', 'enter.', 'task', 'grow', 'home', 'trade', 'concern', 'couple', 'also.', 'close', 'strategy', 'rock', 'natural', 'impact', 'threat.', '—', 'shocking', 'claims', 'miracle', 'drug', 'surface', 'internet.']",FAKE
F164,Immortal Jellyfish Confirmed by Sources,"['discussion', 'around', 'president', 'key', 'assume.', '—', 'shocking', 'claims', 'immortal', 'jellyfish', 'surface', 'internet.']",FAKE
R050,New Report on Economic Growth,"['risk', 'near', 'also', 'point', 'send', 'first.', 'method', 'reduce', 'pattern', 'happy', 'exist', 'push.', 'look', 'increase', 'maintain', 'try.', 'experts', 'discuss', 'ongoing', 'developments', 'economic', 'growth.']",REAL
R249,New Report on Climate Change,"['budget', 'life', 'forget', 'remember', 'cultural', 'pattern', 'themselves.', 'large', 'popular', 'artist', 'join.', 'forward', 'born', 'its.', 'experts', 'discuss', 'ongoing', 'developments', 'climate', 'change.']",REAL
R093,New Report on Election,"['audience', 'evidence', 'morning', 'management.', 'carry', 'base', 'even.', 'finally', 'technology', 'mouth', 'down.', 'experts', 'discuss', 'ongoing', 'developments', 'election.']",REAL
R131,New Report on Education,"['person', 'job', 'clear', 'four.', 'moment', 'skin', 'discuss.', 'seem', 'treatment', 'along', 'word', 'produce.', 'experts', 'discuss', 'ongoing', 'developments', 'education.']",REAL
F107,Flat Earth Confirmed by Sources,"['call', 'early', 'part', 'college', 'five', 'from.', 'clearly', 'movement', 'day', 'sound', 'hospital', 'heavy.', '—', 'shocking', 'claims', 'flat', 'earth', 'surface', 'internet.']",FAKE
F153,Hoax Confirmed by Sources,"['employee', 'hair', 'tax', 'argue', 'present', 'interview.', 'per', 'stuff', 'buy', 'voice', 'detail.', '—', 'shocking', 'claims', 'hoax', 'surface', 'internet.']",FAKE
F091,Flat Earth Confirmed by Sources,"['score', 'crime', 'team', 'spend', 'require', 'poor', 'my.', 'nature', 'space', 'number', 'reveal', 'ahead', 'recognize.', '—', 'shocking', 'claims', 'flat', 'earth', 'surface', 'internet.']",FAKE
R246,New Report on Economic Growth,"['want', 'million', 'live', 'change', 'story', 'choose.', 'experts', 'discuss', 'ongoing', 'developments', 'economic', 'growth.']",REAL
F004,Secret Cure Confirmed by Sources,"['notice', 'power', 'a.', 'leader', 'next', 'inside', 'girl.', '—', 'shocking', 'claims', 'secret', 'cure', 'surface', 'internet.']",FAKE
F220,Celebrity Scandal Confirmed by Sources,"['single', 'democrat', 'wish', 'maybe.', 'edge', 'might', 'field', 'help.', 'scene', 'feeling', 'consumer.', '—', 'shocking', 'claims', 'celebrity', 'scandal', 'surface', 'internet.']",FAKE
F121,Hoax Confirmed by Sources,"['section', 'learn', 'market', 'final', 'situation', 'military', 'himself.', 'financial', 'leg', 'fire', 'choose', 'sense.', 'add', 'great', 'teach', 'test.', 'father', 'offer', 'source', 'seat', 'month', 'care.', '—', 'shocking', 'claims', 'hoax', 'surface', 'internet.']",FAKE
F245,Mind Control Confirmed by Sources,"['draw', 'director', 'policy', 'against.', 'owner', 'student', 'east', 'forward.', 'happen', 'sense.', 'professor', 'board', 'star', 'star', 'benefit.', '—', 'shocking', 'claims', 'mind', 'control', 'surface', 'internet.']",FAKE
R035,New Report on Climate Change,"['politics', 'suffer', 'window.', 'experts', 'discuss', 'ongoing', 'developments', 'climate', 'change.']",REAL
R024,New Report on Education,"['provide', 'base', 'rise.', 'experts', 'discuss', 'ongoing', 'developments', 'education.']",REAL
F079,Miracle Drug Confirmed by Sources,"['care', 'window', 'point.', 'forget', 'toward', 'open', 'building', 'animal.', '—', 'shocking', 'claims', 'miracle', 'drug', 'surface', 'internet.']",FAKE
R094,New Report on Policy,"['baby', 'treat', 'drop.', 'model', 'information', 'every', 'realize', 'discover.', 'experts', 'discuss', 'ongoing', 'developments', 'policy.']",REAL
R040,New Report on Policy,"['business', 'unit', 'provide', 'body', 'school', 'many', 'next.', 'future', 'move', 'fine', 'beat.', 'reality', 'economy', 'follow', 'government', 'father', 'enjoy', 'present.', 'experts', 'discuss', 'ongoing', 'developments', 'policy.']",REAL
F170,Immortal Jellyfish Confirmed by Sources,"['base', 'believe', 'professor.', 'standard', 'newspaper', 'point', 'four', 'large.', '—', 'shocking', 'claims', 'immortal', 'jellyfish', 'surface', 'internet.']",FAKE
F130,Immortal Jellyfish Confirmed by Sources,"['project', 'apply', 'report.', 'though', 'air', 'opportunity', 'pattern', 'enter', 'argue.', '—', 'shocking', 'claims', 'immortal', 'jellyfish', 'surface', 'internet.']",FAKE
R085,New Report on Economic Growth,"['begin', 'president', 'work', 'red', 'receive', 'bag', 'end.', 'story', 'check', 'school', 'front', 'enter', 'new.', 'experts', 'discuss', 'ongoing', 'developments', 'economic', 'growth.']",REAL
R054,New Report on Budget Report,"['us', 'consumer', 'various', 'receive', 'security', 'model', 'network.', 'customer', 'teach', 'team', 'black', 'operation.', 'moment', 'international', 'hospital', 'realize.', 'experts', 'discuss', 'ongoing', 'developments', 'budget', 'report.']",REAL
R047,New Report on Technology Breakthrough,"['energy', 'among', 'environment', 'investment', 'detail', 'billion', 'anything', 'west.', 'worker', 'western', 'eye', 'blue.', 'experts', 'discuss', 'ongoing', 'developments', 'technology', 'breakthrough.']",REAL
R199,New Report on Economic Growth,"['week', 'trade', 'cultural.', 'national', 'eat', 'week', 'challenge', 'visit', 'sister', 'sport.', 'experts', 'discuss', 'ongoing', 'developments', 'economic', 'growth.']",REAL
F062,Miracle Drug Confirmed by Sources,"['owner', 'money', 'peace', 'reduce.', '—', 'shocking', 'claims', 'miracle', 'drug', 'surface', 'internet.']",FAKE
R244,New Report on Technology Breakthrough,"['watch', 'box.', 'experts', 'discuss', 'ongoing', 'developments', 'technology', 'breakthrough.']",REAL
R107,New Report on Election,"['general', 'least', 'future', 'allow.', 'situation', 'pm', 'pm', 'anyone', 'you.', 'suggest', 'listen', 'every', 'early', 'various', 'now.', 'experts', 'discuss', 'ongoing', 'developments', 'election.']",REAL
F148,Aliens Confirmed by Sources,"['ask', 'structure', 'future', 'take.', 'house', 'contain', 'summer', 'politics', 'anything', 'arrive', 'mention', 'hard.', 'stage', 'rate', 'whatever', 'effort', 'as.', '—', 'shocking', 'claims', 'aliens', 'surface', 'internet.']",FAKE
F023,Mind Control Confirmed by Sources,"['world', 'quite', 'hear', 'among', 'lead.', 'foot', 'certainly', 'time', 'indicate', 'different', 'popular', 'thank.', '—', 'shocking', 'claims', 'mind', 'control', 'surface', 'internet.']",FAKE
R075,New Report on Budget Report,"['huge', 'member', 'color', 'always', 'quite', 'find.', 'shake', 'occur', 'structure', 'cold', 'mr', 'mind.', 'experts', 'discuss', 'ongoing', 'developments', 'budget', 'report.']",REAL
R220,New Report on Public Health,"['enter', 'task', 'note', 'quickly', 'live', 'grow', 'live', 'young.', 'agent', 'move', 'next', 'claim', 'weight', 'street.', 'never', 'name', 'make', 'election', 'method', 'research', 'work', 'popular.', 'experts', 'discuss', 'ongoing', 'developments', 'public', 'health.']",REAL
R099,New Report on Economic Growth,"['marriage', 'generation', 'occur', 'college', 'base.', 'group', 'mission', 'ability.', 'experts', 'discuss', 'ongoing', 'developments', 'economic', 'growth.']",REAL
F066,Flat Earth Confirmed by Sources,"['cold', 'air', 'expect', 'point', 'minute.', 'lot', 'stock', 'per', 'beautiful', 'better', 'leader.', 'conference', 'card', 'place', 'discuss', 'century.', 'available', 'realize', 'bar', 'subject', 'owner', 'study.', '—', 'shocking', 'claims', 'flat', 'earth', 'surface', 'internet.']",FAKE
F060,Flat Earth Confirmed by Sources,"['rise', 'strong', 'human', 'condition.', 'speech', 'middle', 'space', 'test.', '—', 'shocking', 'claims', 'flat', 'earth', 'surface', 'internet.']",FAKE
F022,Government Cover-Up Confirmed by Sources,"['eat', 'study', 'interview', 'beat', 'part', 'social.', 'enter', 'threat', 'day.', 'serious', 'maintain', 'wall', 'themselves.', '—', 'shocking', 'claims', 'government', 'cover-up', 'surface', 'internet.']",FAKE
F127,Mind Control Confirmed by Sources,"['team', 'professional', 'foreign.', 'answer', 'source', 'book', 'war', 'occur', 'mean.', 'girl', 'small', 'good', 'production', 'cover.', '—', 'shocking', 'claims', 'mind', 'control', 'surface', 'internet.']",FAKE
R212,New Report on Education,"['scientist', 'sense', 'us', 'resource', 'probably', 'result', 'tree.', 'draw', 'hard', 'democrat', 'hot', 'decision', 'state', 'boy.', 'world', 'knowledge', 'choice', 'line.', 'experts', 'discuss', 'ongoing', 'developments', 'education.']",REAL
F119,Mind Control Confirmed by Sources,"['court', 'unit', 'next', 'spend', 'today', 'husband', 'certain.', 'behind', 'grow', 'human', 'plant', 'mother.', '—', 'shocking', 'claims', 'mind', 'control', 'surface', 'internet.']",FAKE
F103,Hoax Confirmed by Sources,"['produce', 'live', 'ever', 'heavy', 'material', 'century', 'own.', 'girl', 'move', 'nice', 'night', 'use.', '—', 'shocking', 'claims', 'hoax', 'surface', 'internet.']",FAKE
F191,Mind Control Confirmed by Sources,"['finally', 'defense', 'man', 'information.', 'memory', 'movement', 'assume', 'final.', 'economy', 'score', 'past', 'feel.', 'remember', 'speak', 'animal', 'night', 'leader', 'movie', 'hand.', '—', 'shocking', 'claims', 'mind', 'control', 'surface', 'internet.']",FAKE
F002,Mind Control Confirmed by Sources,"['bank', 'security', 'window', 'add.', 'actually', 'plant', 'lay', 'animal', 'market.', '—', 'shocking', 'claims', 'mind', 'control', 'surface', 'internet.']",FAKE
R155,New Report on Election,"['evidence', 'mind', 'worker', 'game.', 'set', 'magazine', 'usually', 'hotel', 'majority.', 'experts', 'discuss', 'ongoing', 'developments', 'election.']",REAL
R006,New Report on Technology Breakthrough,"['rule', 'defense', 'accept', 'director', 'mention', 'huge', 'owner.', 'charge', 'office', 'camera', 'rock.', 'movie', 'strategy', 'gun', 'leader', 'risk', 'put.', 'experts', 'discuss', 'ongoing', 'developments', 'technology', 'breakthrough.']",REAL
F086,Government Cover-Up Confirmed by Sources,"['technology', 'wall', 'give', 'owner.', 'foreign', 'firm', 'yet', 'almost', 'start', 'hotel', 'color.', 'third', 'business', 'claim', 'window.', '—', 'shocking', 'claims', 'government', 'cover-up', 'surface', 'internet.']",FAKE
R168,New Report on Election,"['coach', 'line', 'entire.', 'without', 'despite', 'budget', 'perform', 'democrat', 'help', 'star.', 'experts', 'discuss', 'ongoing', 'developments', 'election.']",REAL
R077,New Report on Public Health,"['wish', 'consumer', 'remain', 'consider', 'learn', 'actually.', 'movement', 'rule', 'gun', 'bag', 'large', 'two', 'indicate.', 'experts', 'discuss', 'ongoing', 'developments', 'public', 'health.']",REAL
F209,Hoax Confirmed by Sources,"['lose', 'eat', 'boy', 'scientist', 'receive', 'level.', 'floor', 'article', 'name', 'food', 'bank.', '—', 'shocking', 'claims', 'hoax', 'surface', 'internet.']",FAKE
R236,New Report on Public Health,"['yard', 'wife', 'certainly', 'degree', 'big', 'wall.', 'deal', 'employee', 'one', 'support', 'support.', 'opportunity', 'husband', 'five', 'dog.', 'experts', 'discuss', 'ongoing', 'developments', 'public', 'health.']",REAL
F186,Aliens Confirmed by Sources,"['industry', 'happen', 'item', 'range', 'nature', 'agent', 'and.', 'radio', 'program', 'total', 'born', 'forget.', '—', 'shocking', 'claims', 'aliens', 'surface', 'internet.']",FAKE
R243,New Report on Public Health,"['relate', 'form', 'improve', 'large', 'send', 'institution.', 'national', 'evidence', 'personal', 'local', 'public', 'fast', 'or.', 'experts', 'discuss', 'ongoing', 'developments', 'public', 'health.']",REAL
F094,Immortal Jellyfish Confirmed by Sources,"['remember', 'lawyer', 'child', 'forward.', '—', 'shocking', 'claims', 'immortal', 'jellyfish', 'surface', 'internet.']",FAKE
R032,New Report on Economic Growth,"['building', 'success', 'protect', 'staff', 'we.', 'even', 'goal', 'relationship', 'blue', 'agency', 'popular.', 'experts', 'discuss', 'ongoing', 'developments', 'economic', 'growth.']",REAL
R033,New Report on Education,"['democratic', 'practice', 'coach', 'war.', 'consumer', 'begin', 'defense', 'church.', 'cover', 'shoulder', 'accept', 'nearly', 'agent.', 'large', 'somebody', 'always', 'try.', 'experts', 'discuss', 'ongoing', 'developments', 'education.']",REAL
R045,New Report on Technology Breakthrough,"['mean', 'local', 'data', 'debate.', 'young', 'either', 'event.', 'experts', 'discuss', 'ongoing', 'developments', 'technology', 'breakthrough.']",REAL
R116,New Report on Education,"['see', 'level', 'travel', 'single', 'policy.', 'drop', 'discuss', 'trip', 'ago', 'offer', 'operation.', 'subject', 'air', 'alone', 'eat', 'whether', 'strong.', 'experts', 'discuss', 'ongoing', 'developments', 'education.']",REAL
F056,Celebrity Scandal Confirmed by Sources,"['authority', 'high', 'involve', 'friend', 'sit', 'surface.', 'trip', 'attention', 'physical', 'police', 'sort', 'staff', 'remain.', '—', 'shocking', 'claims', 'celebrity', 'scandal', 'surface', 'internet.']",FAKE
R043,New Report on Policy,"['heart', 'nature', 'available', 'national', 'hundred.', 'chance', 'including', 'three', 'risk.', 'responsibility', 'school', 'even', 'society', 'note.', 'age', 'kitchen', 'institution', 'feel.', 'experts', 'discuss', 'ongoing', 'developments', 'policy.']",REAL
R145,New Report on Economic Growth,"['letter', 'fact.', 'hundred', 'attention', 'catch', 'unit', 'movie', 'performance', 'president.', 'hand', 'future', 'left.', 'experts', 'discuss', 'ongoing', 'developments', 'economic', 'growth.']",REAL
F200,Secret Cure Confirmed by Sources,"['specific', 'two', 'sport', 'budget', 'suggest', 'serious.', 'business', 'blood', 'paper', 'available.', '—', 'shocking', 'claims', 'secret', 'cure', 'surface', 'internet.']",FAKE
F034,Celebrity Scandal Confirmed by Sources,"['quite', 'consider', 'improve', 'standard.', 'use', 'economic', 'policy', 'small.', '—', 'shocking', 'claims', 'celebrity', 'scandal', 'surface', 'internet.']",FAKE
F149,Secret Cure Confirmed by Sources,"['heavy', 'wife', 'moment', 'among', 'central.', 'conference', 'approach', 'employee', 'movie', 'guess', 'get', 'serve.', '—', 'shocking', 'claims', 'secret', 'cure', 'surface', 'internet.']",FAKE
F051,Secret Cure Confirmed by Sources,"['government', 'budget', 'seat', 'west', 'doctor', 'congress.', 'article', 'help', 'officer', 'might.', '—', 'shocking', 'claims', 'secret', 'cure', 'surface', 'internet.']",FAKE
F089,Flat Earth Confirmed by Sources,"['sport', 'indeed', 'paper', 'pm', 'low', 'collection', 'letter.', 'former', 'firm', 'stand', 'cause', 'staff', 'behavior', 'everything', 'technology.', 'instead', 'state', 'term', 'reflect', 'include', 'and.', 'heart', 'character', 'suffer', 'guy', 'debate.', '—', 'shocking', 'claims', 'flat', 'earth', 'surface', 'internet.']",FAKE
F135,Flat Earth Confirmed by Sources,"['drive', 'human', 'air', 'citizen', 'study.', 'become', 'detail', 'west', 'ground', 'list', 'ten.', 'available', 'product', 'force', 'direction', 'fine', 'thought', 'anyone.', 'significant', 'seat', 'within', 'rich.', '—', 'shocking', 'claims', 'flat', 'earth', 'surface', 'internet.']",FAKE
F088,Government Cover-Up Confirmed by Sources,"['bad', 'book', 'dinner', 'relationship', 'learn.', 'dog', 'product', 'positive.', '—', 'shocking', 'claims', 'government', 'cover-up', 'surface', 'internet.']",FAKE
R010,New Report on Election,"['light', 'goal', 'join', 'project', 'agreement', 'vote.', 'bad', 'suffer.', 'cultural', 'full.', 'experts', 'discuss', 'ongoing', 'developments', 'election.']",REAL
R211,New Report on Policy,"['deep', 'organization', 'hold.', 'boy', 'attorney', 'past', 'probably', 'trial.', 'experts', 'discuss', 'ongoing', 'developments', 'policy.']",REAL
F204,Miracle Drug Confirmed by Sources,"['heart', 'big', 'admit', 'significant', 'hot', 'happy', 'every.', 'significant', 'production', 'country', 'education', 'event', 'treat.', 'country', 'fall', 'seat', 'fund', 'realize.', '—', 'shocking', 'claims', 'miracle', 'drug', 'surface', 'internet.']",FAKE
F168,Miracle Drug Confirmed by Sources,"['cut', 'doctor.', 'marriage', 'national', 'reach', 'policy', 'late', 'machine.', 'question', 'long', 'result', 'instead', 'help.', '—', 'shocking', 'claims', 'miracle', 'drug', 'surface', 'internet.']",FAKE
R011,New Report on Public Health,"['short', 'almost', 'performance', 'attention.', 'opportunity', 'happy', 'foreign', 'avoid', 'national', 'development', 'exist', 'clear.', 'evidence', 'race', 'remember', 'commercial', 'impact.', 'experts', 'discuss', 'ongoing', 'developments', 'public', 'health.']",REAL
R232,New Report on Climate Change,"['knowledge', 'almost', 'stop', 'technology', 'debate.', 'hand', 'place', 'way', 'age.', 'send', 'investment', 'every', 'early', 'amount', 'sound.', 'experts', 'discuss', 'ongoing', 'developments', 'climate', 'change.']",REAL
R042,New Report on Public Health,"['policy', 'member', 'finish.', 'stock', 'film', 'remain', 'create.', 'main', 'newspaper', 'space.', 'experts', 'discuss', 'ongoing', 'developments', 'public', 'health.']",REAL
F182,Hoax Confirmed by Sources,"['grow', 'reflect', 'attorney', 'much', 'mention', 'third', 'camera', 'question.', 'authority', 'someone', 'party', 'analysis', 'health.', '—', 'shocking', 'claims', 'hoax', 'surface', 'internet.']",FAKE
F036,Miracle Drug Confirmed by Sources,"['perhaps', 'ground', 'beat', 'join', 'doctor', 'detail', 'way.', 'visit', 'son', 'people', 'expert', 'open.', '—', 'shocking', 'claims', 'miracle', 'drug', 'surface', 'internet.']",FAKE
F068,Secret Cure Confirmed by Sources,"['save', 'end', 'marriage', 'quality', 'great.', 'part', 'training', 'maybe', 'decision', 'far', 'base', 'worry.', '—', 'shocking', 'claims', 'secret', 'cure', 'surface', 'internet.']",FAKE
R015,New Report on Election,"['congress', 'chance', 'whose', 'oil.', 'painting', 'concern', 'little', 'reduce', 'bring', 'include', 'oil.', 'leader', 'people', 'season', 'star', 'daughter', 'attention', 'fast.', 'experts', 'discuss', 'ongoing', 'developments', 'election.']",REAL
R147,New Report on Climate Change,"['space', 'individual', 'product', 'performance', 'financial.', 'tree', 'event', 'receive', 'school.', 'experts', 'discuss', 'ongoing', 'developments', 'climate', 'change.']",REAL
F198,Government Cover-Up Confirmed by Sources,"['charge', 'decade', 'government.', 'past.', '—', 'shocking', 'claims', 'government', 'cover-up', 'surface', 'internet.']",FAKE
R081,New Report on Climate Change,"['mrs', 'item', 'table', 'authority', 'enter', 'space', 'machine.', 'experts', 'discuss', 'ongoing', 'developments', 'climate', 'change.']",REAL
F050,Aliens Confirmed by Sources,"['information', 'walk', 'hour', 'begin', 'card', 'goal.', 'try', 'democrat', 'dinner', 'read', 'national', 'religious.', 'mrs', 'resource', 'safe', 'save.', 'impact', 'understand', 'happy', 'detail', 'new.', '—', 'shocking', 'claims', 'aliens', 'surface', 'internet.']",FAKE
F162,Celebrity Scandal Confirmed by Sources,"['soldier', 'usually', 'these.', 'difference', 'base', 'stand.', '—', 'shocking', 'claims', 'celebrity', 'scandal', 'surface', 'internet.']",FAKE
R028,New Report on Technology Breakthrough,"['magazine', 'table', 'thus', 'campaign', 'suggest', 'professor', 'those.', 'look', 'phone', 'order', 'kind', 'picture', 'life.', 'although', 'human', 'commercial', 'these.', 'house', 'deep', 'toward', 'white', 'worry', 'real', 'in.', 'experts', 'discuss', 'ongoing', 'developments', 'technology', 'breakthrough.']",REAL
R195,New Report on Budget Report,"['without', 'ten', 'pick', 'total.', 'pick', 'seven', 'find', 'support', 'every', 'set.', 'experts', 'discuss', 'ongoing', 'developments', 'budget', 'report.']",REAL
F116,Aliens Confirmed by Sources,"['scientist', 'wonder', 'seven', 'recent', 'best', 'poor.', 'easy', 'discuss', 'world', 'summer', 'decade', 'dinner.', 'sing', 'pretty', 'collection', 'science.', '—', 'shocking', 'claims', 'aliens', 'surface', 'internet.']",FAKE
R018,New Report on Research,"['collection', 'might', 'race', 'guess', 'medical.', 'option', 'network', 'clearly', 'threat', 'ask', 'state', 'box', 'enough.', 'experts', 'discuss', 'ongoing', 'developments', 'research.']",REAL
F073,Immortal Jellyfish Confirmed by Sources,"['pull', 'good', 'east', 'food.', 'every', 'effect', 'pm', 'personal.', '—', 'shocking', 'claims', 'immortal', 'jellyfish', 'surface', 'internet.']",FAKE
F059,Miracle Drug Confirmed by Sources,"['offer', 'wife', 'control', 'occur', 'television', 'political', 'executive.', 'option', 'experience', 'beautiful', 'across', 'speak.', 'performance', 'rest', 'dark', 'guy', 'it.', 'daughter', 'avoid', 'different', 'half', 'animal', 'yard', 'himself.', '—', 'shocking', 'claims', 'miracle', 'drug', 'surface', 'internet.']",FAKE
R078,New Report on Budget Report,"['item', 'else', 'court', 'hard', 'industry', 'growth.', 'send', 'ready', 'also', 'since', 'painting.', 'experts', 'discuss', 'ongoing', 'developments', 'budget', 'report.']",REAL
F216,Secret Cure Confirmed by Sources,"['music', 'relate', 'money', 'eight.', 'light', 'many', 'bag', 'start', 'major.', '—', 'shocking', 'claims', 'secret', 'cure', 'surface', 'internet.']",FAKE
F206,Celebrity Scandal Confirmed by Sources,"['attention', 'certain', 'stock.', 'popular', 'president', 'deep', 'open', 'particularly', 'section.', '—', 'shocking', 'claims', 'celebrity', 'scandal', 'surface', 'internet.']",FAKE
R036,New Report on Research,"['real', 'policy', 'head.', 'experts', 'discuss', 'ongoing', 'developments', 'research.']",REAL
F104,Aliens Confirmed by Sources,"['provide', 'eye', 'think', 'woman.', '—', 'shocking', 'claims', 'aliens', 'surface', 'internet.']",FAKE
F000,Hoax Confirmed by Sources,"['senior', 'language', 'understand.', 'happen', 'table', 'give.', 'already', 'since', 'word', 'help', 'bank.', '—', 'shocking', 'claims', 'hoax', 'surface', 'internet.']",FAKE
R136,New Report on Education,"['reveal', 'position', 'everybody.', 'little', 'camera', 'voice', 'prevent', 'civil', 'pass.', 'sister', 'method', 'woman.', 'experts', 'discuss', 'ongoing', 'developments', 'education.']",REAL
F019,Immortal Jellyfish Confirmed by Sources,"['field', 'authority', 'national', 'just.', 'include', 'cut', 'sister', 'like', 'room.', '—', 'shocking', 'claims', 'immortal', 'jellyfish', 'surface', 'internet.']",FAKE
R012,New Report on Technology Breakthrough,"['officer', 'election', 'adult', 'tough.', 'lead', 'significant', 'employee', 'receive', 'admit.', 'experts', 'discuss', 'ongoing', 'developments', 'technology', 'breakthrough.']",REAL
R052,New Report on Education,"['within', 'new', 'address', 'add', 'environment', 'cell.', 'talk', 'second', 'worry.', 'ok', 'far', 'number', 'month', 'add', 'administration.', 'experts', 'discuss', 'ongoing', 'developments', 'education.']",REAL
R123,New Report on Climate Change,"['identify', 'word', 'life', 'among', 'key.', 'especially', 'indicate', 'individual', 'sure', 'so.', 'cup', 'two', 'final', 'green', 'treat', 'site.', 'experts', 'discuss', 'ongoing', 'developments', 'climate', 'change.']",REAL
F040,Government Cover-Up Confirmed by Sources,"['finally', 'campaign', 'become', 'read', 'young', 'nothing.', '—', 'shocking', 'claims', 'government', 'cover-up', 'surface', 'internet.']",FAKE
R160,New Report on Climate Change,"['concern', 'perform', 'similar', 'policy', 'two.', 'house', 'stop', 'firm', 'recent', 'among.', 'though', 'suggest', 'task', 'recently', 'half.', 'experts', 'discuss', 'ongoing', 'developments', 'climate', 'change.']",REAL
F067,Immortal Jellyfish Confirmed by Sources,"['born', 'great', 'century', 'animal', 'much', 'effect.', 'worker', 'enjoy', 'either', 'hear', 'mr', 'happen', 'respond.', 'effort', 'population', 'account.', '—', 'shocking', 'claims', 'immortal', 'jellyfish', 'surface', 'internet.']",FAKE
R069,New Report on Research,"['apply', 'worker', 'hair', 'though', 'hear', 'forget', 'stock', 'help.', 'important', 'matter', 'work', 'nation', 'history', 'kitchen.', 'involve', 'professor', 'service', 'reality.', 'experts', 'discuss', 'ongoing', 'developments', 'research.']",REAL
F160,Mind Control Confirmed by Sources,"['article', 'case', 'type', 'senior', 'single', 'bit.', 'check', 'wish', 'result', 'subject', 'rock', 'can.', 'almost', 'position', 'high.', '—', 'shocking', 'claims', 'mind', 'control', 'surface', 'internet.']",FAKE
F053,Hoax Confirmed by Sources,"['catch', 'choice', 'matter.', 'world', 'network', 'kind.', '—', 'shocking', 'claims', 'hoax', 'surface', 'internet.']",FAKE
R074,New Report on Education,"['thus', 'rather', 'style', 'present.', 'whatever', 'organization', 'choose.', 'young', 'bring', 'friend', 'must.', 'experts', 'discuss', 'ongoing', 'developments', 'education.']",REAL
R007,New Report on Election,"['according', 'certain', 'bring', 'require', 'lay.', 'focus', 'trial', 'tough', 'decide.', 'truth', 'stand', 'probably', 'step', 'alone', 'operation.', 'experts', 'discuss', 'ongoing', 'developments', 'election.']",REAL
R119,New Report on Climate Change,"['space', 'traditional', 'entire', 'development', 'matter.', 'experts', 'discuss', 'ongoing', 'developments', 'climate', 'change.']",REAL
R087,New Report on Budget Report,"['big', 'lead', 'five', 'perform.', 'effect', 'authority', 'heart.', 'experts', 'discuss', 'ongoing', 'developments', 'budget', 'report.']",REAL
F145,Miracle Drug Confirmed by Sources,"['green', 'computer', 'strategy', 'increase', 'continue', 'few.', 'organization', 'tree', 'others.', '—', 'shocking', 'claims', 'miracle', 'drug', 'surface', 'internet.']",FAKE
R065,New Report on Budget Report,"['bag', 'open', 'garden.', 'throughout', 'man', 'street', 'human.', 'sure', 'amount', 'still.', 'experts', 'discuss', 'ongoing', 'developments', 'budget', 'report.']",REAL
R208,New Report on Budget Report,"['finally', 'build', 'art', 'never', 'manage', 'field.', 'green', 'quality', 'response', 'time', 'debate.', 'key', 'partner', 'system', 'attack', 'difference.', 'experts', 'discuss', 'ongoing', 'developments', 'budget', 'report.']",REAL
R048,New Report on Budget Report,"['business', 'skin', 'view', 'stop', 'usually.', 'push', 'listen', 'small.', 'experts', 'discuss', 'ongoing', 'developments', 'budget', 'report.']",REAL
F076,Aliens Confirmed by Sources,"['pretty', 'individual', 'section', 'song', 'professor', 'ready', 'step', 'another.', 'surface', 'physical', 'ok', 'section', 'meeting', 'everything', 'pull.', '—', 'shocking', 'claims', 'aliens', 'surface', 'internet.']",FAKE
R019,New Report on Policy,"['degree', 'gas', 'church', 'really.', 'stand', 'happen', 'support', 'our.', 'experts', 'discuss', 'ongoing', 'developments', 'policy.']",REAL
F115,Immortal Jellyfish Confirmed by Sources,"['resource', 'interest.', 'necessary', 'big', 'fear.', 'attention', 'choose', 'work', 'around', 'future', 'environment', 'let.', 'sort', 'like', 'threat', 'level', 'star', 'close.', '—', 'shocking', 'claims', 'immortal', 'jellyfish', 'surface', 'internet.']",FAKE
R031,New Report on Education,"['save', 'meeting', 'nothing', 'arrive.', 'watch', 'key', 'democrat', 'common', 'step.', 'two', 'admit', 'woman', 'hundred.', 'experts', 'discuss', 'ongoing', 'developments', 'education.']",REAL
R190,New Report on Research,"['eye', 'ground', 'control', 'develop', 'agent.', 'industry', 'meeting', 'nearly', 'save', 'away.', 'left', 'figure', 'ahead', 'behavior.', 'experts', 'discuss', 'ongoing', 'developments', 'research.']",REAL
F057,Mind Control Confirmed by Sources,"['usually', 'represent', 'cell', 'another', 'data.', 'sister', 'idea', 'treatment', 'else', 'whether', 'far.', '—', 'shocking', 'claims', 'mind', 'control', 'surface', 'internet.']",FAKE
F158,Immortal Jellyfish Confirmed by Sources,"['kid', 'series', 'start', 'past', 'million', 'range.', 'pull', 'happen', 'republican', 'group', 'bar', 'every.', 'visit', 'evening', 'find', 'speak.', '—', 'shocking', 'claims', 'immortal', 'jellyfish', 'surface', 'internet.']",FAKE
F234,Flat Earth Confirmed by Sources,"['approach', 'generation', 'happy', 'return', 'hold.', 'government', 'majority', 'southern', 'level', 'exist.', '—', 'shocking', 'claims', 'flat', 'earth', 'surface', 'internet.']",FAKE
F155,Flat Earth Confirmed by Sources,"['protect', 'style', 'crime', 'cut.', 'hour', 'sound', 'however', 'film', 'detail', 'effort', 'pay.', '—', 'shocking', 'claims', 'flat', 'earth', 'surface', 'internet.']",FAKE
F106,Flat Earth Confirmed by Sources,"['relate', 'second', 'call', 'night', 'interesting', 'continue', 'especially', 'true.', 'cup', 'instead', 'probably', 'less', 'according.', 'federal', 'help', 'take', 'where.', '—', 'shocking', 'claims', 'flat', 'earth', 'surface', 'internet.']",FAKE
R051,New Report on Policy,"['serious', 'risk', 'prevent', 'become.', 'huge', 'nearly', 'establish.', 'need', 'safe', 'art.', 'experts', 'discuss', 'ongoing', 'developments', 'policy.']",REAL
R203,New Report on Education,"['public', 'financial', 'assume', 'others', 'risk', 'strong', 'science.', 'pressure', 'agree', 'number', 'popular.', 'serious', 'environment', 'test', 'whether.', 'experts', 'discuss', 'ongoing', 'developments', 'education.']",REAL
F063,Secret Cure Confirmed by Sources,"['office', 'kind', 'evening.', 'student', 'society', 'sense.', '—', 'shocking', 'claims', 'secret', 'cure', 'surface', 'internet.']",FAKE
R080,New Report on Policy,"['service', 'piece', 'society', 'event', 'service', 'manager.', 'center', 'tough', 'mrs', 'himself.', 'hold', 'wonder', 'plan', 'weight', 'care.', 'experts', 'discuss', 'ongoing', 'developments', 'policy.']",REAL
R226,New Report on Public Health,"['current', 'matter', 'figure', 'open', 'mother.', 'room', 'parent.', 'experts', 'discuss', 'ongoing', 'developments', 'public', 'health.']",REAL
F144,Hoax Confirmed by Sources,"['tree', 'wife', 'read', 'heavy.', 'read', 'protect', 'decision', 'right', 'help.', '—', 'shocking', 'claims', 'hoax', 'surface', 'internet.']",FAKE
F241,Flat Earth Confirmed by Sources,"['nature', 'know', 'impact', 'themselves.', '—', 'shocking', 'claims', 'flat', 'earth', 'surface', 'internet.']",FAKE
R150,New Report on Election,"['someone', 'number', 'couple', 'sea', 'whole', 'place.', 'experts', 'discuss', 'ongoing', 'developments', 'election.']",REAL
R153,New Report on Research,"['receive', 'professor', 'money', 'cause', 'worry', 'need.', 'show', 'gas', 'police.', 'operation', 'indeed', 'professor', 'cover', 'determine', 'ball.', 'experts', 'discuss', 'ongoing', 'developments', 'research.']",REAL
F175,Hoax Confirmed by Sources,"['prepare', 'market', 'population.', 'born', 'market', 'evening', 'tell', 'show', 'someone', 'popular.', '—', 'shocking', 'claims', 'hoax', 'surface', 'internet.']",FAKE
F161,Immortal Jellyfish Confirmed by Sources,"['relationship', 'late', 'high.', 'reflect', 'box', 'threat', 'effect', 'exactly', 'including', 'view.', '—', 'shocking', 'claims', 'immortal', 'jellyfish', 'surface', 'internet.']",FAKE
F147,Secret Cure Confirmed by Sources,"['responsibility', 'including', 'rich', 'leader', 'step.', 'mouth', 'born', 'little', 'walk', 'anything.', 'former', 'air', 'away', 'news', 'none', 'his.', '—', 'shocking', 'claims', 'secret', 'cure', 'surface', 'internet.']",FAKE
F018,Secret Cure Confirmed by Sources,"['soldier', 'energy', 'help', 'sure', 'enough', 'defense.', 'central', 'military', 'class', 'scene', 'next.', '—', 'shocking', 'claims', 'secret', 'cure', 'surface', 'internet.']",FAKE
F211,Celebrity Scandal Confirmed by Sources,"['wish', 'democratic', 'response.', 'simple', 'including', 'day', 'likely.', '—', 'shocking', 'claims', 'celebrity', 'scandal', 'surface', 'internet.']",FAKE
R117,New Report on Research,"['factor', 'government', 'hundred', 'want.', 'save', 'home', 'quite', 'modern', 'office', 'consider', 'whom.', 'experts', 'discuss', 'ongoing', 'developments', 'research.']",REAL
F016,Aliens Confirmed by Sources,"['market', 'full', 'cell', 'cup', 'possible', 'author.', 'six', 'agree', 'growth', 'design', 'option', 'girl.', 'sell', 'section', 'difference', 'collection', 'lawyer', 'time.', '—', 'shocking', 'claims', 'aliens', 'surface', 'internet.']",FAKE
F029,Flat Earth Confirmed by Sources,"['gun', 'speech', 'cover', 'entire', 'force.', 'high', 'collection', 'fly', 'lot.', '—', 'shocking', 'claims', 'flat', 'earth', 'surface', 'internet.']",FAKE
F205,Celebrity Scandal Confirmed by Sources,"['consumer', 'medical', 'kid', 'toward.', '—', 'shocking', 'claims', 'celebrity', 'scandal', 'surface', 'internet.']",FAKE
R112,New Report on Economic Growth,"['business', 'season', 'present', 'international', 'low', 'nation.', 'energy', 'analysis', 'call', 'miss.', 'experts', 'discuss', 'ongoing', 'developments', 'economic', 'growth.']",REAL
F218,Government Cover-Up Confirmed by Sources,"['art', 'even', 'health.', '—', 'shocking', 'claims', 'government', 'cover-up', 'surface', 'internet.']",FAKE
R187,New Report on Education,"['meeting', 'protect', 'media', 'sort', 'teacher', 'network', 'catch.', 'lose', 'field', 'drop', 'cold', 'care', 'would.', 'left', 'rule', 'dream', 'report.', 'experts', 'discuss', 'ongoing', 'developments', 'education.']",REAL
F087,Celebrity Scandal Confirmed by Sources,"['guy', 'ask', 'past', 'rule', 'play', 'position.', 'focus', 'south', 'happen.', '—', 'shocking', 'claims', 'celebrity', 'scandal', 'surface', 'internet.']",FAKE
R171,New Report on Education,"['draw', 'exactly', 'treat', 'woman', 'dream', 'probably', 'girl.', 'hot', 'form', 'page', 'item', 'local', 'admit', 'expect.', 'situation', 'series', 'game', 'article', 'fill.', 'experts', 'discuss', 'ongoing', 'developments', 'education.']",REAL
R113,New Report on Technology Breakthrough,"['program', 'meet', 'away', 'third', 'sea', 'shake', 'night.', 'piece', 'program', 'exactly', 'turn.', 'experts', 'discuss', 'ongoing', 'developments', 'technology', 'breakthrough.']",REAL
R222,New Report on Public Health,"['general', 'mouth', 'stuff', 'talk', 'author', 'town', 'mission.', 'expert', 'although', 'character', 'use', 'probably.', 'degree', 'day', 'people', 'property', 'budget', 'half', 'system', 'group.', 'person', 'lay', 'political', 'conference', 'listen.', 'experts', 'discuss', 'ongoing', 'developments', 'public', 'health.']",REAL
F233,Secret Cure Confirmed by Sources,"['teacher', 'letter', 'game.', 'discuss', 'drive', 'save', 'low.', 'go', 'economy', 'watch.', '—', 'shocking', 'claims', 'secret', 'cure', 'surface', 'internet.']",FAKE
R223,New Report on Climate Change,"['dog', 'author', 'believe', 'people', 'likely', 'deep.', 'big', 'better', 'policy', 'town.', 'feel', 'skill', 'issue', 'player', 'you.', 'material', 'social', 'produce', 'sign', 'degree.', 'experts', 'discuss', 'ongoing', 'developments', 'climate', 'change.']",REAL
F224,Secret Cure Confirmed by Sources,"['different', 'cell', 'four', 'natural', 'including', 'clear', 'traditional.', '—', 'shocking', 'claims', 'secret', 'cure', 'surface', 'internet.']",FAKE
R181,New Report on Climate Change,"['hard', 'option', 'decide', 'democratic', 'when.', 'human', 'push', 'provide', 'goal', 'toward', 'center', 'seat.', 'experts', 'discuss', 'ongoing', 'developments', 'climate', 'change.']",REAL
R056,New Report on Public Health,"['suffer', 'relate', 'resource', 'case', 'tonight', 'when.', 'single', 'green', 'police', 'tv.', 'experts', 'discuss', 'ongoing', 'developments', 'public', 'health.']",REAL
R110,New Report on Education,"['within', 'heart', 'sell', 'bed.', 'around', 'trouble', 'sound', 'life', 'security', 'since', 'near.', 'experts', 'discuss', 'ongoing', 'developments', 'education.']",REAL
R219,New Report on Education,"['mission', 'ago', 'quickly', 'american', 'program', 'think', 'baby.', 'popular', 'color', 'policy', 'approach.', 'experts', 'discuss', 'ongoing', 'developments', 'education.']",REAL
R224,New Report on Education,"['go', 'less', 'well.', 'far', 'base', 'must.', 'free', 'find', 'clearly', 'technology', 'true.', 'experts', 'discuss', 'ongoing', 'developments', 'education.']",REAL
F178,Immortal Jellyfish Confirmed by Sources,"['politics', 'read', 'shake', 'know', 'late.', 'avoid', 'particular', 'certain', 'tonight.', '—', 'shocking', 'claims', 'immortal', 'jellyfish', 'surface', 'internet.']",FAKE
F074,Secret Cure Confirmed by Sources,"['continue', 'energy', 'adult', 'certain', 'next.', 'occur', 'owner', 'team', 'simple', 'newspaper', 'view.', 'produce', 'age', 'form', 'product', 'head', 'certainly', 'fund.', 'stand', 'note', 'safe.', '—', 'shocking', 'claims', 'secret', 'cure', 'surface', 'internet.']",FAKE
R034,New Report on Budget Report,"['away', 'issue', 'discussion', 'majority', 'can.', 'century', 'identify', 'red', 'attention.', 'experts', 'discuss', 'ongoing', 'developments', 'budget', 'report.']",REAL
R095,New Report on Policy,"['size', 'account', 'though', 'popular.', 'experience', 'local', 'bad.', 'experts', 'discuss', 'ongoing', 'developments', 'policy.']",REAL
F011,Aliens Confirmed by Sources,"['resource', 'evening', 'effort', 'i.', 'eight', 'assume', 'begin', 'another', 'beyond', 'what.', 'across', 'north', 'themselves.', 'difference', 'fly', 'voice', 'nothing', 'cut.', '—', 'shocking', 'claims', 'aliens', 'surface', 'internet.']",FAKE
R162,New Report on Policy,"['remember', 'gas', 'apply', 'occur', 'note', 'own.', 'truth', 'campaign', 'yes', 'project', 'test.', 'party', 'require', 'water', 'challenge', 'work.', 'behind', 'choose', 'artist', 'production.', 'experts', 'discuss', 'ongoing', 'developments', 'policy.']",REAL
R218,New Report on Election,"['last', 'subject', 'best', 'watch', 'government.', 'experts', 'discuss', 'ongoing', 'developments', 'election.']",REAL
F136,Miracle Drug Confirmed by Sources,"['right', 'author', 'tell', 'measure.', 'entire', 'police', 'blue', 'spend.', '—', 'shocking', 'claims', 'miracle', 'drug', 'surface', 'internet.']",FAKE
R108,New Report on Economic Growth,"['go', 'attorney', 'end', 'really', 'field', 'hit.', 'experts', 'discuss', 'ongoing', 'developments', 'economic', 'growth.']",REAL
R186,New Report on Research,"['foot', 'sea', 'need.', 'worker', 'pattern', 'much', 'left.', 'compare', 'affect', 'politics', 'course', 'good', 'huge.', 'experts', 'discuss', 'ongoing', 'developments', 'research.']",REAL
R248,New Report on Technology Breakthrough,"['collection', 'stuff', 'century', 'here.', 'lead', 'season', 'stay', 'section', 'near.', 'allow', 'cover', 'appear.', 'experts', 'discuss', 'ongoing', 'developments', 'technology', 'breakthrough.']",REAL
F045,Immortal Jellyfish Confirmed by Sources,"['memory', 'one', 'especially', 'night', 'economic.', 'something', 'join', 'morning', 'heavy.', 'stock', 'major', 'dinner', 'perform', 'become', 'water.', '—', 'shocking', 'claims', 'immortal', 'jellyfish', 'surface', 'internet.']",FAKE
F092,Secret Cure Confirmed by Sources,"['produce', 'southern', 'hour', 'simply.', 'visit', 'magazine', 'actually', 'nearly', 'cup', 'discussion.', '—', 'shocking', 'claims', 'secret', 'cure', 'surface', 'internet.']",FAKE
R100,New Report on Technology Breakthrough,"['people', 'record', 'white', 'development', 'tonight', 'present', 'particular.', 'gun', 'already', 'pull', 'law', 'see', 'fear', 'suggest', 'future.', 'experts', 'discuss', 'ongoing', 'developments', 'technology', 'breakthrough.']",REAL
F075,Miracle Drug Confirmed by Sources,"['marriage', 'book', 'must', 'anything', 'speak', 'network', 'expect.', 'fine', 'share', 'wonder', 'available', 'other.', '—', 'shocking', 'claims', 'miracle', 'drug', 'surface', 'internet.']",FAKE
R059,New Report on Technology Breakthrough,"['first', 'must', 'keep', 'discuss', 'everybody.', 'artist', 'pressure', 'phone', 'start.', 'reveal', 'run', 'public', 'trade.', 'experts', 'discuss', 'ongoing', 'developments', 'technology', 'breakthrough.']",REAL
F213,Hoax Confirmed by Sources,"['surface', 'create', 'wish', 'draw.', 'involve', 'brother', 'family', 'letter', 'able', 'week.', '—', 'shocking', 'claims', 'hoax', 'surface', 'internet.']",FAKE
R233,New Report on Education,"['difference', 'media', 'tough', 'walk.', 'accept', 'whatever', 'option', 'question', 'push', 'become.', 'experts', 'discuss', 'ongoing', 'developments', 'education.']",REAL
F072,Mind Control Confirmed by Sources,"['raise', 'society', 'rock', 'stay', 'story', 'result', 'light.', 'focus', 'lead', 'bar', 'player', 'detail.', '—', 'shocking', 'claims', 'mind', 'control', 'surface', 'internet.']",FAKE
R184,New Report on Budget Report,"['concern', 'buy', 'car', 'black', 'list', 'share', 'like.', 'remember', 'miss', 'technology', 'discussion', 'fear.', 'experts', 'discuss', 'ongoing', 'developments', 'budget', 'report.']",REAL
F134,Secret Cure Confirmed by Sources,"['economic', 'fine', 'six', 'require', 'cultural.', 'center', 'quality', 'back', 'play', 'mean', 'notice.', '—', 'shocking', 'claims', 'secret', 'cure', 'surface', 'internet.']",FAKE
R096,New Report on Research,"['physical', 'mr', 'offer', 'detail', 'senior', 'response.', 'somebody', 'trial', 'dark', 'describe', 'hundred', 'new.', 'form', 'senior', 'well', 'degree', 'evening.', 'experts', 'discuss', 'ongoing', 'developments', 'research.']",REAL
R020,New Report on Policy,"['six', 'financial', 'explain', 'democrat', 'congress.', 'class', 'born', 'exist.', 'experts', 'discuss', 'ongoing', 'developments', 'policy.']",REAL
R067,New Report on Policy,"['voice', 'enjoy', 'win', 'pressure', 'success', 'reduce', 'direction', 'also.', 'arm', 'suddenly', 'issue', 'seek', 'food.', 'believe', 'professor', 'eye', 'phone', 'strategy', 'particularly', 'his.', 'experts', 'discuss', 'ongoing', 'developments', 'policy.']",REAL
R215,New Report on Education,"['theory', 'eat', 'school', 'attack.', 'add', 'think', 'land', 'kitchen', 'mrs.', 'experts', 'discuss', 'ongoing', 'developments', 'education.']",REAL
R127,New Report on Policy,"['policy', 'contain', 'black', 'far.', 'campaign', 'far', 'speech', 'contain.', 'everything', 'share', 'class', 'individual.', 'experts', 'discuss', 'ongoing', 'developments', 'policy.']",REAL
R235,New Report on Technology Breakthrough,"['town', 'service', 'perhaps', 'rock', 'ahead', 'pay.', 'sense', 'population', 'receive', 'list', 'decision', 'tough.', 'experts', 'discuss', 'ongoing', 'developments', 'technology', 'breakthrough.']",REAL
R163,New Report on Climate Change,"['power', 'son', 'magazine', 'plant', 'entire.', 'significant', 'rule', 'admit', 'result', 'hear', 'season.', 'experts', 'discuss', 'ongoing', 'developments', 'climate', 'change.']",REAL
R002,New Report on Education,"['really', 'school', 'see', 'able', 'green.', 'gun', 'policy', 'discover', 'image.', 'door', 'finish', 'food', 'great.', 'physical', 'none', 'maintain', 'thank', 'perform.', 'experts', 'discuss', 'ongoing', 'developments', 'education.']",REAL
R021,New Report on Education,"['reveal', 'call', 'suddenly', 'religious', 'probably', 'enjoy', 'individual.', 'evening', 'heavy', 'technology', 'individual', 'cover.', 'experts', 'discuss', 'ongoing', 'developments', 'education.']",REAL
R013,New Report on Technology Breakthrough,"['although', 'hundred', 'long', 'simple', 'increase', 'agency', 'year.', 'head', 'sense', 'ask.', 'experts', 'discuss', 'ongoing', 'developments', 'technology', 'breakthrough.']",REAL
F195,Flat Earth Confirmed by Sources,"['investment', 'bed', 'mean', 'write.', 'long', 'military', 'crime', 'manage.', 'dog', 'course', 'four.', '—', 'shocking', 'claims', 'flat', 'earth', 'surface', 'internet.']",FAKE
R101,New Report on Research,"['factor', 'figure', 'behind', 'remember', 'loss.', 'end', 'animal', 'we.', 'pattern', 'bar', 'camera', 'special', 'identify.', 'experts', 'discuss', 'ongoing', 'developments', 'research.']",REAL
R055,New Report on Research,"['body', 'administration', 'deep', 'listen.', 'national', 'sense', 'successful', 'trip', 'natural.', 'experts', 'discuss', 'ongoing', 'developments', 'research.']",REAL
F190,Secret Cure Confirmed by Sources,"['science', 'environment', 'student', 'population', 'hope', 'range', 'nature.', '—', 'shocking', 'claims', 'secret', 'cure', 'surface', 'internet.']",FAKE
R004,New Report on Education,"['behind', 'standard', 'series', 'enjoy', 'heart', 'role.', 'loss', 'begin', 'ever', 'government', 'responsibility', 'painting', 'ground.', 'experts', 'discuss', 'ongoing', 'developments', 'education.']",REAL
F080,Celebrity Scandal Confirmed by Sources,"['vote', 'tree', 'along', 'political.', 'character', 'southern', 'apply', 'win.', 'national', 'staff', 'even', 'include', 'reach', 'local', 'range.', '—', 'shocking', 'claims', 'celebrity', 'scandal', 'surface', 'internet.']",FAKE
F049,Hoax Confirmed by Sources,"['left', 'one', 'student', 'one', 'maintain', 'us', 'smile.', '—', 'shocking', 'claims', 'hoax', 'surface', 'internet.']",FAKE
F184,Secret Cure Confirmed by Sources,"['every', 'condition', 'should.', 'quality', 'author', 'mouth', 'part', 'son.', '—', 'shocking', 'claims', 'secret', 'cure', 'surface', 'internet.']",FAKE
F030,Secret Cure Confirmed by Sources,"['responsibility', 'pick', 'force', 'note.', 'lawyer', 'page', 'certain', 'responsibility', 'education', 'rise.', '—', 'shocking', 'claims', 'secret', 'cure', 'surface', 'internet.']",FAKE
R213,New Report on Budget Report,"['rate', 'woman', 'professional', 'loss', 'station', 'difficult', 'give.', 'clear', 'possible', 'relationship', 'sell', 'none', 'eye', 'one', 'front.', 'whole', 'tend', 'fact', 'too.', 'experts', 'discuss', 'ongoing', 'developments', 'budget', 'report.']",REAL
F128,Immortal Jellyfish Confirmed by Sources,"['image', 'quickly', 'quality', 'design', 'moment.', 'way', 'room', 'listen', 'skill', 'card', 'miss', 'candidate.', '—', 'shocking', 'claims', 'immortal', 'jellyfish', 'surface', 'internet.']",FAKE
R231,New Report on Policy,"['yeah', 'third', 'control', 'happy', 'exactly', 'government.', 'experts', 'discuss', 'ongoing', 'developments', 'policy.']",REAL
R061,New Report on Technology Breakthrough,"['sound', 'wide', 'white', 'though', 'control', 'wait.', 'thought', 'body', 'billion', 'interview', 'enough', 'head.', 'experts', 'discuss', 'ongoing', 'developments', 'technology', 'breakthrough.']",REAL
R137,New Report on Education,"['draw', 'approach', 'look', 'cold', 'avoid.', 'late', 'significant.', 'experts', 'discuss', 'ongoing', 'developments', 'education.']",REAL
R185,New Report on Technology Breakthrough,"['growth', 'natural', 'white', 'project.', 'experts', 'discuss', 'ongoing', 'developments', 'technology', 'breakthrough.']",REAL
R204,New Report on Technology Breakthrough,"['term', 'hundred', 'total', 'upon.', 'many', 'business', 'inside', 'someone', 'reality', 'sell.', 'local', 'staff', 'four', 'fall', 'ask', 'despite.', 'experts', 'discuss', 'ongoing', 'developments', 'technology', 'breakthrough.']",REAL
F217,Immortal Jellyfish Confirmed by Sources,"['painting', 'box', 'history', 'trial', 'good', 'director', 'tend.', 'make', 'though', 'thought.', 'future', 'official', 'increase', 'rock.', '—', 'shocking', 'claims', 'immortal', 'jellyfish', 'surface', 'internet.']",FAKE
F176,Miracle Drug Confirmed by Sources,"['might', 'fact', 'type', 'series', 'chance', 'let.', 'traditional', 'bring', 'rate.', 'behavior', 'administration', 'federal', 'laugh', 'case.', '—', 'shocking', 'claims', 'miracle', 'drug', 'surface', 'internet.']",FAKE
R245,New Report on Technology Breakthrough,"['fill', 'program', 'knowledge', 'kind', 'memory.', 'thought', 'stay', 'ahead', 'yeah', 'how.', 'single', 'fast', 'these.', 'experts', 'discuss', 'ongoing', 'developments', 'technology', 'breakthrough.']",REAL
R104,New Report on Election,"['project', 'build', 'possible.', 'instead', 'career', 'sister', 'couple', 'mention', 'bank.', 'newspaper', 'movement', 'page', 'watch', 'hot', 'college.', 'protect', 'million', 'miss', 'cost', 'trade.', 'experts', 'discuss', 'ongoing', 'developments', 'election.']",REAL
F156,Flat Earth Confirmed by Sources,"['nice', 'oil', 'eight', 'pattern.', 'somebody', 'care', 'hold', 'laugh', 'right', 'team.', '—', 'shocking', 'claims', 'flat', 'earth', 'surface', 'internet.']",FAKE
R194,New Report on Election,"['western', 'laugh', 'enough', 'remain', 'sense', 'help.', 'experts', 'discuss', 'ongoing', 'developments', 'election.']",REAL
R161,New Report on Technology Breakthrough,"['upon', 'special', 'dream', 'fear', 'beautiful', 'gas', 'foreign.', 'religious', 'financial', 'institution', 'officer', 'crime', 'need', 'treat.', 'may', 'find', 'occur', 'wall', 'situation', 'sound.', 'sense', 'human', 'memory', 'generation', 'view.', 'experts', 'discuss', 'ongoing', 'developments', 'technology', 'breakthrough.']",REAL
F113,Immortal Jellyfish Confirmed by Sources,"['option', 'community', 'yet', 'writer', 'enter', 'government', 'budget', 'toward.', 'hard', 'cost', 'eat', 'begin', 'rest', 'environmental', 'see.', 'institution', 'actually', 'court', 'interview', 'hair', 'source.', '—', 'shocking', 'claims', 'immortal', 'jellyfish', 'surface', 'internet.']",FAKE
F150,Hoax Confirmed by Sources,"['music', 'develop', 'task', 'although', 'realize', 'necessary', 'job.', 'religious', 'enough', 'modern', 'situation.', '—', 'shocking', 'claims', 'hoax', 'surface', 'internet.']",FAKE
F047,Miracle Drug Confirmed by Sources,"['happen', 'necessary', 'easy.', 'admit', 'term', 'early', 'arrive', 'worry.', '—', 'shocking', 'claims', 'miracle', 'drug', 'surface', 'internet.']",FAKE
F008,Hoax Confirmed by Sources,"['suddenly', 'fast', 'total', 'know', 'understand', 'while.', 'forget', 'western', 'opportunity', 'particularly.', 'wonder', 'church', 'reduce', 'change.', '—', 'shocking', 'claims', 'hoax', 'surface', 'internet.']",FAKE
F229,Aliens Confirmed by Sources,"['product', 'stand', 'study', 'skill', 'arm.', 'news', 'ever', 'car', 'top', 'cost', 'stuff.', 'serious', 'network', 'dark', 'foreign', 'various.', 'road', 'quite', 'put.', '—', 'shocking', 'claims', 'aliens', 'surface', 'internet.']",FAKE
R001,New Report on Research,"['senior', 'history', 'major', 'defense', 'upon', 'task.', 'center', 'wife', 'social.', 'people', 'democrat', 'address.', 'experts', 'discuss', 'ongoing', 'developments', 'research.']",REAL
R241,New Report on Public Health,"['piece', 'tv', 'century', 'power', 'behavior', 'indicate.', 'specific', 'significant', 'son.', 'experts', 'discuss', 'ongoing', 'developments', 'public', 'health.']",REAL
R198,New Report on Climate Change,"['society', 'along', 'significant', 'city', 'reveal.', 'clear', 'tend', 'idea', 'international', 'prevent', 'attention.', 'experts', 'discuss', 'ongoing', 'developments', 'climate', 'change.']",REAL
R229,New Report on Research,"['side', 'believe', 'sea', 'boy', 'yes.', 'nice', 'past', 'girl', 'practice', 'religious', 'defense.', 'suggest', 'heavy', 'yet', 'hit.', 'experts', 'discuss', 'ongoing', 'developments', 'research.']",REAL
R205,New Report on Public Health,"['next', 'operation', 'form', 'present', 'feel.', 'thousand', 'indeed', 'attention', 'catch', 'feeling', 'mouth', 'later.', 'simple', 'notice', 'central', 'exactly', 'bank', 'lead.', 'experts', 'discuss', 'ongoing', 'developments', 'public', 'health.']",REAL
F123,Celebrity Scandal Confirmed by Sources,"['memory', 'energy', 'impact', 'minute', 'keep', 'guy.', 'focus', 'hour', 'soon', 'effort', 'must', 'direction.', 'couple', 'money', 'generation', 'room', 'station', 'magazine', 'admit.', 'machine', 'red', 'later.', '—', 'shocking', 'claims', 'celebrity', 'scandal', 'surface', 'internet.']",FAKE
F043,Celebrity Scandal Confirmed by Sources,"['item', 'force.', 'dinner', 'five', 'become', 'task', 'past', 'mean.', 'single', 'physical', 'share', 'next', 'serve.', '—', 'shocking', 'claims', 'celebrity', 'scandal', 'surface', 'internet.']",FAKE
F097,Celebrity Scandal Confirmed by Sources,"['seat', 'government', 'free.', 'physical', 'assume', 'college', 'feeling', 'line', 'i.', '—', 'shocking', 'claims', 'celebrity', 'scandal', 'surface', 'internet.']",FAKE
R014,New Report on Research,"['material', 'station', 'western', 'among', 'prove', 'defense', 'hot', 'involve.', 'experts', 'discuss', 'ongoing', 'developments', 'research.']",REAL
F005,Flat Earth Confirmed by Sources,"['choose', 'mr', 'improve', 'dinner', 'network', 'since', 'health.', 'clearly', 'free.', 'season', 'hit', 'news', 'leader', 'inside', 'perhaps.', '—', 'shocking', 'claims', 'flat', 'earth', 'surface', 'internet.']",FAKE
R234,New Report on Research,"['beat', 'fly', 'outside', 'board', 'run.', 'address', 'painting', 'behavior', 'wife', 'training', 'season.', 'experts', 'discuss', 'ongoing', 'developments', 'research.']",REAL
F143,Aliens Confirmed by Sources,"['field', 'south', 'decision.', 'everything', 'opportunity', 'gas', 'think.', 'push', 'part', 'reveal', 'goal', 'shoulder.', '—', 'shocking', 'claims', 'aliens', 'surface', 'internet.']",FAKE
R073,New Report on Economic Growth,"['story', 'source', 'little', 'major', 'want.', 'notice', 'thought', 'wall', 'art', 'oil.', 'simply', 'beat', 'government', 'throw', 'safe', 'nearly.', 'experts', 'discuss', 'ongoing', 'developments', 'economic', 'growth.']",REAL
R239,New Report on Education,"['run', 'everyone', 'kid', 'drive', 'notice', 'national.', 'nice', 'picture', 'tough', 'law', 'court.', 'give', 'film', 'road', 'look.', 'experts', 'discuss', 'ongoing', 'developments', 'education.']",REAL
F181,Aliens Confirmed by Sources,"['various', 'military', 'woman', 'tree.', 'ground', 'sort', 'none', 'party', 'onto.', 'activity', 'address', 'without', 'congress', 'use', 'night.', '—', 'shocking', 'claims', 'aliens', 'surface', 'internet.']",FAKE
R138,New Report on Election,"['chair', 'feeling', 'beautiful', 'little.', 'offer', 'offer', 'young', 'green.', 'cost', 'let', 'tonight', 'four', 'call', 'collection', 'position.', 'experts', 'discuss', 'ongoing', 'developments', 'election.']",REAL
R172,New Report on Economic Growth,"['role', 'production', 'fact', 'reality', 'range', 'visit', 'protect.', 'hospital', 'factor', 'magazine', 'pm', 'few.', 'middle', 'simple', 'hot', 'physical', 'main', 'strategy', 'light.', 'experts', 'discuss', 'ongoing', 'developments', 'economic', 'growth.']",REAL
R143,New Report on Policy,"['feel', 'every', 'political', 'history.', 'school', 'nature', 'continue.', 'experts', 'discuss', 'ongoing', 'developments', 'policy.']",REAL
F166,Mind Control Confirmed by Sources,"['oil', 'indeed', 'term', 'information', 'give', 'thousand.', 'activity', 'visit', 'still', 'card', 'two', 'cup', 'significant', 'information.', '—', 'shocking', 'claims', 'mind', 'control', 'surface', 'internet.']",FAKE
R003,New Report on Budget Report,"['always', 'authority', 'child.', 'design', 'focus', 'born.', 'nearly', 'provide', 'build', 'people.', 'environmental', 'financial', 'moment', 'more.', 'experts', 'discuss', 'ongoing', 'developments', 'budget', 'report.']",REAL
R167,New Report on Climate Change,"['paper', 'believe', 'statement', 'hundred', 'technology', 'window', 'organization.', 'surface', 'well', 'election', 'world.', 'scene', 'final', 'decide', 'thought.', 'experts', 'discuss', 'ongoing', 'developments', 'climate', 'change.']",REAL
R183,New Report on Climate Change,"['put', 'age', 'ability', 'child', 'cultural.', 'soldier', 'care', 'beautiful', 'argue', 'feeling', 'oil', 'across.', 'experts', 'discuss', 'ongoing', 'developments', 'climate', 'change.']",REAL
R238,New Report on Technology Breakthrough,"['image', 'health', 'federal', 'rate.', 'last', 'know', 'letter', 'democratic', 'above.', 'experts', 'discuss', 'ongoing', 'developments', 'technology', 'breakthrough.']",REAL
R041,New Report on Election,"['pressure', 'clearly', 'direction', 'young.', 'current', 'necessary', 'even', 'knowledge.', 'experts', 'discuss', 'ongoing', 'developments', 'election.']",REAL
F237,Government Cover-Up Confirmed by Sources,"['effect', 'teach', 'project', 'clear.', 'realize', 'white', 'beyond', 'good', 'doctor.', 'serious', 'become', 'window', 'represent.', 'matter', 'building', 'stop', 'change.', '—', 'shocking', 'claims', 'government', 'cover-up', 'surface', 'internet.']",FAKE
R086,New Report on Research,"['pressure', 'tax', 'candidate.', 'experts', 'discuss', 'ongoing', 'developments', 'research.']",REAL
R240,New Report on Policy,"['pay', 'long', 'suddenly', 'decide.', 'mean', 'suffer', 'business', 'window', 'along', 'produce', 'north.', 'experts', 'discuss', 'ongoing', 'developments', 'policy.']",REAL
R133,New Report on Public Health,"['point', 'yes', 'measure.', 'experts', 'discuss', 'ongoing', 'developments', 'public', 'health.']",REAL
F044,Hoax Confirmed by Sources,"['pass', 'brother', 'language', 'season', 'nothing', 'institution', 'structure.', 'fine', 'draw', 'idea', 'land', 'sound', 'argue', 'agent.', 'large', 'drug', 'material', 'provide.', '—', 'shocking', 'claims', 'hoax', 'surface', 'internet.']",FAKE
F125,Government Cover-Up Confirmed by Sources,"['follow', 'involve', 'use', 'wind', 'country', 'believe', 'few.', 'instead', 'able', 'wait', 'everybody.', 'task', 'summer', 'throughout', 'return', 'need.', '—', 'shocking', 'claims', 'government', 'cover-up', 'surface', 'internet.']",FAKE
F165,Secret Cure Confirmed by Sources,"['since', 'role', 'forward', 'raise.', 'player', 'set', 'management', 'difficult', 'program', 'team', 'change.', 'sport', 'trade', 'letter', 'heart', 'throughout.', '—', 'shocking', 'claims', 'secret', 'cure', 'surface', 'internet.']",FAKE
F137,Flat Earth Confirmed by Sources,"['life', 'rest', 'bank', 'pattern', 'far', 'easy.', 'road', 'forward', 'raise', 'middle', 'stock.', 'red', 'able', 'discuss.', '—', 'shocking', 'claims', 'flat', 'earth', 'surface', 'internet.']",FAKE
R088,New Report on Research,"['board', 'within.', 'worry', 'physical', 'nature.', 'experts', 'discuss', 'ongoing', 'developments', 'research.']",REAL
R169,New Report on Technology Breakthrough,"['action', 'pressure', 'water', 'thank', 'section.', 'name', 'analysis', 'finally', 'guy', 'relate', 'authority.', 'experts', 'discuss', 'ongoing', 'developments', 'technology', 'breakthrough.']",REAL
R193,New Report on Technology Breakthrough,"['floor', 'medical.', 'common', 'position', 'friend', 'unit', 'pretty', 'name.', 'listen', 'international', 'special', 'human.', 'experts', 'discuss', 'ongoing', 'developments', 'technology', 'breakthrough.']",REAL
F247,Mind Control Confirmed by Sources,"['notice', 'wife', 'agreement.', '—', 'shocking', 'claims', 'mind', 'control', 'surface', 'internet.']",FAKE
R179,New Report on Technology Breakthrough,"['produce', 'avoid', 'someone', 'onto.', 'agreement', 'home', 'role', 'issue.', 'experts', 'discuss', 'ongoing', 'developments', 'technology', 'breakthrough.']",REAL
F138,Immortal Jellyfish Confirmed by Sources,"['military', 'bar', 'manager', 'daughter', 'tend.', 'step', 'gun', 'option', 'night.', 'product', 'pattern', 'need', 'go.', '—', 'shocking', 'claims', 'immortal', 'jellyfish', 'surface', 'internet.']",FAKE
R017,New Report on Policy,"['third', 'region', 'mission', 'positive', 'piece', 'size.', 'experts', 'discuss', 'ongoing', 'developments', 'policy.']",REAL
F090,Mind Control Confirmed by Sources,"['adult', 'pass', 'radio', 'nothing.', 'manage', 'head', 'less', 'yes', 'opportunity', 'black', 'data.', '—', 'shocking', 'claims', 'mind', 'control', 'surface', 'internet.']",FAKE
F222,Mind Control Confirmed by Sources,"['agreement', 'summer', 'side.', 'thought', 'common', 'read', 'picture.', '—', 'shocking', 'claims', 'mind', 'control', 'surface', 'internet.']",FAKE
R114,New Report on Climate Change,"['seem', 'campaign', 'necessary', 'democratic', 'often', 'answer', 'shoulder.', 'citizen', 'police', 'continue', 'people', 'shoulder', 'eat', 'thing', 'have.', 'wonder', 'usually', 'hold', 'wonder', 'pattern', 'keep', 'happen.', 'experts', 'discuss', 'ongoing', 'developments', 'climate', 'change.']",REAL
F235,Celebrity Scandal Confirmed by Sources,"['instead', 'right', 'wait', 'likely', 'nearly', 'sense.', 'guess', 'society', 'easy', 'despite', 'world.', 'able', 'republican', 'office.', 'face', 'let', 'wide', 'begin', 'voice', 'dark', 'personal.', '—', 'shocking', 'claims', 'celebrity', 'scandal', 'surface', 'internet.']",FAKE
F185,Hoax Confirmed by Sources,"['participant', 'tend', 'budget', 'explain', 'daughter', 'surface.', '—', 'shocking', 'claims', 'hoax', 'surface', 'internet.']",FAKE
F221,Flat Earth Confirmed by Sources,"['plant', 'agree', 'somebody', 'already', 'full', 'off.', 'decade', 'hear', 'successful', 'son', 'perform', 'usually.', '—', 'shocking', 'claims', 'flat', 'earth', 'surface', 'internet.']",FAKE
F054,Secret Cure Confirmed by Sources,"['may', 'late', 'short.', 'impact', 'morning', 'one', 'every.', 'low', 'fly', 'senior', 'bad', 'eye', 'already', 'strategy.', '—', 'shocking', 'claims', 'secret', 'cure', 'surface', 'internet.']",FAKE
R000,New Report on Public Health,"['result', 'maybe', 'usually', 'program', 'body', 'military.', 'financial', 'leader', 'term.', 'western', 'drop', 'agreement', 'cup', 'local.', 'attack', 'gas', 'education', 'six', 'possible', 'treat', 'read.', 'experts', 'discuss', 'ongoing', 'developments', 'public', 'health.']",REAL
R178,New Report on Budget Report,"['catch', 'growth', 'visit', 'appear', 'leave.', 'everybody', 'standard', 'record', 'pattern', 'really', 'argue.', 'state', 'tv', 'future', 'second.', 'sell', 'seem', 'almost', 'option', 'oil.', 'experts', 'discuss', 'ongoing', 'developments', 'budget', 'report.']",REAL
F006,Hoax Confirmed by Sources,"['citizen', 'son', 'usually', 'arrive', 'environmental.', 'mrs', 'soon', 'small', 'bit.', '—', 'shocking', 'claims', 'hoax', 'surface', 'internet.']",FAKE
F174,Secret Cure Confirmed by Sources,"['operation', 'their.', 'little', 'clear', 'history', 'traditional.', '—', 'shocking', 'claims', 'secret', 'cure', 'surface', 'internet.']",FAKE
R009,New Report on Election,"['main', 'place', 'eye', 'magazine', 'never', 'huge', 'official.', 'lot', 'model', 'answer', 'maybe.', 'opportunity', 'want', 'become', 'life', 'main.', 'experts', 'discuss', 'ongoing', 'developments', 'election.']",REAL
R122,New Report on Economic Growth,"['manager', 'beat', 'story', 'no.', 'wind', 'performance', 'bring', 'whatever', 'part', 'military.', 'experts', 'discuss', 'ongoing', 'developments', 'economic', 'growth.']",REAL
F189,Immortal Jellyfish Confirmed by Sources,"['suggest', 'give', 'top', 'coach.', '—', 'shocking', 'claims', 'immortal', 'jellyfish', 'surface', 'internet.']",FAKE
R146,New Report on Technology Breakthrough,"['change', 'student', 'material', 'maybe', 'along.', 'experts', 'discuss', 'ongoing', 'developments', 'technology', 'breakthrough.']",REAL
R022,New Report on Climate Change,"['author', 'structure', 'result', 'occur', 'individual.', 'ball', 'method', 'throughout', 'congress.', 'experts', 'discuss', 'ongoing', 'developments', 'climate', 'change.']",REAL
F177,Aliens Confirmed by Sources,"['position', 'yet', 'beyond', 'agree', 'sport', 'economy.', 'table', 'president', 'quality', 'develop.', 'official', 'continue', 'religious', 'west', 'manage', 'money', 'study', 'early.', '—', 'shocking', 'claims', 'aliens', 'surface', 'internet.']",FAKE
F021,Secret Cure Confirmed by Sources,"['guess', 'decide', 'example', 'poor', 'much.', 'maybe', 'guess', 'bill.', 'trade', 'mind', 'less.', '—', 'shocking', 'claims', 'secret', 'cure', 'surface', 'internet.']",FAKE
R039,New Report on Economic Growth,"['return', 'big', 'century', 'mean.', 'seem', 'less', 'risk', 'class', 'somebody', 'dog.', 'goal', 'force', 'audience.', 'idea', 'design', 'special.', 'experts', 'discuss', 'ongoing', 'developments', 'economic', 'growth.']",REAL
F061,Miracle Drug Confirmed by Sources,"['small', 'certain', 'pressure', 'meeting.', 'system', 'writer', 'magazine.', '—', 'shocking', 'claims', 'miracle', 'drug', 'surface', 'internet.']",FAKE
R057,New Report on Technology Breakthrough,"['different', 'population', 'carry', 'level', 'rate.', 'theory', 'choice', 'sort', 'hope', 'carry.', 'lot', 'building', 'indeed', 'describe', 'film', 'meeting', 'general.', 'experts', 'discuss', 'ongoing', 'developments', 'technology', 'breakthrough.']",REAL
F154,Immortal Jellyfish Confirmed by Sources,"['personal', 'record', 'still', 'mean', 'for.', 'share', 'law', 'issue', 'believe', 'expert', 'western.', '—', 'shocking', 'claims', 'immortal', 'jellyfish', 'surface', 'internet.']",FAKE
F052,Mind Control Confirmed by Sources,"['show', 'condition', 'per', 'program.', 'possible', 'shoulder', 'power', 'mother', 'assume', 'air', 'if.', '—', 'shocking', 'claims', 'mind', 'control', 'surface', 'internet.']",FAKE
F124,Flat Earth Confirmed by Sources,"['house', 'two', 'skin', 'reflect.', 'end', 'wrong', 'unit', 'evidence', 'later.', '—', 'shocking', 'claims', 'flat', 'earth', 'surface', 'internet.']",FAKE
R071,New Report on Budget Report,"['art', 'science', 'participant', 'improve', 'threat.', 'experts', 'discuss', 'ongoing', 'developments', 'budget', 'report.']",REAL
R152,New Report on Budget Report,"['cell', 'long', 'claim.', 'area', 'couple', 'speak', 'form', 'charge', 'serve', 'debate.', 'experts', 'discuss', 'ongoing', 'developments', 'budget', 'report.']",REAL
F038,Mind Control Confirmed by Sources,"['interesting', 'across', 'without', 'including.', 'serve', 'last', 'movement', 'window.', '—', 'shocking', 'claims', 'mind', 'control', 'surface', 'internet.']",FAKE
F101,Immortal Jellyfish Confirmed by Sources,"['early', 'imagine', 'draw.', 'impact', 'fast', 'career', 'role.', '—', 'shocking', 'claims', 'immortal', 'jellyfish', 'surface', 'internet.']",FAKE
F203,Celebrity Scandal Confirmed by Sources,"['outside', 'civil', 'world', 'help', 'wait.', 'production', 'question', 'answer', 'build', 'investment.', '—', 'shocking', 'claims', 'celebrity', 'scandal', 'surface', 'internet.']",FAKE
F192,Government Cover-Up Confirmed by Sources,"['human', 'end', 'available', 'program.', 'kid', 'hard', 'soldier', 'economy.', 'buy', 'author', 'none', 'wonder', 'politics', 'upon.', '—', 'shocking', 'claims', 'government', 'cover-up', 'surface', 'internet.']",FAKE
R189,New Report on Climate Change,"['body', 'writer', 'kid', 'heart.', 'rather', 'turn', 'word.', 'prepare', 'baby', 'show', 'end', 'somebody.', 'experts', 'discuss', 'ongoing', 'developments', 'climate', 'change.']",REAL
R098,New Report on Election,"['half', 'remain', 'dinner', 'prove', 'decide', 'usually.', 'put', 'leave', 'support', 'yet', 'actually.', 'maybe', 'forward', 'rise', 'shake', 'capital', 'technology', 'effort', 'analysis.', 'experts', 'discuss', 'ongoing', 'developments', 'election.']",REAL
R149,New Report on Economic Growth,"['catch', 'mean', 'night', 'above.', 'claim', 'left', 'language', 'develop', 'maybe', 'instead.', 'experts', 'discuss', 'ongoing', 'developments', 'economic', 'growth.']",REAL
R046,New Report on Education,"['teacher', 'site', 'message', 'account', 'suddenly', 'meeting', 'on.', 'church', 'four', 'amount', 'push', 'care', 'board.', 'television', 'even', 'job', 'gas', 'himself.', 'experts', 'discuss', 'ongoing', 'developments', 'education.']",REAL
F055,Hoax Confirmed by Sources,"['begin', 'along', 'book', 'condition', 'you.', 'wonder', 'son', 'far', 'decide', 'six.', 'city', 'republican', 'chair', 'try', 'score', 'phone', 'back.', 'message', 'anything', 'work', 'view', 'discuss', 'work.', '—', 'shocking', 'claims', 'hoax', 'surface', 'internet.']",FAKE
F159,Flat Earth Confirmed by Sources,"['second', 'southern', 'theory', 'place', 'prepare', 'until.', 'argue', 'world', 'medical', 'necessary', 'fear.', 'cause', 'worry', 'popular', 'bag', 'close', 'gas', 'third.', '—', 'shocking', 'claims', 'flat', 'earth', 'surface', 'internet.']",FAKE
F083,Secret Cure Confirmed by Sources,"['answer', 'organization', 'give.', 'per', 'case', 'ago', 'inside', 'idea', 'understand', 'that.', 'room', 'name', 'line.', '—', 'shocking', 'claims', 'secret', 'cure', 'surface', 'internet.']",FAKE
R109,New Report on Education,"['finish', 'company', 'turn', 'trouble.', 'experts', 'discuss', 'ongoing', 'developments', 'education.']",REAL
R102,New Report on Climate Change,"['floor', 'use', 'part', 'care', 'time.', 'health', 'population', 'control', 'value', 'vote.', 'experts', 'discuss', 'ongoing', 'developments', 'climate', 'change.']",REAL
R060,New Report on Election,"['collection', 'simply', 'front', 'sea', 'less', 'recognize.', 'suggest', 'describe', 'measure', 'help.', 'experts', 'discuss', 'ongoing', 'developments', 'election.']",REAL
F085,Secret Cure Confirmed by Sources,"['likely', 'upon', 'character.', 'study', 'offer', 'agent', 'boy', 'rise', 'social', 'letter.', '—', 'shocking', 'claims', 'secret', 'cure', 'surface', 'internet.']",FAKE
F188,Hoax Confirmed by Sources,"['debate', 'citizen', 'think', 'admit.', 'anyone', 'stay', 'big', 'picture', 'natural.', '—', 'shocking', 'claims', 'hoax', 'surface', 'internet.']",FAKE
F131,Hoax Confirmed by Sources,"['yard', 'sit', 'customer', 'family', 'simply', 'important.', 'project', 'sea', 'try', 'quite.', 'actually', 'option', 'tonight', 'chance', 'current', 'under.', '—', 'shocking', 'claims', 'hoax', 'surface', 'internet.']",FAKE
R202,New Report on Public Health,"['health', 'protect', 'professor', 'prevent', 'despite', 'station.', 'study', 'none', 'foot', 'support', 'east', 'pm', 'size.', 'black', 'look', 'sort', 'many.', 'experts', 'discuss', 'ongoing', 'developments', 'public', 'health.']",REAL
F111,Celebrity Scandal Confirmed by Sources,"['ground', 'trade', 'reflect', 'improve', 'offer', 'short.', 'lead', 'public', 'occur', 'pretty', 'participant', 'action.', '—', 'shocking', 'claims', 'celebrity', 'scandal', 'surface', 'internet.']",FAKE
R151,New Report on Policy,"['side', 'stuff', 'eat', 'activity', 'movement.', 'treatment', 'effect', 'able', 'democratic', 'family.', 'assume', 'hear', 'box', 'argue.', 'experts', 'discuss', 'ongoing', 'developments', 'policy.']",REAL
F058,Government Cover-Up Confirmed by Sources,"['charge', 'performance', 'education', 'why.', 'stand', 'kind', 'every.', 'fish', 'company', 'bag', 'structure', 'fund', 'per.', '—', 'shocking', 'claims', 'government', 'cover-up', 'surface', 'internet.']",FAKE
R164,New Report on Education,"['gas', 'daughter', 'town', 'budget', 'sign.', 'medical', 'view', 'continue', 'view', 'service.', 'different', 'soon', 'suffer', 'great', 'enough', 'discussion', 'party.', 'land', 'plant', 'reduce', 'among', 'particular.', 'experts', 'discuss', 'ongoing', 'developments', 'education.']",REAL
F242,Celebrity Scandal Confirmed by Sources,"['real', 'wide', 'focus', 'lead.', 'challenge', 'wear', 'government', 'life', 'necessary', 'degree.', 'back', 'summer', 'tend.', 'difficult', 'true', 'view', 'begin.', '—', 'shocking', 'claims', 'celebrity', 'scandal', 'surface', 'internet.']",FAKE
F064,Mind Control Confirmed by Sources,"['young', 'summer', 'poor', 'blue.', 'tell', 'find', 'international', 'last', 'stand', 'message.', 'bed', 'carry', 'certainly', 'face', 'eat', 'cut.', '—', 'shocking', 'claims', 'mind', 'control', 'surface', 'internet.']",FAKE
R228,New Report on Education,"['indeed', 'research', 'stay', 'end', 'word.', 'water', 'real', 'reality', 'investment.', 'experts', 'discuss', 'ongoing', 'developments', 'education.']",REAL
R210,New Report on Economic Growth,"['training', 'month', 'however', 'together', 'city', 'indicate.', 'major', 'enough', 'example', 'run.', 'forward', 'conference', 'blood', 'back', 'dinner', 'door.', 'experts', 'discuss', 'ongoing', 'developments', 'economic', 'growth.']",REAL
R156,New Report on Policy,"['technology', 'blue', 'keep', 'tough', 'prepare', 'technology.', 'everything', 'far', 'type', 'player', 'give.', 'experts', 'discuss', 'ongoing', 'developments', 'policy.']",REAL
R192,New Report on Climate Change,"['special', 'hundred', 'cause', 'protect', 'style', 'sell', 'many.', 'rock', 'however', 'tell', 'physical.', 'similar', 'particular', 'source', 'travel', 'imagine', 'american.', 'experts', 'discuss', 'ongoing', 'developments', 'climate', 'change.']",REAL
F102,Government Cover-Up Confirmed by Sources,"['throw', 'soon', 'country', 'save', 'college.', 'far', 'tv', 'article', 'brother', 'politics', 'generation.', '—', 'shocking', 'claims', 'government', 'cover-up', 'surface', 'internet.']",FAKE
R237,New Report on Election,"['responsibility', 'include', 'visit', 'politics', 'possible.', 'address', 'least', 'throughout', 'day', 'admit', 'prevent.', 'teacher', 'create', 'pretty', 'positive', 'five', 'live', 'military.', 'issue', 'dream', 'community.', 'experts', 'discuss', 'ongoing', 'developments', 'election.']",REAL
F015,Immortal Jellyfish Confirmed by Sources,"['fear', 'east', 'main', 'program', 'past', 'become', 'ok', 'child.', 'site', 'north.', 'miss', 'first', 'safe', 'democrat', 'day.', '—', 'shocking', 'claims', 'immortal', 'jellyfish', 'surface', 'internet.']",FAKE
F020,Celebrity Scandal Confirmed by Sources,"['factor', 'loss', 'one', 'close', 'next.', 'low', 'key', 'effect', 'receive', 'fill', 'this.', '—', 'shocking', 'claims', 'celebrity', 'scandal', 'surface', 'internet.']",FAKE
R083,New Report on Election,"['expect', 'exist', 'suddenly.', 'experts', 'discuss', 'ongoing', 'developments', 'election.']",REAL
F035,Hoax Confirmed by Sources,"['customer', 'cultural', 'future', 'building', 'enter.', 'audience', 'drive', 'pull', 'machine', 'president.', '—', 'shocking', 'claims', 'hoax', 'surface', 'internet.']",FAKE
R082,New Report on Budget Report,"['sense', 'pay', 'star', 'law', 'weight.', 'financial', 'example', 'return', 'phone.', 'range', 'market', 'protect', 'rest', 'though', 'player', 'walk', 'work.', 'experts', 'discuss', 'ongoing', 'developments', 'budget', 'report.']",REAL
F114,Mind Control Confirmed by Sources,"['subject', 'plan', 'apply', 'brother', 'prevent', 'president.', '—', 'shocking', 'claims', 'mind', 'control', 'surface', 'internet.']",FAKE
F179,Secret Cure Confirmed by Sources,"['agency', 'everything', 'grow', 'interview', 'environment', 'wait.', 'population', 'though', 'start', 'full', 'site', 'others.', '—', 'shocking', 'claims', 'secret', 'cure', 'surface', 'internet.']",FAKE
F026,Celebrity Scandal Confirmed by Sources,"['consumer', 'walk', 'moment.', 'treat', 'key', 'expert', 'wind', 'rule', 'see.', '—', 'shocking', 'claims', 'celebrity', 'scandal', 'surface', 'internet.']",FAKE
R217,New Report on Election,"['someone', 'describe', 'travel', 'tv.', 'experts', 'discuss', 'ongoing', 'developments', 'election.']",REAL
F009,Celebrity Scandal Confirmed by Sources,"['mr', 'life', 'country.', 'try', 'agreement', 'service', 'decide', 'certain', 'economy.', '—', 'shocking', 'claims', 'celebrity', 'scandal', 'surface', 'internet.']",FAKE
F240,Aliens Confirmed by Sources,"['entire', 'cell', 'west', 'paper', 'customer', 'value', 'individual.', 'skin', 'leader', 'whether', 'edge', 'another', 'page', 'others.', '—', 'shocking', 'claims', 'aliens', 'surface', 'internet.']",FAKE
R216,New Report on Research,"['impact', 'reason', 'trouble', 'cover', 'me.', 'among', 'read', 'scene', 'always', 'ahead', 'maybe', 'child.', 'use', 'report', 'often', 'successful', 'often', 'quickly.', 'experts', 'discuss', 'ongoing', 'developments', 'research.']",REAL
F129,Flat Earth Confirmed by Sources,"['participant', 'reach', 'song.', 'sport', 'green', 'report', 'modern', 'data', 'kitchen', 'onto.', '—', 'shocking', 'claims', 'flat', 'earth', 'surface', 'internet.']",FAKE
R197,New Report on Education,"['hear', 'town', 'garden', 'paper', 'shoulder.', 'experts', 'discuss', 'ongoing', 'developments', 'education.']",REAL
F142,Government Cover-Up Confirmed by Sources,"['popular', 'response', 'woman', 'group', 'power', 'total.', 'billion', 'family', 'military', 'realize', 'police.', '—', 'shocking', 'claims', 'government', 'cover-up', 'surface', 'internet.']",FAKE
R140,New Report on Climate Change,"['high', 'second', 'dream', 'range', 'cultural', 'rate.', 'experts', 'discuss', 'ongoing', 'developments', 'climate', 'change.']",REAL
R165,New Report on Budget Report,"['hair', 'war', 'easy.', 'deep', 'system', 'perhaps.', 'perhaps', 'gun', 'level', 'cold', 'bed', 'some.', 'rather', 'standard', 'accept', 'upon.', 'experts', 'discuss', 'ongoing', 'developments', 'budget', 'report.']",REAL
R139,New Report on Education,"['send', 'section', 'reach', 'itself.', 'ball', 'camera', 'growth', 'hospital', 'chair.', 'short', 'store', 'collection', 'long', 'drug.', 'experts', 'discuss', 'ongoing', 'developments', 'education.']",REAL
F232,Hoax Confirmed by Sources,"['ahead', 'wrong', 'use.', '—', 'shocking', 'claims', 'hoax', 'surface', 'internet.']",FAKE
F108,Celebrity Scandal Confirmed by Sources,"['others', 'size', 'receive', 'suffer', 'knowledge.', 'foreign', 'director', 'development', 'key.', 'sure', 'organization', 'table', 'yet.', '—', 'shocking', 'claims', 'celebrity', 'scandal', 'surface', 'internet.']",FAKE
F167,Celebrity Scandal Confirmed by Sources,"['trip', 'pretty', 'north', 'quite.', 'always', 'end', 'condition.', '—', 'shocking', 'claims', 'celebrity', 'scandal', 'surface', 'internet.']",FAKE
R242,New Report on Research,"['person', 'region', 'long', 'but.', 'performance', 'party', 'cause', 'successful', 'official', 'good', 'option.', 'five', 'practice', 'evening', 'general', 'tell', 'baby.', 'experts', 'discuss', 'ongoing', 'developments', 'research.']",REAL
F133,Immortal Jellyfish Confirmed by Sources,"['picture', 'finally', 'everybody', 'education', 'technology.', 'smile', 'seem', 'law', 'practice', 'information', 'including', 'west.', 'civil', 'radio', 'major', 'difference.', '—', 'shocking', 'claims', 'immortal', 'jellyfish', 'surface', 'internet.']",FAKE
F025,Flat Earth Confirmed by Sources,"['feeling', 'imagine', 'accept', 'executive', 'trade', 'factor', 'author.', 'evening', 'air', 'claim', 'detail', 'main', 'baby', 'hair.', '—', 'shocking', 'claims', 'flat', 'earth', 'surface', 'internet.']",FAKE
F093,Immortal Jellyfish Confirmed by Sources,"['garden', 'easy', 'serve.', 'world', 'hair', 'clear', 'black', 'floor', 'bar', 'learn.', 'cell', 'hospital', 'brother', 'foot.', '—', 'shocking', 'claims', 'immortal', 'jellyfish', 'surface', 'internet.']",FAKE
F236,Government Cover-Up Confirmed by Sources,"['friend', 'something', 'campaign', 'but.', 'trouble', 'onto', 'example', 'hard', 'baby.', '—', 'shocking', 'claims', 'government', 'cover-up', 'surface', 'internet.']",FAKE
F069,Flat Earth Confirmed by Sources,"['industry', 'miss', 'surface', 'tell', 'government', 'matter', 'sing.', 'day', 'personal', 'mention', 'agent', 'project', 'above.', '—', 'shocking', 'claims', 'flat', 'earth', 'surface', 'internet.']",FAKE
F219,Flat Earth Confirmed by Sources,"['newspaper', 'contain', 'economic', 'record.', 'speak', 'necessary', 'forget', 'and.', '—', 'shocking', 'claims', 'flat', 'earth', 'surface', 'internet.']",FAKE
R079,New Report on Election,"['something', 'dark', 'impact', 'politics.', 'card', 'police', 'turn', 'ok', 'member', 'sport.', 'official', 'forward', 'sit', 'necessary.', 'experts', 'discuss', 'ongoing', 'developments', 'election.']",REAL
F042,Hoax Confirmed by Sources,"['spring', 'thousand', 'speak.', 'officer', 'fly', 'discuss.', 'total', 'need', 'owner', 'idea', 'instead.', 'many', 'morning', 'entire', 'strong.', '—', 'shocking', 'claims', 'hoax', 'surface', 'internet.']",FAKE
R154,New Report on Budget Report,"['value', 'likely', 'poor', 'reach', 'apply', 'money.', 'bring', 'quite', 'war', 'politics', 'vote', 'old', 'business.', 'experts', 'discuss', 'ongoing', 'developments', 'budget', 'report.']",REAL
R089,New Report on Public Health,"['page', 'nature', 'mrs', 'writer', 'notice', 'push.', 'position', 'put', 'partner', 'marriage', 'star.', 'degree', 'race', 'continue', 'identify.', 'experts', 'discuss', 'ongoing', 'developments', 'public', 'health.']",REAL
R038,New Report on Public Health,"['impact', 'congress', 'remember', 'senior', 'drop', 'above.', 'mission', 'hour', 'production.', 'experts', 'discuss', 'ongoing', 'developments', 'public', 'health.']",REAL
R053,New Report on Economic Growth,"['assume', 'back.', 'scene', 'bag', 'animal.', 'suddenly', 'surface', 'throughout', 'ok', 'space.', 'experts', 'discuss', 'ongoing', 'developments', 'economic', 'growth.']",REAL
F201,Hoax Confirmed by Sources,"['dream', 'present', 'effect', 'but.', 'produce', 'fine', 'final.', '—', 'shocking', 'claims', 'hoax', 'surface', 'internet.']",FAKE
F013,Secret Cure Confirmed by Sources,"['space', 'skill', 'analysis', 'lay', 'record', 'cultural.', 'agency', 'stuff', 'need', 'letter', 'suffer.', '—', 'shocking', 'claims', 'secret', 'cure', 'surface', 'internet.']",FAKE
R023,New Report on Policy,"['every', 'institution', 'whose', 'mother.', 'mr', 'significant', 'you.', 'challenge', 'value', 'include', 'unit.', 'experts', 'discuss', 'ongoing', 'developments', 'policy.']",REAL
R068,New Report on Technology Breakthrough,"['truth', 'democratic', 'son', 'rather', 'mission', 'lead', 'type.', 'thousand', 'doctor', 'main', 'drug', 'decision.', 'throughout', 'allow', 'game', 'decade.', 'experts', 'discuss', 'ongoing', 'developments', 'technology', 'breakthrough.']",REAL
F065,Hoax Confirmed by Sources,"['room', 'allow', 'building', 'information', 'south', 'group.', 'generation', 'generation', 'six', 'discover.', 'president', 'daughter', 'memory', 'fear', 'way', 'word', 'week.', '—', 'shocking', 'claims', 'hoax', 'surface', 'internet.']",FAKE
F239,Celebrity Scandal Confirmed by Sources,"['pretty', 'candidate', 'look', 'prove.', 'beat', 'enter', 'attorney', 'economy.', '—', 'shocking', 'claims', 'celebrity', 'scandal', 'surface', 'internet.']",FAKE
F084,Miracle Drug Confirmed by Sources,"['author', 'military', 'executive', 'into.', 'quickly', 'boy', 'effort', 'medical.', '—', 'shocking', 'claims', 'miracle', 'drug', 'surface', 'internet.']",FAKE
R120,New Report on Election,"['build', 'action', 'audience.', 'matter', 'room', 'democrat', 'third.', 'experts', 'discuss', 'ongoing', 'developments', 'election.']",REAL
F207,Government Cover-Up Confirmed by Sources,"['entire', 'adult', 'crime', 'model.', 'reality', 'rock', 'commercial', 'certain', 'in.', 'beat', 'apply', 'owner.', '—', 'shocking', 'claims', 'government', 'cover-up', 'surface', 'internet.']",FAKE
R158,New Report on Economic Growth,"['chair', 'woman', 'car', 'chair.', 'investment', 'loss', 'ask', 'officer.', 'experts', 'discuss', 'ongoing', 'developments', 'economic', 'growth.']",REAL
R097,New Report on Technology Breakthrough,"['skill', 'toward', 'determine', 'party.', 'add', 'subject', 'teacher', 'heart', 'center.', 'somebody', 'allow', 'say', 'full', 'avoid', 'physical.', 'experts', 'discuss', 'ongoing', 'developments', 'technology', 'breakthrough.']",REAL
R092,New Report on Technology Breakthrough,"['cost', 'season', 'responsibility', 'military', 'phone.', 'space', 'commercial', 'drug.', 'campaign', 'hear', 'goal', 'decade', 'state', 'region', 'order.', 'experts', 'discuss', 'ongoing', 'developments', 'technology', 'breakthrough.']",REAL
F172,Hoax Confirmed by Sources,"['language', 'toward', 'score', 'always.', 'effort', 'political', 'remember', 'degree.', '—', 'shocking', 'claims', 'hoax', 'surface', 'internet.']",FAKE
R182,New Report on Economic Growth,"['strong', 'house', 'short', 'meeting', 'type', 'another', 'toward.', 'ball', 'gas', 'dream.', 'ok', 'probably', 'conference.', 'experts', 'discuss', 'ongoing', 'developments', 'economic', 'growth.']",REAL
F014,Secret Cure Confirmed by Sources,"['low', 'cover', 'soon', 'reason', 'if.', 'beat', 'teacher', 'pattern', 'culture', 'star', 'new.', 'staff', 'forget', 'easy', 'personal', 'mission.', '—', 'shocking', 'claims', 'secret', 'cure', 'surface', 'internet.']",FAKE
R230,New Report on Election,"['man', 'face', 'item', 'write', 'need', 'professional.', 'hundred', 'wife', 'bed', 'expect', 'result', 'tv', 'cut.', 'ready', 'least', 'play', 'travel', 'ask', 'man.', 'experts', 'discuss', 'ongoing', 'developments', 'election.']",REAL
F223,Government Cover-Up Confirmed by Sources,"['community', 'local', 'third', 'treat', 'education.', 'treatment', 'phone', 'threat', 'everybody', 'not.', 'care', 'strategy', 'wonder', 'rather.', '—', 'shocking', 'claims', 'government', 'cover-up', 'surface', 'internet.']",FAKE
R221,New Report on Policy,"['charge', 'save', 'building', 'less', 'anything', 'until.', 'radio', 'collection', 'alone', 'turn', 'none', 'imagine', 'can.', 'maintain', 'good', 'expert', 'value', 'live', 'ball', 'product.', 'experts', 'discuss', 'ongoing', 'developments', 'policy.']",REAL
R173,New Report on Climate Change,"['behavior', 'skin', 'write', 'size', 'product', 'send.', 'chair', 'theory', 'single', 'chair', 'month', 'ahead', 'value.', 'lot', 'say', 'player', 'town', 'line.', 'experts', 'discuss', 'ongoing', 'developments', 'climate', 'change.']",REAL
F249,Immortal Jellyfish Confirmed by Sources,"['recently', 'process', 'worry', 'movement', 'effect', 'role', 'trade.', 'bill', 'stop', 'statement', 'produce', 'artist', 'action.', '—', 'shocking', 'claims', 'immortal', 'jellyfish', 'surface', 'internet.']",FAKE
F112,Government Cover-Up Confirmed by Sources,"['prepare', 'able', 'still', 'republican', 'mind', 'figure.', 'like', 'partner', 'expect', 'movie', 'rich', 'investment.', '—', 'shocking', 'claims', 'government', 'cover-up', 'surface', 'internet.']",FAKE
R058,New Report on Budget Report,"['anyone', 'must', 'box.', 'instead', 'reflect', 'mean', 'resource.', 'lay', 'hard', 'forget', 'wide.', 'western', 'police', 'business', 'nature', 'identify', 'act', 'teach', 'move.', 'experts', 'discuss', 'ongoing', 'developments', 'budget', 'report.']",REAL
R159,New Report on Economic Growth,"['book', 'sound', 'surface', 'raise', 'defense', 'key.', 'final', 'show', 'debate', 'analysis', 'wind.', 'bring', 'stay', 'national', 'less', 'situation.', 'experts', 'discuss', 'ongoing', 'developments', 'economic', 'growth.']",REAL
R029,New Report on Economic Growth,"['system', 'conference', 'alone', 'respond', 'worker', 'skin', 'chance.', 'skill', 'organization', 'eye', 'including', 'student', 'environment.', 'experts', 'discuss', 'ongoing', 'developments', 'economic', 'growth.']",REAL
R126,New Report on Research,"['eye', 'military', 'environmental', 'senior', 'past', 'dog', 'loss.', 'condition', 'window', 'senior', 'image.', 'experts', 'discuss', 'ongoing', 'developments', 'research.']",REAL
R132,New Report on Education,"['politics', 'others', 'keep', 'sense', 'term', 'rather.', 'someone', 'include', 'early', 'fall', 'indicate', 'great', 'figure', 'result.', 'continue', 'provide', 'nice', 'consider', 'school', 'simply', 'discover', 'history.', 'experts', 'discuss', 'ongoing', 'developments', 'education.']",REAL
R025,New Report on Election,"['argue', 'task', 'enjoy', 'mention', 'like.', 'develop', 'democratic', 'conference.', 'experts', 'discuss', 'ongoing', 'developments', 'election.']",REAL
F214,Secret Cure Confirmed by Sources,"['tend', 'far', 'dark', 'science', 'whose', 'part', 'president.', 'decade', 'debate', 'perform.', 'population', 'tv', 'walk', 'usually.', '—', 'shocking', 'claims', 'secret', 'cure', 'surface', 'internet.']",FAKE
R177,New Report on Policy,"['wind', 'fill', 'generation', 'effort', 'around', 'suggest.', 'list', 'size', 'office', 'foot', 'both.', 'experts', 'discuss', 'ongoing', 'developments', 'policy.']",REAL
R196,New Report on Budget Report,"['perform', 'sport', 'write', 'tv', 'standard.', 'nearly', 'social', 'during.', 'live', 'affect', 'reason.', 'experts', 'discuss', 'ongoing', 'developments', 'budget', 'report.']",REAL
R135,New Report on Budget Report,"['agent', 'another', 'go', 'seem', 'suggest', 'peace.', 'stop', 'imagine', 'throw', 'law', 'five', 'girl', 'nor.', 'experts', 'discuss', 'ongoing', 'developments', 'budget', 'report.']",REAL
F152,Government Cover-Up Confirmed by Sources,"['game', 'three', 'responsibility', 'feeling', 'happy', 'dinner.', 'wear', 'stand', 'law.', 'site', 'walk', 'phone', 'future', 'region', 'phone.', '—', 'shocking', 'claims', 'government', 'cover-up', 'surface', 'internet.']",FAKE
F180,Secret Cure Confirmed by Sources,"['public', 'president', 'sport', 'real.', 'attorney', 'offer', 'explain', 'attorney', 'close.', 'although', 'pull', 'show.', 'trouble', 'manager', 'power', 'subject.', '—', 'shocking', 'claims', 'secret', 'cure', 'surface', 'internet.']",FAKE
F003,Secret Cure Confirmed by Sources,"['firm', 'rest', 'enter', 'along', 'price.', 'different', 'also', 'street', 'attention.', 'book', 'particularly', 'perhaps', 'community.', 'leg', 'tell', 'away', 'as.', '—', 'shocking', 'claims', 'secret', 'cure', 'surface', 'internet.']",FAKE
F244,Celebrity Scandal Confirmed by Sources,"['ever', 'east', 'decision.', 'sport', 'tonight', 'notice', 'mr', 'energy', 'employee', 'watch.', '—', 'shocking', 'claims', 'celebrity', 'scandal', 'surface', 'internet.']",FAKE
F194,Immortal Jellyfish Confirmed by Sources,"['morning', 'tv', 'analysis', 'board.', 'current', 'level', 'contain', 'rule.', '—', 'shocking', 'claims', 'immortal', 'jellyfish', 'surface', 'internet.']",FAKE
R044,New Report on Policy,"['white', 'quality', 'rise', 'behavior.', 'teacher', 'run', 'evening', 'rest', 'dream.', 'happen', 'result', 'sing', 'site.', 'experts', 'discuss', 'ongoing', 'developments', 'policy.']",REAL
R141,New Report on Economic Growth,"['small', 'purpose', 'three', 'language.', 'control', 'talk', 'sometimes', 'respond', 'deep.', 'institution', 'night', 'across', 'buy', 'better.', 'experts', 'discuss', 'ongoing', 'developments', 'economic', 'growth.']",REAL
R188,New Report on Climate Change,"['society', 'goal', 'method', 'none', 'southern.', 'year', 'time', 'better.', 'experts', 'discuss', 'ongoing', 'developments', 'climate', 'change.']",REAL
F010,Aliens Confirmed by Sources,"['management', 'skin', 'however', 'religious.', 'work', 'deal', 'drop', 'stock', 'candidate', 'painting', 'site.', '—', 'shocking', 'claims', 'aliens', 'surface', 'internet.']",FAKE
R106,New Report on Economic Growth,"['full', 'clear', 'education', 'best', 'financial', 'ask.', 'industry', 'couple', 'human', 'indicate', 'example', 'think', 'wait.', 'possible', 'concern', 'learn', 'listen', 'know', 'college.', 'experts', 'discuss', 'ongoing', 'developments', 'economic', 'growth.']",REAL
R049,New Report on Research,"['reach', 'president', 'soldier', 'population.', 'agency', 'book', 'fund.', 'experts', 'discuss', 'ongoing', 'developments', 'research.']",REAL
R144,New Report on Budget Report,"['eye', 'floor', 'leave', 'drug', 'area', 'than.', 'air', 'expect', 'billion', 'several', 'doctor', 'clearly', 'treat.', 'experts', 'discuss', 'ongoing', 'developments', 'budget', 'report.']",REAL
F199,Celebrity Scandal Confirmed by Sources,"['able', 'always', 'big', 'account.', 'part', 'three', 'congress', 'difficult', 'huge', 'interesting.', '—', 'shocking', 'claims', 'celebrity', 'scandal', 'surface', 'internet.']",FAKE
F215,Secret Cure Confirmed by Sources,"['prepare', 'go', 'statement', 'hard.', 'likely', 'able', 'mind', 'course', 'image.', '—', 'shocking', 'claims', 'secret', 'cure', 'surface', 'internet.']",FAKE
R176,New Report on Economic Growth,"['face', 'writer', 'finally', 'former.', 'past', 'town', 'exactly', 'high', 'how.', 'number', 'huge', 'send', 'leader.', 'experts', 'discuss', 'ongoing', 'developments', 'economic', 'growth.']",REAL
F105,Hoax Confirmed by Sources,"['social', 'best', 'thousand', 'much.', 'worry', 'fall', 'wind.', '—', 'shocking', 'claims', 'hoax', 'surface', 'internet.']",FAKE
F031,Miracle Drug Confirmed by Sources,"['stuff', 'black', 'edge', 'represent.', 'interesting', 'fish', 'western', 'actually', 'present.', 'opportunity', 'drop', 'theory', 'easy', 'organization', 'national', 'dark', 'radio.', 'economy', 'century', 'improve', 'short', 'letter', 'along.', '—', 'shocking', 'claims', 'miracle', 'drug', 'surface', 'internet.']",FAKE
R206,New Report on Research,"['whole', 'left', 'audience', 'cold.', 'part', 'happen', 'two', 'choice', 'girl', 'serve.', 'card', 'better', 'vote', 'dinner', 'certain', 'medical', 'near', 'first.', 'experts', 'discuss', 'ongoing', 'developments', 'research.']",REAL
F238,Secret Cure Confirmed by Sources,"['size', 'weight', 'employee.', 'sing', 'war', 'always', 'soon.', '—', 'shocking', 'claims', 'secret', 'cure', 'surface', 'internet.']",FAKE
R027,New Report on Climate Change,"['point', 'staff', 'though.', 'clear', 'order', 'act', 'born', 'better', 'position', 'remember.', 'finally', 'executive', 'recognize', 'become.', 'experts', 'discuss', 'ongoing', 'developments', 'climate', 'change.']",REAL
F169,Government Cover-Up Confirmed by Sources,"['condition', 'ready', 'save', 'on.', 'growth', 'sure', 'party', 'argue', 'all.', '—', 'shocking', 'claims', 'government', 'cover-up', 'surface', 'internet.']",FAKE
F208,Aliens Confirmed by Sources,"['dinner', 'former', 'able', 'receive', 'exist', 'white', 'budget', 'page.', 'approach', 'successful', 'letter', 'pattern', 'theory', 'garden.', 'measure', 'security', 'let', 'least.', '—', 'shocking', 'claims', 'aliens', 'surface', 'internet.']",FAKE
F212,Miracle Drug Confirmed by Sources,"['affect', 'quite', 'similar', 'message', 'anyone', 'collection', 'rate.', 'go', 'season', 'somebody', 'reduce', 'sometimes.', 'admit', 'try', 'discuss.', '—', 'shocking', 'claims', 'miracle', 'drug', 'surface', 'internet.']",FAKE
F032,Hoax Confirmed by Sources,"['sing', 'skin', 'eat', 'whole', 'condition', 'develop', 'fine.', 'speak', 'lay', 'discuss', 'partner', 'if.', '—', 'shocking', 'claims', 'hoax', 'surface', 'internet.']",FAKE
F109,Hoax Confirmed by Sources,"['avoid', 'although', 'government', 'stay', 'effect', 'stay.', '—', 'shocking', 'claims', 'hoax', 'surface', 'internet.']",FAKE
R111,New Report on Policy,"['former', 'center', 'describe', 'more.', 'several', 'throughout', 'finally.', 'experts', 'discuss', 'ongoing', 'developments', 'policy.']",REAL
F078,Aliens Confirmed by Sources,"['car', 'campaign', 'different', 'what.', 'side', 'teach', 'daughter', 'end.', '—', 'shocking', 'claims', 'aliens', 'surface', 'internet.']",FAKE
R105,New Report on Budget Report,"['simple', 'field', 'recognize', 'meeting', 'rate', 'attorney', 'common.', 'know', 'next', 'yard', 'product.', 'experts', 'discuss', 'ongoing', 'developments', 'budget', 'report.']",REAL
F196,Government Cover-Up Confirmed by Sources,"['end', 'political', 'card', 'usually', 'morning', 'nearly.', 'section', 'oil', 'show.', 'picture', 'spring', 'and.', '—', 'shocking', 'claims', 'government', 'cover-up', 'surface', 'internet.']",FAKE
F118,Immortal Jellyfish Confirmed by Sources,"['contain', 'well', 'bit', 'how.', 'garden', 'entire', 'yard', 'study', 'military.', '—', 'shocking', 'claims', 'immortal', 'jellyfish', 'surface', 'internet.']",FAKE
F077,Secret Cure Confirmed by Sources,"['anything', 'act', 'factor', 'whose', 'hard', 'push', 'might.', 'hard', 'recent', 'perform', 'describe', 'trade', 'avoid.', 'give', 'goal', 'allow', 'property', 'boy.', '—', 'shocking', 'claims', 'secret', 'cure', 'surface', 'internet.']",FAKE
F070,Government Cover-Up Confirmed by Sources,"['within', 'know', 'security', 'experience', 'today', 'within.', 'knowledge', 'spring', 'simply.', 'matter.', '—', 'shocking', 'claims', 'government', 'cover-up', 'surface', 'internet.']",FAKE
F041,Immortal Jellyfish Confirmed by Sources,"['message', 'team', 'move', 'service.', 'beautiful', 'paper', 'end', 'past', 'energy', 'should.', 'note', 'cost', 'development', 'everyone', 'current', 'media.', '—', 'shocking', 'claims', 'immortal', 'jellyfish', 'surface', 'internet.']",FAKE
R026,New Report on Policy,"['argue', 'crime', 'tax', 'force', 'oil', 'card', 'open.', 'late', 'accept', 'learn', 'life', 'smile.', 'experts', 'discuss', 'ongoing', 'developments', 'policy.']",REAL
R207,New Report on Policy,"['check', 'year', 'finish', 'student.', 'catch', 'large', 'run', 'type', 'relationship', 'bit', 'put.', 'west', 'family', 'one', 'ago', 'realize', 'imagine', 'name.', 'experts', 'discuss', 'ongoing', 'developments', 'policy.']",REAL
F163,Secret Cure Confirmed by Sources,"['short', 'past', 'amount', 'believe.', '—', 'shocking', 'claims', 'secret', 'cure', 'surface', 'internet.']",FAKE
F171,Government Cover-Up Confirmed by Sources,"['wish', 'top', 'line', 'candidate.', '—', 'shocking', 'claims', 'government', 'cover-up', 'surface', 'internet.']",FAKE
F139,Immortal Jellyfish Confirmed by Sources,"['among', 'rather', 'lose', 'local', 'coach', 'site', 'fire.', 'throw', 'crime', 'usually', 'them.', '—', 'shocking', 'claims', 'immortal', 'jellyfish', 'surface', 'internet.']",FAKE
F120,Miracle Drug Confirmed by Sources,"['allow', 'sit', 'generation', 'window', 'culture', 'actually', 'street.', 'animal', 'million', 'stage', 'red', 'less', 'away.', 'hair', 'reason', 'son', 'energy', 'possible', 'kid.', '—', 'shocking', 'claims', 'miracle', 'drug', 'surface', 'internet.']",FAKE
F146,Mind Control Confirmed by Sources,"['mission', 'control', 'simply', 'consider.', 'use', 'allow', 'early', 'painting', 'focus', 'since', 'stand.', '—', 'shocking', 'claims', 'mind', 'control', 'surface', 'internet.']",FAKE
R115,New Report on Research,"['word', 'administration', 'like', 'executive.', 'increase', 'behind', 'cold', 'baby', 'piece', 'whatever', 'build.', 'experts', 'discuss', 'ongoing', 'developments', 'research.']",REAL
F039,Aliens Confirmed by Sources,"['still', 'heavy', 'center', 'amount', 'sure.', 'recognize', 'man', 'story', 'area', 'add.', '—', 'shocking', 'claims', 'aliens', 'surface', 'internet.']",FAKE
F225,Hoax Confirmed by Sources,"['provide', 'relationship', 'letter', 'west', 'skill.', 'property', 'across', 'room.', '—', 'shocking', 'claims', 'hoax', 'surface', 'internet.']",FAKE
F140,Aliens Confirmed by Sources,"['see', 'city', 'suddenly', 'someone.', 'develop', 'employee', 'offer', 'main', 'cup', 'area.', '—', 'shocking', 'claims', 'aliens', 'surface', 'internet.']",FAKE
F122,Mind Control Confirmed by Sources,"['stay', 'care', 'community', 'note', 'serve', 'position.', 'offer', 'back', 'service', 'military.', '—', 'shocking', 'claims', 'mind', 'control', 'surface', 'internet.']",FAKE
R070,New Report on Budget Report,"['industry', 'read', 'view', 'bar.', 'mention', 'first', 'hit', 'ready.', 'actually', 'remember', 'win', 'expect.', 'experts', 'discuss', 'ongoing', 'developments', 'budget', 'report.']",REAL
F248,Celebrity Scandal Confirmed by Sources,"['performance', 'listen', 'modern', 'politics', 'try.', 'perhaps', 'stuff', 'traditional', 'despite', 'degree', 'grow.', 'establish', 'view', 'add.', '—', 'shocking', 'claims', 'celebrity', 'scandal', 'surface', 'internet.']",FAKE
R016,New Report on Technology Breakthrough,"['treat', 'art', 'choice', 'order', 'learn', 'share.', 'care', 'apply', 'spring', 'huge', 'choose', 'research', 'account.', 'responsibility', 'recognize', 'eight.', 'experts', 'discuss', 'ongoing', 'developments', 'technology', 'breakthrough.']",REAL
R148,New Report on Technology Breakthrough,"['move', 'prevent', 'lead', 'officer', 'theory', 'culture', 'understand.', 'trial', 'later', 'hour.', 'serious', 'president', 'material', 'adult', 'none', 'conference', 'organization.', 'experts', 'discuss', 'ongoing', 'developments', 'technology', 'breakthrough.']",REAL
R142,New Report on Budget Report,"['southern', 'fund', 'family', 'collection.', 'anything', 'student', 'view', 'process', 'choose', 'night.', 'experts', 'discuss', 'ongoing', 'developments', 'budget', 'report.']",REAL
F141,Miracle Drug Confirmed by Sources,"['church', 'future', 'big', 'technology', 'economy', 'system.', 'likely', 'day', 'near.', '—', 'shocking', 'claims', 'miracle', 'drug', 'surface', 'internet.']",FAKE
R076,New Report on Technology Breakthrough,"['capital', 'must', 'white', 'budget.', 'main', 'like', 'next.', 'enter', 'assume', 'son', 'vote', 'finally', 'exactly', 'medical.', 'white', 'mean', 'simple', 'turn', 'main.', 'experts', 'discuss', 'ongoing', 'developments', 'technology', 'breakthrough.']",REAL
R180,New Report on Budget Report,"['around', 'discuss', 'simply', 'pick', 'enough.', 'including', 'nothing', 'government', 'sing.', 'experts', 'discuss', 'ongoing', 'developments', 'budget', 'report.']",REAL
F126,Aliens Confirmed by Sources,"['statement', 'happy', 'century', 'everything', 'executive.', 'order', 'bad', 'key', 'specific', 'threat', 'high', 'way.', '—', 'shocking', 'claims', 'aliens', 'surface', 'internet.']",FAKE
R134,New Report on Economic Growth,"['voice', 'thank', 'institution', 'ever', 'deep.', 'morning', 'also', 'society', 'also', 'third', 'story', 'compare.', 'experts', 'discuss', 'ongoing', 'developments', 'economic', 'growth.']",REAL
F132,Mind Control Confirmed by Sources,"['friend', 'deal', 'natural', 'charge.', 'pretty', 'five', 'call', 'hour', 'store', 'contain', 'take.', 'test', 'past', 'life', 'bad.', 'specific', 'early', 'large', 'share', 'put', 'by.', '—', 'shocking', 'claims', 'mind', 'control', 'surface', 'internet.']",FAKE
F230,Immortal Jellyfish Confirmed by Sources,"['body', 'fish', 'else', 'early.', '—', 'shocking', 'claims', 'immortal', 'jellyfish', 'surface', 'internet.']",FAKE
F243,Aliens Confirmed by Sources,"['big', 'like.', '—', 'shocking', 'claims', 'aliens', 'surface', 'internet.']",FAKE
R191,New Report on Budget Report,"['measure', 'third', 'measure', 'provide', 'reach', 'age', 'other.', 'final', 'group', 'choice.', 'family', 'floor', 'kitchen', 'recently', 'skin', 'reveal', 'note.', 'experts', 'discuss', 'ongoing', 'developments', 'budget', 'report.']",REAL
R130,New Report on Public Health,"['language', 'tonight', 'stock', 'may.', 'cup', 'quality', 'rich', 'open', 'star', 'a.', 'stay', 'born', 'tax', 'environment', 'democratic', 'effect.', 'experts', 'discuss', 'ongoing', 'developments', 'public', 'health.']",REAL
F081,Mind Control Confirmed by Sources,"['system', 'police', 'set.', 'buy', 'teacher', 'determine', 'maintain', 'thing.', '—', 'shocking', 'claims', 'mind', 'control', 'surface', 'internet.']",FAKE
R209,New Report on Technology Breakthrough,"['friend', 'system', 'get', 'conference.', 'painting', 'identify', 'citizen', 'thank.', 'experts', 'discuss', 'ongoing', 'developments', 'technology', 'breakthrough.']",REAL
F228,Hoax Confirmed by Sources,"['project', 'former', 'model', 'step.', 'record', 'administration', 'nice.', '—', 'shocking', 'claims', 'hoax', 'surface', 'internet.']",FAKE
R030,New Report on Budget Report,"['job', 'get', 'how.', 'fine', 'color', 'best', 'enough.', 'put', 'leg', 'interest', 'lot', 'effect.', 'experts', 'discuss', 'ongoing', 'developments', 'budget', 'report.']",REAL
R214,New Report on Education,"['hard', 'kind', 'support', 'air', 'sometimes', 'character', 'try', 'amount.', 'responsibility', 'card', 'kitchen', 'style', 'foreign', 'send', 'player.', 'risk', 'suggest', 'like', 'wide.', 'experts', 'discuss', 'ongoing', 'developments', 'education.']",REAL
R175,New Report on Economic Growth,"['star', 'type', 'image', 'reduce', 'throughout.', 'dark', 'agree', 'type', 'agent', 'half.', 'thousand', 'today', 'plant.', 'experts', 'discuss', 'ongoing', 'developments', 'economic', 'growth.']",REAL
