id,filtered_words,features,label_index
R129,"['certainly', 'nice', 'want', 'while.', 'experts', 'discuss', 'ongoing', 'developments', 'election.']","(10000,[673,3370,3556,3614,4506,4687,7712,8391,9462],[4.42484663185681,3.914021008090819,2.8844015909096608,0.667530016189645,0.691153161953081,0.691153161953081,4.830311739964974,4.607168188650764,0.691153161953081])",1.0
R227,"['significant', 'month', 'base', 'election', 'learn', 'eye', 'customer.', 'also', 'practice', 'discuss', 'green', 'national', 'charge', 'total.', 'respond', 'right', 'government', 'particularly', 'health', 'manager', 'product.', 'experts', 'discuss', 'ongoing', 'developments', 'climate', 'change.']","(10000,[132,551,821,1341,1652,1790,2059,2259,2500,3614,3792,4270,4280,4506,4687,5741,5967,6443,6535,6714,6812,7910,8173,8552,8805,9462],[4.607168188650764,4.270695952029551,2.849310271098391,3.7316994512968646,4.137164559405029,4.42484663185681,2.6330871626287546,2.579019941358479,4.830311739964974,1.33506003237929,3.8187108282864943,4.830311739964974,4.42484663185681,0.691153161953081,0.691153161953081,4.42484663185681,4.270695952029551,3.8187108282864943,4.830311739964974,5.523458920524919,4.137164559405029,3.577548771469606,3.6516567436233283,3.914021008090819,4.270695952029551,0.691153161953081])",1.0
F231,"['difficult', 'material', 'list.', 'fill', 'weight', 'might', 'ahead', 'house.', 'professional', 'usually', 'save', 'dream', 'poor', 'teacher', 'place', 'high.', '—', 'shocking', 'claims', 'aliens', 'surface', 'internet.']","(10000,[503,650,1712,2155,2366,2990,3231,3756,3924,4520,5850,6390,7281,7936,8004,8094,8103,8268,8338,8708,8961,9727],[0.691153161953081,2.958509563063383,4.270695952029551,4.42484663185681,3.914021008090819,3.914021008090819,4.137164559405029,4.830311739964974,4.42484663185681,3.8187108282864943,0.691153161953081,4.42484663185681,0.6792718340663283,0.691153161953081,4.42484663185681,4.42484663185681,4.270695952029551,3.3262343431887,0.691153161953081,3.914021008090819,5.523458920524919,4.607168188650764])",0.0
R066,"['particular', 'cost', 'perform', 'wife', 'middle', 'identify', 'reality.', 'bag', 'light', 'officer', 'manager', 'know.', 'physical', 'move', 'cell', 'final', 'term.', 'experts', 'discuss', 'ongoing', 'developments', 'policy.']","(10000,[415,696,843,1098,1652,1653,1720,3021,3082,3210,3614,3967,4490,4506,4687,6282,6533,6944,8649,8984,9462,9878],[3.914021008090819,4.137164559405029,5.523458920524919,3.6516567436233283,4.137164559405029,4.270695952029551,4.607168188650764,3.7316994512968646,5.117993812416755,4.137164559405029,0.667530016189645,4.42484663185681,3.914021008090819,0.691153161953081,0.691153161953081,4.137164559405029,5.117993812416755,2.8154087194227095,3.914021008090819,4.830311739964974,0.691153161953081,4.42484663185681])",1.0
F095,"['strategy', 'trade', 'number', 'discuss', 'true.', 'cause', 'attention', 'court', 'write.', 'responsibility', 'capital', 'yeah.', 'deep', 'commercial.', '—', 'shocking', 'claims', 'mind', 'control', 'surface', 'internet.']","(10000,[316,419,503,1208,1762,2291,3144,3184,3502,3614,4568,4613,5493,5850,6541,7281,7936,8134,8338,8519,9593],[4.270695952029551,4.019381523748645,0.691153161953081,2.7508701982851385,4.270695952029551,4.019381523748645,4.137164559405029,2.849310271098391,3.7316994512968646,0.667530016189645,4.607168188650764,5.523458920524919,4.607168188650764,0.691153161953081,4.607168188650764,0.6792718340663283,0.691153161953081,5.523458920524919,0.691153161953081,4.270695952029551,5.117993812416755])",0.0
R174,"['use', 'commercial', 'avoid', 'serious', 'history', 'but.', 'experts', 'discuss', 'ongoing', 'developments', 'policy.']","(10000,[1117,1388,3614,4506,4687,5133,6443,6543,6944,8927,9462],[3.914021008090819,3.914021008090819,0.667530016189645,0.691153161953081,0.691153161953081,3.914021008090819,3.8187108282864943,4.270695952029551,2.8154087194227095,4.607168188650764,0.691153161953081])",1.0
R201,"['exactly', 'science', 'quite', 'occur', 'mean', 'require', 'win.', 'experts', 'discuss', 'ongoing', 'developments', 'public', 'health.']","(10000,[909,1770,1921,2096,3363,3614,4506,4687,6056,6219,6436,8449,9462],[3.8187108282864943,2.958509563063383,3.8187108282864943,3.914021008090819,4.607168188650764,0.667530016189645,0.691153161953081,0.691153161953081,4.019381523748645,3.0385522707369192,5.117993812416755,4.42484663185681,0.691153161953081])",1.0
R072,"['three', 'scene', 'whatever', 'ability.', 'experts', 'discuss', 'ongoing', 'developments', 'education.']","(10000,[226,3614,4506,4687,5047,5844,5925,7695,9462],[5.117993812416755,0.667530016189645,0.691153161953081,0.691153161953081,2.661258039595451,3.8187108282864943,4.270695952029551,4.270695952029551,0.691153161953081])",1.0
R064,"['wear', 'yet', 'ability', 'member', 'participant', 'receive', 'look', 'region.', 'nice', 'policy', 'agency', 'charge', 'century', 'manage.', 'experts', 'discuss', 'ongoing', 'developments', 'research.']","(10000,[613,765,2483,3370,3614,3681,4037,4142,4506,4617,4687,5396,6581,6790,6812,7066,7841,9462,9939],[4.019381523748645,4.270695952029551,5.117993812416755,3.914021008090819,0.667530016189645,4.830311739964974,4.137164559405029,3.7316994512968646,0.691153161953081,3.6516567436233283,0.691153161953081,3.914021008090819,4.830311739964974,4.42484663185681,4.137164559405029,2.8844015909096608,3.914021008090819,0.691153161953081,4.270695952029551])",1.0
F037,"['us', 'world', 'account', 'turn', 'raise.', 'serious', 'create', 'maybe', 'best.', 'go', 'economic', 'seek', 'try', 'career', 'difference.', 'ahead', 'range', 'boy', 'baby', 'industry.', '—', 'shocking', 'claims', 'miracle', 'drug', 'surface', 'internet.']","(10000,[157,165,171,503,662,1117,1256,1348,1404,3886,4693,4818,4930,5850,6043,6451,6660,7281,7593,7860,7936,8268,8338,8915,9144,9187,9360],[3.8187108282864943,4.137164559405029,5.117993812416755,0.691153161953081,5.117993812416755,3.914021008090819,3.125563647726549,4.42484663185681,4.607168188650764,4.137164559405029,4.137164559405029,4.019381523748645,3.914021008090819,0.691153161953081,5.117993812416755,3.6516567436233283,4.42484663185681,0.6792718340663283,4.830311739964974,2.958509563063383,0.691153161953081,3.3262343431887,0.691153161953081,4.830311739964974,2.7508701982851385,4.607168188650764,3.914021008090819])",0.0
R170,"['happen', 'exist', 'financial', 'east', 'son', 'ahead', 'reach.', 'agree', 'hold', 'environment', 'mention.', 'experts', 'discuss', 'ongoing', 'developments', 'technology', 'breakthrough.']","(10000,[209,1020,1073,2227,2389,2407,3614,4506,4687,4704,6576,6602,6925,7407,8268,9462,9472],[3.914021008090819,2.4324164671666035,4.830311739964974,2.7200985396183848,4.42484663185681,3.914021008090819,0.667530016189645,0.691153161953081,0.691153161953081,3.8187108282864943,4.137164559405029,4.137164559405029,4.270695952029551,3.8187108282864943,3.3262343431887,0.691153161953081,5.523458920524919])",1.0
F110,"['exist', 'like', 'table', 'increase', 'series', 'southern', 'charge.', 'education', 'analysis', 'management', 'company', 'industry.', 'ahead', 'represent', 'floor', 'sound.', '—', 'shocking', 'claims', 'celebrity', 'scandal', 'surface', 'internet.']","(10000,[503,662,942,1241,1296,3330,3486,3743,3931,4319,4463,4722,4921,5401,5530,5850,6602,7281,7936,7963,8268,8338,8717],[0.691153161953081,5.117993812416755,4.830311739964974,3.8187108282864943,4.137164559405029,4.137164559405029,2.849310271098391,4.137164559405029,3.5085558999826545,3.8187108282864943,4.270695952029551,5.117993812416755,2.849310271098391,3.914021008090819,4.137164559405029,0.691153161953081,4.137164559405029,0.6792718340663283,0.691153161953081,4.137164559405029,3.3262343431887,0.691153161953081,4.607168188650764])",0.0
F048,"['share', 'week', 'land', 'summer', 'day.', 'year', 'exist', 'goal', 'report', 'role', 'summer.', 'rate', 'leave', 'bag', 'image', 'none', 'ask', 'upon.', '—', 'shocking', 'claims', 'secret', 'cure', 'surface', 'internet.']","(10000,[253,415,503,1842,2191,2913,3350,3507,3892,3947,5087,5089,5122,5303,5850,6505,6602,6747,7148,7281,7936,8338,8899,9481,9831],[4.607168188650764,3.914021008090819,0.691153161953081,4.830311739964974,5.523458920524919,3.7316994512968646,3.8187108282864943,4.137164559405029,2.5530444549552183,4.137164559405029,4.607168188650764,3.8187108282864943,5.117993812416755,4.270695952029551,0.691153161953081,4.830311739964974,4.137164559405029,2.5530444549552183,4.607168188650764,0.6792718340663283,0.691153161953081,0.691153161953081,4.830311739964974,4.019381523748645,3.6516567436233283])",0.0
F082,"['dog', 'child', 'movement', 'later.', 'health', 'natural', 'four', 'clearly.', 'alone', 'assume', 'argue.', '—', 'shocking', 'claims', 'hoax', 'surface', 'internet.']","(10000,[503,1243,1985,2492,2664,3059,4377,4988,5294,5850,7244,7281,7509,7936,8338,8805,9564],[0.691153161953081,4.019381523748645,5.523458920524919,4.42484663185681,3.914021008090819,3.577548771469606,2.60568818844064,4.42484663185681,4.137164559405029,0.691153161953081,3.8187108282864943,0.6792718340663283,4.607168188650764,0.691153161953081,0.691153161953081,4.270695952029551,4.270695952029551])",0.0
F187,"['turn', 'expect', 'opportunity', 'occur.', 'center', 'eight', 'summer', 'special', 'education.', 'difference', 'newspaper', 'too.', '—', 'shocking', 'claims', 'miracle', 'drug', 'surface', 'internet.']","(10000,[503,1055,1256,1480,2516,3238,3691,3886,5047,5850,6976,7281,7860,7866,7936,8338,8482,9481,9873],[0.691153161953081,4.42484663185681,3.125563647726549,4.137164559405029,5.523458920524919,4.270695952029551,4.270695952029551,4.137164559405029,2.661258039595451,0.691153161953081,3.7316994512968646,0.6792718340663283,2.958509563063383,4.42484663185681,0.691153161953081,0.691153161953081,4.830311739964974,4.019381523748645,5.117993812416755])",0.0
F027,"['make', 'woman', 'wonder', 'picture', 'new', 'work', 'evening', 'model.', 'community', 'reduce', 'another', 'radio', 'research.', 'image', 'social', 'believe', 'various', 'member', 'until.', 'consumer', 'control', 'four', 'project', 'send.', '—', 'shocking', 'claims', 'miracle', 'drug', 'surface', 'internet.']","(10000,[503,533,585,823,1208,1243,1256,2230,2481,3525,4430,4563,4723,5286,5303,5850,5952,6647,6790,7066,7281,7860,7936,8159,8166,8174,8338,9086,9156,9475,9527],[0.691153161953081,3.914021008090819,5.117993812416755,4.42484663185681,2.7508701982851385,4.019381523748645,3.125563647726549,3.914021008090819,4.137164559405029,4.830311739964974,4.607168188650764,4.137164559405029,3.914021008090819,4.019381523748645,4.270695952029551,0.691153161953081,5.117993812416755,4.607168188650764,4.42484663185681,2.8844015909096608,0.6792718340663283,2.958509563063383,0.691153161953081,3.577548771469606,4.270695952029551,4.607168188650764,0.691153161953081,4.42484663185681,3.8187108282864943,4.270695952029551,4.019381523748645])",0.0
F202,"['wait', 'pressure', 'dog', 'health', 'magazine.', '—', 'shocking', 'claims', 'hoax', 'surface', 'internet.']","(10000,[503,2419,4377,5477,5661,5850,7281,7936,8338,8805,9564],[0.691153161953081,4.830311739964974,2.60568818844064,4.607168188650764,3.914021008090819,0.691153161953081,0.6792718340663283,0.691153161953081,0.691153161953081,4.270695952029551,4.270695952029551])",0.0
F197,"['kitchen', 'get', 'college', 'create', 'degree.', 'though', 'human', 'current', 'study', 'attack', 'system.', '—', 'shocking', 'claims', 'secret', 'cure', 'surface', 'internet.']","(10000,[503,756,1404,3385,3892,4224,4928,5693,5850,6358,6747,7281,7936,8057,8303,8338,9189,9426],[0.691153161953081,4.019381523748645,4.607168188650764,3.914021008090819,2.5530444549552183,4.137164559405029,4.607168188650764,4.830311739964974,0.691153161953081,5.117993812416755,2.5530444549552183,0.6792718340663283,0.691153161953081,4.607168188650764,3.7316994512968646,0.691153161953081,4.019381523748645,4.607168188650764])",0.0
R128,"['manager', 'federal', 'work.', 'experts', 'discuss', 'ongoing', 'developments', 'climate', 'change.']","(10000,[360,633,821,1652,2059,3614,4506,4687,9462],[4.42484663185681,4.607168188650764,2.849310271098391,4.137164559405029,2.6330871626287546,0.667530016189645,0.691153161953081,0.691153161953081,0.691153161953081])",1.0
F157,"['participant', 'opportunity', 'determine.', 'act', 'message', 'woman.', 'discover', 'set', 'perform', 'discussion', 'reason', 'people', 'wind.', '—', 'shocking', 'claims', 'government', 'cover-up', 'surface', 'internet.']","(10000,[503,1098,1278,1978,2259,2715,2944,4170,4263,5315,5342,5396,5850,6928,6976,7281,7936,8338,8512,9813],[0.691153161953081,3.6516567436233283,4.607168188650764,4.830311739964974,2.579019941358479,4.42484663185681,4.607168188650764,4.830311739964974,4.019381523748645,4.42484663185681,4.830311739964974,3.914021008090819,0.691153161953081,4.607168188650764,3.7316994512968646,0.6792718340663283,0.691153161953081,0.691153161953081,5.523458920524919,2.997730276216664])",0.0
F117,"['serious', 'role', 'key', 'cup', 'writer', 'late', 'future.', 'least', 'finally', 'professional', 'hold.', 'job', 'fine', 'actually', 'time', 'campaign', 'several', 'would.', '—', 'shocking', 'claims', 'hoax', 'surface', 'internet.']","(10000,[23,503,557,1117,1410,1634,1817,2155,3059,3079,3131,3350,4377,5850,6431,6447,6675,6906,7281,7936,8157,8338,8547,9227],[4.830311739964974,0.691153161953081,4.607168188650764,3.914021008090819,5.117993812416755,4.42484663185681,3.8187108282864943,4.42484663185681,3.577548771469606,4.270695952029551,4.137164559405029,3.8187108282864943,2.60568818844064,0.691153161953081,4.019381523748645,4.019381523748645,3.8187108282864943,4.137164559405029,0.6792718340663283,0.691153161953081,4.607168188650764,0.691153161953081,5.117993812416755,4.830311739964974])",0.0
F173,"['born', 'relationship', 'either', 'type', 'site.', 'culture', 'nearly', 'magazine', 'far', 'water', 'art.', 'current', 'participant', 'necessary', 'pressure', 'professional.', 'administration', 'matter', 'night', 'develop', 'cold', 'force.', '—', 'shocking', 'claims', 'secret', 'cure', 'surface', 'internet.']","(10000,[503,1241,2402,2589,2866,3526,3892,3920,4043,4158,4260,4648,5185,5396,5661,5850,6291,6747,6869,7281,7691,7936,7979,8338,8413,8645,9126,9189,9545],[0.691153161953081,3.8187108282864943,4.137164559405029,4.42484663185681,4.019381523748645,4.137164559405029,2.5530444549552183,4.137164559405029,4.270695952029551,3.7316994512968646,4.137164559405029,4.607168188650764,4.270695952029551,3.914021008090819,3.914021008090819,0.691153161953081,4.830311739964974,2.5530444549552183,4.019381523748645,0.6792718340663283,5.117993812416755,0.691153161953081,3.914021008090819,0.691153161953081,3.383392757028649,4.42484663185681,4.830311739964974,4.019381523748645,3.914021008090819])",0.0
F024,"['professor', 'world', 'result', 'smile', 'loss', 'far', 'catch.', 'central', 'politics', 'stay.', 'figure', 'development', 'music', 'must', 'woman.', '—', 'shocking', 'claims', 'aliens', 'surface', 'internet.']","(10000,[399,503,650,1023,1278,2543,2713,2871,4110,4158,5329,5850,5887,6370,6426,7281,7936,8338,8928,9360,9766],[3.6516567436233283,0.691153161953081,2.958509563063383,4.137164559405029,4.607168188650764,3.6516567436233283,4.830311739964974,4.270695952029551,4.270695952029551,3.7316994512968646,4.42484663185681,0.691153161953081,3.4440173788450834,4.830311739964974,5.117993812416755,0.6792718340663283,0.691153161953081,0.691153161953081,4.830311739964974,3.914021008090819,5.117993812416755])",0.0
F096,"['painting', 'night', 'admit', 'life', 'beat', 'fund', 'truth.', 'work', 'professional', 'lead', 'dark.', '—', 'shocking', 'claims', 'celebrity', 'scandal', 'surface', 'internet.']","(10000,[503,1034,2155,2569,3477,3486,4638,4921,5356,5850,6373,6717,6869,7281,7936,8338,8714,9527],[0.691153161953081,4.019381523748645,4.42484663185681,3.577548771469606,3.8187108282864943,2.849310271098391,4.607168188650764,2.849310271098391,4.019381523748645,0.691153161953081,5.523458920524919,5.523458920524919,4.019381523748645,0.6792718340663283,0.691153161953081,0.691153161953081,4.019381523748645,4.019381523748645])",0.0
R247,"['thousand', 'administration', 'economy', 'mind.', 'idea', 'question.', 'experts', 'discuss', 'ongoing', 'developments', 'public', 'health.']","(10000,[217,1770,3479,3614,4506,4687,5185,5958,6219,6764,6798,9462],[4.270695952029551,2.958509563063383,4.137164559405029,0.667530016189645,0.691153161953081,0.691153161953081,4.270695952029551,4.137164559405029,3.0385522707369192,5.117993812416755,4.270695952029551,0.691153161953081])",1.0
F226,"['especially', 'today', 'white', 'short', 'structure', 'until.', 'campaign', 'home', 'leg', 'real', 'style.', '—', 'shocking', 'claims', 'government', 'cover-up', 'surface', 'internet.']","(10000,[503,1262,2259,2996,3365,3500,4430,5843,5850,6290,6675,7281,7936,8173,8338,9691,9806,9813],[0.691153161953081,4.270695952029551,2.579019941358479,3.8187108282864943,4.607168188650764,5.523458920524919,4.607168188650764,3.914021008090819,0.691153161953081,4.607168188650764,3.8187108282864943,0.6792718340663283,0.691153161953081,3.6516567436233283,0.691153161953081,4.270695952029551,4.270695952029551,2.997730276216664])",0.0
F100,"['sit', 'best', 'care', 'chance', 'clear', 'middle.', 'poor', 'role', 'present', 'window', 'difficult', 'entire', 'moment.', 'laugh', 'position', 'social.', '—', 'shocking', 'claims', 'flat', 'earth', 'surface', 'internet.']","(10000,[346,503,763,1339,1611,1712,2403,2918,3350,4096,4847,5310,5850,6069,6946,7098,7281,7936,8103,8130,8338,8824,9676],[4.42484663185681,0.691153161953081,4.270695952029551,4.137164559405029,3.7316994512968646,4.270695952029551,4.019381523748645,3.0385522707369192,3.8187108282864943,4.830311739964974,4.607168188650764,3.8187108282864943,0.691153161953081,4.137164559405029,4.42484663185681,4.270695952029551,0.6792718340663283,0.691153161953081,4.270695952029551,4.137164559405029,0.691153161953081,3.914021008090819,3.0385522707369192])",0.0
F246,"['matter', 'once.', 'total', 'represent', 'now.', 'mean', 'power', 'light', 'resource', 'threat', 'north', 'work.', '—', 'shocking', 'claims', 'government', 'cover-up', 'surface', 'internet.']","(10000,[360,503,909,1670,1720,1778,2259,2402,3056,3802,5850,6279,7281,7936,8070,8338,8692,8717,9813],[4.42484663185681,0.691153161953081,3.8187108282864943,4.270695952029551,4.607168188650764,4.830311739964974,2.579019941358479,4.137164559405029,4.137164559405029,5.117993812416755,0.691153161953081,4.42484663185681,0.6792718340663283,0.691153161953081,4.137164559405029,0.691153161953081,5.523458920524919,4.607168188650764,2.997730276216664])",0.0
F183,"['cost', 'prove', 'nice', 'example.', '—', 'shocking', 'claims', 'aliens', 'surface', 'internet.']","(10000,[503,650,1834,3370,4490,5214,5850,7281,7936,8338],[0.691153161953081,2.958509563063383,5.523458920524919,3.914021008090819,3.914021008090819,4.830311739964974,0.691153161953081,0.6792718340663283,0.691153161953081,0.691153161953081])",0.0
R063,"['tell', 'receive', 'role', 'store.', 'deal', 'visit', 'same.', 'experts', 'discuss', 'ongoing', 'developments', 'policy.']","(10000,[474,698,1433,1850,3350,3614,4506,4617,4687,6944,7443,9462],[5.523458920524919,3.914021008090819,4.607168188650764,3.914021008090819,3.8187108282864943,0.667530016189645,0.691153161953081,3.6516567436233283,0.691153161953081,2.8154087194227095,5.523458920524919,0.691153161953081])",1.0
R005,"['fact', 'however', 'represent', 'board.', 'region', 'page', 'public', 'throughout', 'perform', 'edge', 'quality.', 'meet', 'main', 'role', 'bring.', 'experts', 'discuss', 'ongoing', 'developments', 'election.']","(10000,[911,1098,1637,1766,1770,2589,2827,3350,3556,3614,3921,4506,4687,5305,5948,7215,8159,8717,9462,9940],[4.42484663185681,3.6516567436233283,3.5085558999826545,4.607168188650764,2.958509563063383,4.42484663185681,4.137164559405029,3.8187108282864943,2.8844015909096608,0.667530016189645,4.607168188650764,0.691153161953081,0.691153161953081,4.830311739964974,3.914021008090819,4.607168188650764,3.577548771469606,4.607168188650764,0.691153161953081,5.117993812416755])",1.0
R084,"['indicate', 'institution', 'participant', 'even', 'very.', 'tell', 'page.', 'experts', 'discuss', 'ongoing', 'developments', 'election.']","(10000,[1850,3243,3556,3614,3813,4506,4687,5396,6406,6466,6485,9462],[3.914021008090819,4.019381523748645,2.8844015909096608,0.667530016189645,4.830311739964974,0.691153161953081,0.691153161953081,3.914021008090819,4.137164559405029,5.523458920524919,4.42484663185681,0.691153161953081])",1.0
R124,"['wait', 'sometimes', 'theory', 'follow', 'fact.', 'experts', 'discuss', 'ongoing', 'developments', 'education.']","(10000,[1468,3614,4506,4687,5047,5477,5869,9192,9367,9462],[4.019381523748645,0.667530016189645,0.691153161953081,0.691153161953081,2.661258039595451,4.607168188650764,4.830311739964974,5.117993812416755,4.270695952029551,0.691153161953081])",1.0
R118,"['congress', 'story', 'food', 'involve', 'southern', 'loss.', 'important', 'lawyer', 'nor.', 'experts', 'discuss', 'ongoing', 'developments', 'research.']","(10000,[690,1967,3614,3743,4506,4687,6271,6855,7066,8439,8653,8728,9021,9462],[4.830311739964974,5.117993812416755,0.667530016189645,4.137164559405029,0.691153161953081,0.691153161953081,4.270695952029551,4.019381523748645,2.8844015909096608,5.117993812416755,4.830311739964974,3.8187108282864943,4.270695952029551,0.691153161953081])",1.0
F001,"['table', 'every', 'yes', 'cover', 'capital.', 'doctor', 'money', 'responsibility', 'improve', 'beyond.', 'yet', 'hand', 'smile', 'more.', '—', 'shocking', 'claims', 'aliens', 'surface', 'internet.']","(10000,[101,142,416,503,650,777,2408,2713,3423,3502,3931,4037,5044,5850,6103,6104,7281,7936,8338,9681],[5.523458920524919,5.523458920524919,4.830311739964974,0.691153161953081,2.958509563063383,4.42484663185681,4.137164559405029,4.830311739964974,4.607168188650764,3.7316994512968646,3.5085558999826545,4.137164559405029,4.607168188650764,0.691153161953081,4.270695952029551,4.137164559405029,0.6792718340663283,0.691153161953081,0.691153161953081,3.8187108282864943])",0.0
F007,"['clear', 'nothing', 'drug', 'next', 'maybe.', 'history', 'hold', 'parent', 'whole', 'rise', 'large', 'best.', 'market', 'young', 'structure', 'claim.', '—', 'shocking', 'claims', 'immortal', 'jellyfish', 'surface', 'internet.']","(10000,[503,627,1611,1876,2066,2389,2657,2875,2996,4292,4816,5850,6043,6543,7022,7281,7809,7860,7936,8273,8338,9876,9932],[0.691153161953081,4.42484663185681,3.7316994512968646,4.830311739964974,2.7508701982851385,4.42484663185681,3.7316994512968646,4.607168188650764,3.8187108282864943,4.42484663185681,3.8187108282864943,0.691153161953081,5.117993812416755,4.270695952029551,4.019381523748645,0.6792718340663283,4.270695952029551,2.958509563063383,0.691153161953081,4.137164559405029,0.691153161953081,2.7508701982851385,5.523458920524919])",0.0
F046,"['ahead', 'weight', 'exactly', 'tough', 'mean.', 'dark', 'old', 'sing', 'dark', 'yes.', '—', 'shocking', 'claims', 'mind', 'control', 'surface', 'internet.']","(10000,[503,697,1208,2096,2601,3184,5447,5850,6451,7083,7281,7936,8004,8268,8338,8457],[0.691153161953081,7.828042016181638,2.7508701982851385,3.914021008090819,5.117993812416755,2.849310271098391,3.5085558999826545,0.691153161953081,3.6516567436233283,4.830311739964974,0.6792718340663283,0.691153161953081,4.42484663185681,3.3262343431887,0.691153161953081,4.607168188650764])",0.0
R103,"['child', 'none', 'marriage', 'opportunity', 'sister', 'range', 'true.', 'risk', 'read', 'contain', 'building', 'compare.', 'rule', 'day', 'scientist', 'drug.', 'experts', 'discuss', 'ongoing', 'developments', 'research.']","(10000,[165,343,3521,3614,3980,4506,4570,4687,5493,5852,6226,6229,6976,7066,7244,7493,7650,8794,9133,9462,9831],[4.137164559405029,4.019381523748645,4.270695952029551,0.667530016189645,4.830311739964974,0.691153161953081,5.117993812416755,0.691153161953081,4.607168188650764,4.019381523748645,4.607168188650764,4.270695952029551,3.7316994512968646,2.8844015909096608,3.8187108282864943,4.137164559405029,4.019381523748645,4.137164559405029,4.137164559405029,0.691153161953081,3.6516567436233283])",1.0
R037,"['avoid', 'notice', 'star', 'send', 'modern', 'boy.', 'free', 'particularly', 'page.', 'every', 'argue', 'east', 'nice', 'writer.', 'experts', 'discuss', 'ongoing', 'developments', 'budget', 'report.']","(10000,[1073,1388,1525,2336,3370,3614,3730,3813,4506,4687,4991,5170,5432,5523,6443,6576,7857,8046,9462,9681],[4.830311739964974,3.914021008090819,4.019381523748645,3.914021008090819,3.914021008090819,0.667530016189645,4.019381523748645,4.830311739964974,0.691153161953081,0.691153161953081,2.503034034380557,4.019381523748645,2.6902455764687034,4.019381523748645,3.8187108282864943,4.137164559405029,5.523458920524919,4.830311739964974,0.691153161953081,3.8187108282864943])",1.0
F193,"['remember', 'technology', 'majority.', 'officer', 'safe', 'foot.', 'everything', 'senior', 'certain', 'board', 'decide', 'maybe.', '—', 'shocking', 'claims', 'secret', 'cure', 'surface', 'internet.']","(10000,[503,696,1020,2041,2875,3709,3892,4144,5685,5850,6747,7281,7454,7642,7936,8293,8338,9156,9288],[0.691153161953081,4.137164559405029,2.4324164671666035,4.830311739964974,4.607168188650764,5.117993812416755,2.5530444549552183,3.914021008090819,3.7316994512968646,0.691153161953081,2.5530444549552183,0.6792718340663283,4.607168188650764,4.270695952029551,0.691153161953081,4.137164559405029,0.691153161953081,3.8187108282864943,3.8187108282864943])",0.0
R166,"['political', 'past.', 'part', 'event', 'strong', 'draw', 'peace', 'situation', 'probably', 'drop.', 'experts', 'discuss', 'ongoing', 'developments', 'election.']","(10000,[2297,3136,3308,3556,3614,3935,4506,4687,6355,6697,7728,8167,8740,8852,9462],[4.019381523748645,4.42484663185681,5.117993812416755,2.8844015909096608,0.667530016189645,4.019381523748645,0.691153161953081,0.691153161953081,4.42484663185681,5.117993812416755,4.607168188650764,4.270695952029551,3.7316994512968646,5.117993812416755,0.691153161953081])",1.0
F017,"['camera', 'writer', 'realize', 'high', 'five', 'ever', 'begin.', 'must', 'congress', 'guess', 'sea', 'seat', 'along.', 'image', 'watch', 'minute', 'her.', '—', 'shocking', 'claims', 'immortal', 'jellyfish', 'surface', 'internet.']","(10000,[47,503,1023,1582,1650,1766,2066,2116,2708,3357,5303,5594,5850,5974,6906,7274,7281,7748,7936,8338,8660,8728,9617,9876],[4.270695952029551,0.691153161953081,4.137164559405029,3.914021008090819,4.270695952029551,4.607168188650764,2.7508701982851385,4.270695952029551,3.7316994512968646,5.117993812416755,4.270695952029551,4.270695952029551,0.691153161953081,3.7316994512968646,4.137164559405029,5.117993812416755,0.6792718340663283,5.523458920524919,0.691153161953081,0.691153161953081,4.42484663185681,3.8187108282864943,4.019381523748645,2.7508701982851385])",0.0
R008,"['toward', 'kitchen', 'choose', 'interest', 'impact.', 'live', 'feel', 'information', 'sell', 'moment', 'skin.', 'experts', 'discuss', 'ongoing', 'developments', 'economic', 'growth.']","(10000,[70,493,756,2706,3115,3194,3401,3614,4485,4506,4687,5324,8190,9034,9144,9462,9706],[4.830311739964974,4.137164559405029,4.019381523748645,5.523458920524919,4.830311739964974,4.270695952029551,4.42484663185681,0.667530016189645,4.270695952029551,0.691153161953081,0.691153161953081,5.117993812416755,4.270695952029551,2.8844015909096608,2.7508701982851385,0.691153161953081,3.914021008090819])",1.0
F071,"['bed', 'arrive', 'majority', 'let.', 'onto', 'course', 'six', 'bad', 'person', 'white.', 'environmental', 'page', 'account', 'wind', 'role', 'himself.', '—', 'shocking', 'claims', 'celebrity', 'scandal', 'surface', 'internet.']","(10000,[503,2558,2827,3249,3350,3486,3564,3652,3792,4319,4921,5401,5850,6027,6877,7281,7391,7936,7956,8338,9187,9244,9497],[0.691153161953081,4.42484663185681,4.137164559405029,4.270695952029551,3.8187108282864943,2.849310271098391,4.830311739964974,4.42484663185681,3.8187108282864943,3.8187108282864943,2.849310271098391,3.914021008090819,0.691153161953081,4.607168188650764,5.523458920524919,0.6792718340663283,4.607168188650764,0.691153161953081,4.42484663185681,0.691153161953081,4.607168188650764,4.830311739964974,4.42484663185681])",0.0
F028,"['national', 'benefit', 'hospital', 'hard', 'senior', 'choose', 'chance.', 'everybody', 'action', 'well', 'figure', 'organization', 'deal.', '—', 'shocking', 'claims', 'mind', 'control', 'surface', 'internet.']","(10000,[157,503,1208,1364,2561,3184,4110,4144,4930,5125,5653,5850,6633,7281,7910,7936,8338,9470,9706,9944],[3.8187108282864943,0.691153161953081,2.7508701982851385,4.019381523748645,4.607168188650764,2.849310271098391,4.270695952029551,3.914021008090819,3.914021008090819,3.8187108282864943,5.117993812416755,0.691153161953081,4.830311739964974,0.6792718340663283,3.577548771469606,0.691153161953081,0.691153161953081,5.523458920524919,3.914021008090819,5.117993812416755])",0.0
F227,"['value', 'drive', 'environment', 'station.', 'interest', 'raise', 'onto', 'entire', 'entire.', '—', 'shocking', 'claims', 'immortal', 'jellyfish', 'surface', 'internet.']","(10000,[70,503,656,1290,2066,2407,3527,4319,5850,6325,7281,7403,7936,8338,8824,9876],[4.830311739964974,0.691153161953081,4.830311739964974,5.117993812416755,2.7508701982851385,3.914021008090819,4.607168188650764,3.8187108282864943,0.691153161953081,4.42484663185681,0.6792718340663283,4.270695952029551,0.691153161953081,0.691153161953081,3.914021008090819,2.7508701982851385])",0.0
R200,"['beautiful', 'wall', 'mention', 'film', 'single', 'eat', 'agreement', 'run.', 'realize', 'order', 'where.', 'experts', 'discuss', 'ongoing', 'developments', 'public', 'health.']","(10000,[1226,1273,1582,1770,2907,3614,4506,4522,4687,5003,6219,6404,7276,7889,7912,8413,9462],[4.42484663185681,3.7316994512968646,3.914021008090819,2.958509563063383,4.019381523748645,0.667530016189645,0.691153161953081,5.117993812416755,0.691153161953081,4.42484663185681,3.0385522707369192,4.42484663185681,3.6516567436233283,4.019381523748645,4.830311739964974,3.383392757028649,0.691153161953081])",1.0
R225,"['choose', 'true', 'successful', 'ready', 'manage', 'none', 'value.', 'offer', 'suggest', 'section', 'safe', 'hand', 'easy', 'stop.', 'experts', 'discuss', 'ongoing', 'developments', 'climate', 'change.']","(10000,[490,760,821,2059,2958,3423,3614,4506,4687,5659,6557,6917,6968,7188,7642,7816,7883,9462,9706,9831],[5.117993812416755,4.270695952029551,2.849310271098391,2.6330871626287546,3.7316994512968646,4.607168188650764,0.667530016189645,0.691153161953081,0.691153161953081,4.270695952029551,4.42484663185681,5.523458920524919,4.137164559405029,5.117993812416755,4.270695952029551,3.7316994512968646,4.607168188650764,0.691153161953081,3.914021008090819,3.6516567436233283])",1.0
R062,"['official', 'religious', 'save', 'throughout', 'detail.', 'rise', 'wide', 'foot', 'hotel', 'song.', 'experts', 'discuss', 'ongoing', 'developments', 'budget', 'report.']","(10000,[2336,2663,2836,3614,4293,4506,4520,4687,4816,4991,5432,5948,6934,7890,8485,9462],[3.914021008090819,4.830311739964974,4.607168188650764,0.667530016189645,4.270695952029551,0.691153161953081,3.8187108282864943,0.691153161953081,3.8187108282864943,2.503034034380557,2.6902455764687034,3.914021008090819,5.117993812416755,4.42484663185681,4.270695952029551,0.691153161953081])",1.0
F033,"['point', 'democratic', 'describe.', 'issue', 'result', 'benefit', 'kitchen', 'executive', 'raise.', 'owner', 'human', 'wrong', 'front.', '—', 'shocking', 'claims', 'hoax', 'surface', 'internet.']","(10000,[399,503,756,4253,4377,4416,5606,5653,5850,6053,6512,6616,7281,7309,7593,7936,8303,8338,9966],[3.6516567436233283,0.691153161953081,4.019381523748645,5.117993812416755,2.60568818844064,4.270695952029551,3.8187108282864943,5.117993812416755,0.691153161953081,3.7316994512968646,4.830311739964974,4.270695952029551,0.6792718340663283,5.523458920524919,4.830311739964974,0.691153161953081,3.7316994512968646,0.691153161953081,4.42484663185681])",0.0
F012,"['population', 'financial', 'rich', 'risk.', 'suddenly', 'strong', 'rule', 'claim.', '—', 'shocking', 'claims', 'hoax', 'surface', 'internet.']","(10000,[343,503,1876,4377,5850,6212,6355,6711,7281,7407,7936,8338,8581,9258],[4.019381523748645,0.691153161953081,4.830311739964974,2.60568818844064,0.691153161953081,4.607168188650764,4.42484663185681,5.117993812416755,0.6792718340663283,3.8187108282864943,0.691153161953081,0.691153161953081,4.019381523748645,4.019381523748645])",0.0
R121,"['authority', 'realize', 'class', 'stage', 'cost', 'pick.', 'plant', 'present', 'least', 'us', 'city', 'sea', 'security.', 'experts', 'discuss', 'ongoing', 'developments', 'research.']","(10000,[30,1176,1582,1634,3614,4007,4490,4506,4687,5344,5495,6660,7066,7244,8130,8423,9462,9617],[4.830311739964974,4.137164559405029,3.914021008090819,4.42484663185681,0.667530016189645,4.42484663185681,3.914021008090819,0.691153161953081,0.691153161953081,5.523458920524919,4.42484663185681,4.42484663185681,2.8844015909096608,3.8187108282864943,4.137164559405029,5.117993812416755,0.691153161953081,4.019381523748645])",1.0
F210,"['bring', 'participant', 'clear', 'laugh', 'nothing.', 'ground', 'leave', 'gas', 'still', 'plan', 'suggest.', '—', 'shocking', 'claims', 'aliens', 'surface', 'internet.']","(10000,[503,650,1611,2913,3057,3478,3712,5396,5607,5850,6123,6487,7098,7281,7936,8338,8661],[0.691153161953081,2.958509563063383,3.7316994512968646,3.7316994512968646,4.019381523748645,5.117993812416755,4.42484663185681,3.914021008090819,3.7316994512968646,0.691153161953081,4.830311739964974,3.914021008090819,4.270695952029551,0.6792718340663283,0.691153161953081,0.691153161953081,4.830311739964974])",0.0
F151,"['billion', 'thank', 'arm', 'perform', 'animal', 'anyone.', 'black', 'leader.', 'today', 'modern', 'item.', '—', 'shocking', 'claims', 'hoax', 'surface', 'internet.']","(10000,[258,503,1098,1687,1948,2336,3984,4377,5850,5931,7281,7299,7360,7936,8338,9495,9806],[4.42484663185681,0.691153161953081,3.6516567436233283,4.607168188650764,3.914021008090819,3.914021008090819,5.117993812416755,2.60568818844064,0.691153161953081,5.117993812416755,0.6792718340663283,5.523458920524919,4.137164559405029,0.691153161953081,0.691153161953081,4.830311739964974,4.270695952029551])",0.0
F099,"['fast', 'human', 'manager', 'employee.', 'medical', 'wife', 'hair', 'girl', 'three', 'avoid', 'doctor.', '—', 'shocking', 'claims', 'secret', 'cure', 'surface', 'internet.']","(10000,[503,1029,1388,1652,3021,3892,5850,5925,6747,7229,7281,7664,7936,8268,8303,8338,8408,9263],[0.691153161953081,4.270695952029551,3.914021008090819,4.137164559405029,3.7316994512968646,2.5530444549552183,0.691153161953081,4.270695952029551,2.5530444549552183,4.830311739964974,0.6792718340663283,4.137164559405029,0.691153161953081,3.3262343431887,3.7316994512968646,0.691153161953081,5.117993812416755,4.42484663185681])",0.0
R090,"['real', 'ability', 'two', 'grow', 'yard', 'go.', 'around', 'politics', 'character', 'culture', 'phone', 'behind.', 'experts', 'discuss', 'ongoing', 'developments', 'technology', 'breakthrough.']","(10000,[424,1020,1626,2227,2404,3614,3681,4506,4687,4702,4728,4867,5887,6197,8271,8645,9462,9691],[4.270695952029551,2.4324164671666035,4.137164559405029,2.7200985396183848,4.270695952029551,0.667530016189645,4.830311739964974,0.691153161953081,0.691153161953081,5.117993812416755,4.019381523748645,4.42484663185681,3.4440173788450834,4.270695952029551,5.523458920524919,4.42484663185681,0.691153161953081,4.270695952029551])",1.0
R125,"['often', 'wife', 'series', 'carry.', 'become', 'one', 'debate', 'congress.', 'today', 'always', 'base', 'investment.', 'experts', 'discuss', 'ongoing', 'developments', 'budget', 'report.']","(10000,[7,815,1734,2513,3021,3614,3881,4463,4506,4687,4991,5432,7090,8173,8276,9011,9462,9806],[4.830311739964974,4.019381523748645,4.607168188650764,4.607168188650764,3.7316994512968646,0.667530016189645,5.117993812416755,4.270695952029551,0.691153161953081,0.691153161953081,2.503034034380557,2.6902455764687034,4.019381523748645,3.6516567436233283,4.607168188650764,4.019381523748645,0.691153161953081,4.270695952029551])",1.0
R091,"['use', 'economic', 'old', 'prevent', 'bit', 'whose', 'beyond', 'condition.', 'compare', 'others', 'move', 'above.', 'experts', 'discuss', 'ongoing', 'developments', 'climate', 'change.']","(10000,[821,1989,2059,2406,3252,3614,4506,4687,5133,6282,6940,7083,7723,8900,9144,9246,9462,9539],[2.849310271098391,4.830311739964974,2.6330871626287546,4.42484663185681,4.137164559405029,0.667530016189645,0.691153161953081,0.691153161953081,3.914021008090819,4.137164559405029,4.607168188650764,4.830311739964974,4.830311739964974,4.607168188650764,2.7508701982851385,5.117993812416755,0.691153161953081,4.42484663185681])",1.0
R157,"['measure', 'artist', 'four', 'strategy', 'official', 'magazine.', 'executive', 'generation', 'service.', 'process', 'capital', 'eat', 'result', 'consider', 'poor.', 'experts', 'discuss', 'ongoing', 'developments', 'climate', 'change.']","(10000,[312,399,528,821,1243,2059,2291,2419,2613,3614,4221,4506,4687,6541,6963,7276,8040,8485,8931,9462,9966],[4.42484663185681,3.6516567436233283,4.607168188650764,2.849310271098391,4.019381523748645,2.6330871626287546,4.019381523748645,4.830311739964974,5.117993812416755,0.667530016189645,4.830311739964974,0.691153161953081,0.691153161953081,4.607168188650764,4.019381523748645,3.6516567436233283,4.42484663185681,4.270695952029551,4.42484663185681,0.691153161953081,4.42484663185681])",1.0
F098,"['friend', 'south', 'mr', 'enter.', 'task', 'grow', 'home', 'trade', 'concern', 'couple', 'also.', 'close', 'strategy', 'rock', 'natural', 'impact', 'threat.', '—', 'shocking', 'claims', 'miracle', 'drug', 'surface', 'internet.']","(10000,[419,488,503,574,1256,1968,1972,2291,2404,2647,3365,3475,3497,4816,4988,5268,5850,7281,7702,7860,7936,8121,8338,8451],[4.019381523748645,4.137164559405029,0.691153161953081,4.270695952029551,3.125563647726549,4.42484663185681,3.914021008090819,4.019381523748645,4.270695952029551,4.019381523748645,4.607168188650764,5.117993812416755,4.607168188650764,3.8187108282864943,4.42484663185681,5.117993812416755,0.691153161953081,0.6792718340663283,4.270695952029551,2.958509563063383,0.691153161953081,5.117993812416755,0.691153161953081,4.137164559405029])",0.0
F164,"['discussion', 'around', 'president', 'key', 'assume.', '—', 'shocking', 'claims', 'immortal', 'jellyfish', 'surface', 'internet.']","(10000,[503,1306,2066,3131,5315,5850,6197,7281,7936,8338,8550,9876],[0.691153161953081,4.019381523748645,2.7508701982851385,4.137164559405029,4.42484663185681,0.691153161953081,4.270695952029551,0.6792718340663283,0.691153161953081,0.691153161953081,5.523458920524919,2.7508701982851385])",0.0
R050,"['risk', 'near', 'also', 'point', 'send', 'first.', 'method', 'reduce', 'pattern', 'happy', 'exist', 'push.', 'look', 'increase', 'maintain', 'try.', 'experts', 'discuss', 'ongoing', 'developments', 'economic', 'growth.']","(10000,[617,3614,3756,3792,3960,4416,4506,4687,5247,5347,5523,5974,6015,6602,7074,7963,8159,8794,9034,9144,9462,9939],[3.7316994512968646,0.667530016189645,4.830311739964974,3.8187108282864943,4.830311739964974,4.270695952029551,0.691153161953081,0.691153161953081,4.270695952029551,4.019381523748645,4.019381523748645,3.7316994512968646,4.42484663185681,4.137164559405029,3.577548771469606,4.137164559405029,3.577548771469606,4.137164559405029,2.8844015909096608,2.7508701982851385,0.691153161953081,4.270695952029551])",1.0
R249,"['budget', 'life', 'forget', 'remember', 'cultural', 'pattern', 'themselves.', 'large', 'popular', 'artist', 'join.', 'forward', 'born', 'its.', 'experts', 'discuss', 'ongoing', 'developments', 'climate', 'change.']","(10000,[617,821,2059,3477,3614,4506,4687,4991,5685,5853,6148,7015,7022,7146,8411,8931,9233,9462,9545,9994],[3.7316994512968646,2.849310271098391,2.6330871626287546,3.8187108282864943,0.667530016189645,0.691153161953081,0.691153161953081,2.503034034380557,3.7316994512968646,4.607168188650764,4.270695952029551,5.523458920524919,4.019381523748645,4.137164559405029,3.6516567436233283,4.42484663185681,4.607168188650764,0.691153161953081,3.914021008090819,5.523458920524919])",1.0
R093,"['audience', 'evidence', 'morning', 'management.', 'carry', 'base', 'even.', 'finally', 'technology', 'mouth', 'down.', 'experts', 'discuss', 'ongoing', 'developments', 'election.']","(10000,[454,1020,1312,1815,1817,2054,3160,3556,3614,4506,4687,7177,7497,8173,9025,9462],[4.137164559405029,2.4324164671666035,4.830311739964974,5.523458920524919,3.8187108282864943,4.42484663185681,4.137164559405029,2.8844015909096608,0.667530016189645,0.691153161953081,0.691153161953081,4.607168188650764,4.42484663185681,3.6516567436233283,5.523458920524919,0.691153161953081])",1.0
R131,"['person', 'job', 'clear', 'four.', 'moment', 'skin', 'discuss.', 'seem', 'treatment', 'along', 'word', 'produce.', 'experts', 'discuss', 'ongoing', 'developments', 'education.']","(10000,[557,1611,2588,2840,3249,3401,3519,3614,4506,4687,5047,5833,7960,8015,8731,9462,9927],[4.607168188650764,3.7316994512968646,4.270695952029551,4.270695952029551,4.270695952029551,4.42484663185681,4.42484663185681,0.667530016189645,0.691153161953081,0.691153161953081,2.661258039595451,3.914021008090819,5.117993812416755,4.607168188650764,4.607168188650764,0.691153161953081,5.523458920524919])",1.0
F107,"['call', 'early', 'part', 'college', 'five', 'from.', 'clearly', 'movement', 'day', 'sound', 'hospital', 'heavy.', '—', 'shocking', 'claims', 'flat', 'earth', 'surface', 'internet.']","(10000,[503,1411,2918,3495,4092,4930,5146,5294,5850,5974,6166,7281,7936,8057,8238,8338,8740,9133,9676],[0.691153161953081,4.830311739964974,3.0385522707369192,5.523458920524919,4.019381523748645,3.914021008090819,4.270695952029551,4.137164559405029,0.691153161953081,3.7316994512968646,4.270695952029551,0.6792718340663283,0.691153161953081,4.607168188650764,4.270695952029551,0.691153161953081,3.7316994512968646,4.137164559405029,3.0385522707369192])",0.0
F153,"['employee', 'hair', 'tax', 'argue', 'present', 'interview.', 'per', 'stuff', 'buy', 'voice', 'detail.', '—', 'shocking', 'claims', 'hoax', 'surface', 'internet.']","(10000,[80,298,503,2336,3530,3730,4377,5138,5850,6548,6587,7281,7664,7722,7936,8130,8338],[4.42484663185681,4.607168188650764,0.691153161953081,3.914021008090819,4.270695952029551,4.019381523748645,2.60568818844064,5.523458920524919,0.691153161953081,4.270695952029551,4.607168188650764,0.6792718340663283,4.137164559405029,4.137164559405029,0.691153161953081,4.137164559405029,0.691153161953081])",0.0
F091,"['score', 'crime', 'team', 'spend', 'require', 'poor', 'my.', 'nature', 'space', 'number', 'reveal', 'ahead', 'recognize.', '—', 'shocking', 'claims', 'flat', 'earth', 'surface', 'internet.']","(10000,[353,468,503,731,1507,1927,2918,3611,4596,5850,7281,7381,7936,8103,8268,8338,8449,8519,9188,9676],[4.270695952029551,4.270695952029551,0.691153161953081,4.137164559405029,4.270695952029551,4.607168188650764,3.0385522707369192,4.137164559405029,5.523458920524919,0.691153161953081,0.6792718340663283,4.607168188650764,0.691153161953081,4.270695952029551,3.3262343431887,0.691153161953081,4.42484663185681,4.270695952029551,4.137164559405029,3.0385522707369192])",0.0
R246,"['want', 'million', 'live', 'change', 'story', 'choose.', 'experts', 'discuss', 'ongoing', 'developments', 'economic', 'growth.']","(10000,[387,493,3614,4333,4506,4687,6855,7712,8651,9034,9144,9462],[5.117993812416755,4.137164559405029,0.667530016189645,5.117993812416755,0.691153161953081,0.691153161953081,4.019381523748645,4.830311739964974,4.607168188650764,2.8844015909096608,2.7508701982851385,0.691153161953081])",1.0
F004,"['notice', 'power', 'a.', 'leader', 'next', 'inside', 'girl.', '—', 'shocking', 'claims', 'secret', 'cure', 'surface', 'internet.']","(10000,[503,1525,1526,3056,3892,5850,6747,7281,7370,7936,8273,8338,8389,9066],[0.691153161953081,4.019381523748645,4.019381523748645,4.137164559405029,2.5530444549552183,0.691153161953081,2.5530444549552183,0.6792718340663283,4.830311739964974,0.691153161953081,4.137164559405029,0.691153161953081,5.117993812416755,4.137164559405029])",0.0
F220,"['single', 'democrat', 'wish', 'maybe.', 'edge', 'might', 'field', 'help.', 'scene', 'feeling', 'consumer.', '—', 'shocking', 'claims', 'celebrity', 'scandal', 'surface', 'internet.']","(10000,[495,503,613,2875,3486,3921,3924,3952,4921,5094,5234,5844,5850,7074,7281,7889,7936,8338],[4.270695952029551,0.691153161953081,4.019381523748645,4.607168188650764,2.849310271098391,4.607168188650764,4.42484663185681,4.270695952029551,2.849310271098391,5.523458920524919,3.914021008090819,3.8187108282864943,0.691153161953081,3.577548771469606,0.6792718340663283,4.019381523748645,0.691153161953081,0.691153161953081])",0.0
F121,"['section', 'learn', 'market', 'final', 'situation', 'military', 'himself.', 'financial', 'leg', 'fire', 'choose', 'sense.', 'add', 'great', 'teach', 'test.', 'father', 'offer', 'source', 'seat', 'month', 'care.', '—', 'shocking', 'claims', 'hoax', 'surface', 'internet.']","(10000,[47,353,503,750,1653,1800,2657,2958,3136,3792,4377,5191,5390,5741,5850,5877,5967,6290,6968,7281,7407,7721,7936,8338,8522,8960,9706,9887],[4.270695952029551,4.270695952029551,0.691153161953081,4.607168188650764,4.270695952029551,5.117993812416755,3.7316994512968646,3.7316994512968646,4.42484663185681,3.8187108282864943,2.60568818844064,5.523458920524919,5.117993812416755,4.42484663185681,0.691153161953081,3.914021008090819,4.270695952029551,4.607168188650764,4.137164559405029,0.6792718340663283,3.8187108282864943,4.270695952029551,0.691153161953081,0.691153161953081,4.42484663185681,4.830311739964974,3.914021008090819,4.607168188650764])",0.0
F245,"['draw', 'director', 'policy', 'against.', 'owner', 'student', 'east', 'forward.', 'happen', 'sense.', 'professor', 'board', 'star', 'star', 'benefit.', '—', 'shocking', 'claims', 'mind', 'control', 'surface', 'internet.']","(10000,[353,503,1208,1840,1853,1886,2543,3184,3536,4142,4704,5170,5417,5850,6053,6576,7281,7454,7936,8167,8338],[4.270695952029551,0.691153161953081,2.7508701982851385,5.523458920524919,4.607168188650764,5.117993812416755,3.6516567436233283,2.849310271098391,4.137164559405029,3.7316994512968646,3.8187108282864943,8.03876304749729,4.830311739964974,0.691153161953081,3.7316994512968646,4.137164559405029,0.6792718340663283,4.607168188650764,0.691153161953081,4.270695952029551,0.691153161953081])",0.0
R035,"['politics', 'suffer', 'window.', 'experts', 'discuss', 'ongoing', 'developments', 'climate', 'change.']","(10000,[619,821,2059,3614,4506,4687,5887,6135,9462],[4.830311739964974,2.849310271098391,2.6330871626287546,0.667530016189645,0.691153161953081,0.691153161953081,3.4440173788450834,4.270695952029551,0.691153161953081])",1.0
R024,"['provide', 'base', 'rise.', 'experts', 'discuss', 'ongoing', 'developments', 'education.']","(10000,[3614,4506,4554,4687,5047,5946,8173,9462],[0.667530016189645,0.691153161953081,5.117993812416755,0.691153161953081,2.661258039595451,4.019381523748645,3.6516567436233283,0.691153161953081])",1.0
F079,"['care', 'window', 'point.', 'forget', 'toward', 'open', 'building', 'animal.', '—', 'shocking', 'claims', 'miracle', 'drug', 'surface', 'internet.']","(10000,[454,503,1256,2403,3194,5310,5783,5850,5852,7146,7281,7721,7860,7936,8338],[4.137164559405029,0.691153161953081,3.125563647726549,4.019381523748645,4.270695952029551,3.8187108282864943,4.42484663185681,0.691153161953081,4.019381523748645,4.137164559405029,0.6792718340663283,4.270695952029551,2.958509563063383,0.691153161953081,0.691153161953081])",0.0
R094,"['baby', 'treat', 'drop.', 'model', 'information', 'every', 'realize', 'discover.', 'experts', 'discuss', 'ongoing', 'developments', 'policy.']","(10000,[1348,1582,1848,3614,4506,4687,6944,7102,8190,8750,8852,9462,9681],[4.42484663185681,3.914021008090819,5.117993812416755,0.667530016189645,0.691153161953081,0.691153161953081,2.8154087194227095,4.607168188650764,4.270695952029551,4.137164559405029,5.117993812416755,0.691153161953081,3.8187108282864943])",1.0
R040,"['business', 'unit', 'provide', 'body', 'school', 'many', 'next.', 'future', 'move', 'fine', 'beat.', 'reality', 'economy', 'follow', 'government', 'father', 'enjoy', 'present.', 'experts', 'discuss', 'ongoing', 'developments', 'policy.']","(10000,[217,680,841,1800,1805,2259,2679,3614,3816,4506,4687,5188,5374,5844,5946,6282,6335,6431,6488,6944,9367,9462,9612],[4.270695952029551,4.42484663185681,4.270695952029551,5.117993812416755,4.270695952029551,2.579019941358479,4.137164559405029,0.667530016189645,4.830311739964974,0.691153161953081,0.691153161953081,4.607168188650764,3.6516567436233283,3.8187108282864943,4.019381523748645,4.137164559405029,4.42484663185681,4.019381523748645,3.8187108282864943,2.8154087194227095,4.270695952029551,0.691153161953081,5.523458920524919])",1.0
F170,"['base', 'believe', 'professor.', 'standard', 'newspaper', 'point', 'four', 'large.', '—', 'shocking', 'claims', 'immortal', 'jellyfish', 'surface', 'internet.']","(10000,[503,533,1243,2066,2967,3180,3238,3713,4416,5850,7281,7936,8173,8338,9876],[0.691153161953081,3.914021008090819,4.019381523748645,2.7508701982851385,4.607168188650764,5.523458920524919,4.270695952029551,5.523458920524919,4.270695952029551,0.691153161953081,0.6792718340663283,0.691153161953081,3.6516567436233283,0.691153161953081,2.7508701982851385])",0.0
F130,"['project', 'apply', 'report.', 'though', 'air', 'opportunity', 'pattern', 'enter', 'argue.', '—', 'shocking', 'claims', 'immortal', 'jellyfish', 'surface', 'internet.']","(10000,[88,503,617,2066,2230,3385,5432,5850,6976,7281,7312,7435,7509,7936,8338,9876],[3.914021008090819,0.691153161953081,3.7316994512968646,2.7508701982851385,3.914021008090819,3.914021008090819,2.6902455764687034,0.691153161953081,3.7316994512968646,0.6792718340663283,4.019381523748645,3.914021008090819,4.607168188650764,0.691153161953081,0.691153161953081,2.7508701982851385])",0.0
R085,"['begin', 'president', 'work', 'red', 'receive', 'bag', 'end.', 'story', 'check', 'school', 'front', 'enter', 'new.', 'experts', 'discuss', 'ongoing', 'developments', 'economic', 'growth.']","(10000,[52,415,504,1306,1513,2679,3614,3901,4506,4617,4687,4959,6280,6855,7435,9034,9144,9462,9527],[4.42484663185681,3.914021008090819,5.117993812416755,4.019381523748645,4.019381523748645,4.137164559405029,0.667530016189645,4.830311739964974,0.691153161953081,3.6516567436233283,0.691153161953081,4.607168188650764,4.607168188650764,4.019381523748645,3.914021008090819,2.8844015909096608,2.7508701982851385,0.691153161953081,4.019381523748645])",1.0
R054,"['us', 'consumer', 'various', 'receive', 'security', 'model', 'network.', 'customer', 'teach', 'team', 'black', 'operation.', 'moment', 'international', 'hospital', 'realize.', 'experts', 'discuss', 'ongoing', 'developments', 'budget', 'report.']","(10000,[188,468,1413,1948,2634,2710,3401,3614,4506,4617,4687,4930,4991,5432,5887,6647,6660,7102,7515,8522,9462,9475],[4.42484663185681,4.270695952029551,4.607168188650764,3.914021008090819,4.019381523748645,5.117993812416755,4.42484663185681,0.667530016189645,0.691153161953081,3.6516567436233283,0.691153161953081,3.914021008090819,2.503034034380557,2.6902455764687034,3.4440173788450834,4.607168188650764,4.42484663185681,4.607168188650764,5.523458920524919,4.42484663185681,0.691153161953081,4.270695952029551])",1.0
R047,"['energy', 'among', 'environment', 'investment', 'detail', 'billion', 'anything', 'west.', 'worker', 'western', 'eye', 'blue.', 'experts', 'discuss', 'ongoing', 'developments', 'technology', 'breakthrough.']","(10000,[258,524,1020,1143,1341,1562,2114,2227,2407,2676,2722,3614,4506,4687,5987,7362,8307,9462],[4.42484663185681,3.8187108282864943,2.4324164671666035,4.137164559405029,3.7316994512968646,4.607168188650764,4.137164559405029,2.7200985396183848,3.914021008090819,4.270695952029551,5.117993812416755,0.667530016189645,0.691153161953081,0.691153161953081,5.117993812416755,4.019381523748645,4.019381523748645,0.691153161953081])",1.0
R199,"['week', 'trade', 'cultural.', 'national', 'eat', 'week', 'challenge', 'visit', 'sister', 'sport.', 'experts', 'discuss', 'ongoing', 'developments', 'economic', 'growth.']","(10000,[419,698,2111,3521,3614,4506,4687,5122,5935,7276,7910,8471,9034,9144,9462],[4.019381523748645,3.914021008090819,5.117993812416755,4.270695952029551,0.667530016189645,0.691153161953081,0.691153161953081,10.23598762483351,4.607168188650764,3.6516567436233283,3.577548771469606,4.607168188650764,2.8844015909096608,2.7508701982851385,0.691153161953081])",1.0
F062,"['owner', 'money', 'peace', 'reduce.', '—', 'shocking', 'claims', 'miracle', 'drug', 'surface', 'internet.']","(10000,[503,1256,5850,6053,6077,6103,6697,7281,7860,7936,8338],[0.691153161953081,3.125563647726549,0.691153161953081,3.7316994512968646,5.523458920524919,4.270695952029551,5.117993812416755,0.6792718340663283,2.958509563063383,0.691153161953081,0.691153161953081])",0.0
R244,"['watch', 'box.', 'experts', 'discuss', 'ongoing', 'developments', 'technology', 'breakthrough.']","(10000,[1020,2227,2708,3614,4506,4687,8774,9462],[2.4324164671666035,2.7200985396183848,3.7316994512968646,0.667530016189645,0.691153161953081,0.691153161953081,5.117993812416755,0.691153161953081])",1.0
R107,"['general', 'least', 'future', 'allow.', 'situation', 'pm', 'pm', 'anyone', 'you.', 'suggest', 'listen', 'every', 'early', 'various', 'now.', 'experts', 'discuss', 'ongoing', 'developments', 'election.']","(10000,[4,429,666,1634,3136,3556,3614,3802,4092,4506,4687,5465,6488,6647,7026,7601,7816,9462,9681],[4.607168188650764,4.270695952029551,4.607168188650764,4.42484663185681,4.42484663185681,2.8844015909096608,0.667530016189645,5.117993812416755,4.019381523748645,0.691153161953081,0.691153161953081,4.830311739964974,3.8187108282864943,4.607168188650764,8.84969326371362,5.523458920524919,3.7316994512968646,0.691153161953081,3.8187108282864943])",1.0
F148,"['ask', 'structure', 'future', 'take.', 'house', 'contain', 'summer', 'politics', 'anything', 'arrive', 'mention', 'hard.', 'stage', 'rate', 'whatever', 'effort', 'as.', '—', 'shocking', 'claims', 'aliens', 'surface', 'internet.']","(10000,[30,253,503,650,2114,2117,2907,2996,3507,4357,5726,5836,5850,5887,6035,6488,7281,7391,7493,7695,7936,8338,9481],[4.830311739964974,4.607168188650764,0.691153161953081,2.958509563063383,4.137164559405029,5.117993812416755,4.019381523748645,3.8187108282864943,4.137164559405029,5.117993812416755,3.914021008090819,4.42484663185681,0.691153161953081,3.4440173788450834,3.7316994512968646,3.8187108282864943,0.6792718340663283,4.607168188650764,4.137164559405029,4.270695952029551,0.691153161953081,0.691153161953081,4.019381523748645])",0.0
F023,"['world', 'quite', 'hear', 'among', 'lead.', 'foot', 'certainly', 'time', 'indicate', 'different', 'popular', 'thank.', '—', 'shocking', 'claims', 'mind', 'control', 'surface', 'internet.']","(10000,[503,673,798,1208,3184,4842,5850,6056,6148,6485,6683,7281,7362,7386,7890,7936,8157,8338,9360],[0.691153161953081,4.42484663185681,5.117993812416755,2.7508701982851385,2.849310271098391,4.019381523748645,0.691153161953081,4.019381523748645,4.270695952029551,4.42484663185681,4.137164559405029,0.6792718340663283,4.019381523748645,4.830311739964974,4.42484663185681,0.691153161953081,4.607168188650764,0.691153161953081,3.914021008090819])",0.0
R075,"['huge', 'member', 'color', 'always', 'quite', 'find.', 'shake', 'occur', 'structure', 'cold', 'mr', 'mind.', 'experts', 'discuss', 'ongoing', 'developments', 'budget', 'report.']","(10000,[1921,2180,2198,2647,2996,3614,3920,4506,4687,4991,5432,6056,6764,6790,7359,9011,9462,9832],[3.8187108282864943,4.607168188650764,4.137164559405029,4.019381523748645,3.8187108282864943,0.667530016189645,4.137164559405029,0.691153161953081,0.691153161953081,2.503034034380557,2.6902455764687034,4.019381523748645,5.117993812416755,4.42484663185681,5.523458920524919,4.019381523748645,0.691153161953081,4.830311739964974])",1.0
R220,"['enter', 'task', 'note', 'quickly', 'live', 'grow', 'live', 'young.', 'agent', 'move', 'next', 'claim', 'weight', 'street.', 'never', 'name', 'make', 'election', 'method', 'research', 'work', 'popular.', 'experts', 'discuss', 'ongoing', 'developments', 'public', 'health.']","(10000,[15,132,281,493,1770,2404,3391,3525,3614,4506,4687,5016,5252,6015,6219,6282,7435,7786,8004,8273,8451,8937,9372,9432,9462,9527,9909],[4.607168188650764,4.607168188650764,4.830311739964974,8.274329118810059,2.958509563063383,4.270695952029551,4.607168188650764,4.830311739964974,0.667530016189645,0.691153161953081,0.691153161953081,4.270695952029551,5.117993812416755,4.42484663185681,3.0385522707369192,4.137164559405029,3.914021008090819,4.42484663185681,4.42484663185681,4.137164559405029,4.137164559405029,4.607168188650764,5.117993812416755,4.830311739964974,0.691153161953081,4.019381523748645,4.42484663185681])",1.0
R099,"['marriage', 'generation', 'occur', 'college', 'base.', 'group', 'mission', 'ability.', 'experts', 'discuss', 'ongoing', 'developments', 'economic', 'growth.']","(10000,[226,1921,3614,4506,4687,6069,6229,6838,6963,7766,8057,9034,9144,9462],[5.117993812416755,3.8187108282864943,0.667530016189645,0.691153161953081,0.691153161953081,4.137164559405029,4.270695952029551,5.523458920524919,4.019381523748645,4.607168188650764,4.607168188650764,2.8844015909096608,2.7508701982851385,0.691153161953081])",1.0
F066,"['cold', 'air', 'expect', 'point', 'minute.', 'lot', 'stock', 'per', 'beautiful', 'better', 'leader.', 'conference', 'card', 'place', 'discuss', 'century.', 'available', 'realize', 'bar', 'subject', 'owner', 'study.', '—', 'shocking', 'claims', 'flat', 'earth', 'surface', 'internet.']","(10000,[88,298,503,793,1273,1582,2144,2475,2543,2788,2918,3614,3691,3920,4416,4943,5657,5850,6053,6390,7175,7281,7332,7936,8338,8625,8655,9495,9676],[3.914021008090819,4.607168188650764,0.691153161953081,4.270695952029551,3.7316994512968646,3.914021008090819,3.914021008090819,4.42484663185681,3.6516567436233283,5.523458920524919,3.0385522707369192,0.667530016189645,4.270695952029551,4.137164559405029,4.270695952029551,4.42484663185681,4.270695952029551,0.691153161953081,3.7316994512968646,4.42484663185681,5.523458920524919,0.6792718340663283,4.270695952029551,0.691153161953081,0.691153161953081,5.117993812416755,4.270695952029551,4.830311739964974,3.0385522707369192])",0.0
F060,"['rise', 'strong', 'human', 'condition.', 'speech', 'middle', 'space', 'test.', '—', 'shocking', 'claims', 'flat', 'earth', 'surface', 'internet.']","(10000,[502,503,2918,4816,5850,6355,7281,7723,7936,8303,8338,8960,9188,9676,9878],[4.830311739964974,0.691153161953081,3.0385522707369192,3.8187108282864943,0.691153161953081,4.42484663185681,0.6792718340663283,4.830311739964974,0.691153161953081,3.7316994512968646,0.691153161953081,4.830311739964974,4.137164559405029,3.0385522707369192,4.42484663185681])",0.0
F022,"['eat', 'study', 'interview', 'beat', 'part', 'social.', 'enter', 'threat', 'day.', 'serious', 'maintain', 'wall', 'themselves.', '—', 'shocking', 'claims', 'government', 'cover-up', 'surface', 'internet.']","(10000,[503,1117,1842,2259,2569,4224,4847,5247,5850,5853,6035,6404,7276,7281,7435,7936,8070,8338,8740,9813],[0.691153161953081,3.914021008090819,4.830311739964974,2.579019941358479,3.577548771469606,4.137164559405029,4.607168188650764,4.270695952029551,0.691153161953081,4.607168188650764,3.7316994512968646,4.42484663185681,3.6516567436233283,0.6792718340663283,3.914021008090819,0.691153161953081,4.137164559405029,0.691153161953081,3.7316994512968646,2.997730276216664])",0.0
F127,"['team', 'professional', 'foreign.', 'answer', 'source', 'book', 'war', 'occur', 'mean.', 'girl', 'small', 'good', 'production', 'cover.', '—', 'shocking', 'claims', 'mind', 'control', 'surface', 'internet.']","(10000,[222,393,468,503,1029,1208,1921,2155,3184,3619,3822,5850,6168,7281,7721,7936,8338,8353,8457,8719,8867],[4.607168188650764,4.137164559405029,4.270695952029551,0.691153161953081,4.270695952029551,2.7508701982851385,3.8187108282864943,4.42484663185681,2.849310271098391,4.42484663185681,5.117993812416755,0.691153161953081,4.137164559405029,0.6792718340663283,4.270695952029551,0.691153161953081,0.691153161953081,4.42484663185681,4.607168188650764,4.607168188650764,5.117993812416755])",0.0
R212,"['scientist', 'sense', 'us', 'resource', 'probably', 'result', 'tree.', 'draw', 'hard', 'democrat', 'hot', 'decision', 'state', 'boy.', 'world', 'knowledge', 'choice', 'line.', 'experts', 'discuss', 'ongoing', 'developments', 'education.']","(10000,[399,1670,1808,2115,2193,2297,3614,4506,4687,5047,5125,5234,5447,6053,6226,6660,7864,8046,8167,9357,9360,9462,9693],[3.6516567436233283,4.270695952029551,4.42484663185681,4.830311739964974,4.607168188650764,4.019381523748645,0.667530016189645,0.691153161953081,0.691153161953081,2.661258039595451,3.8187108282864943,3.914021008090819,3.5085558999826545,3.7316994512968646,4.607168188650764,4.42484663185681,4.607168188650764,4.830311739964974,4.270695952029551,5.117993812416755,3.914021008090819,0.691153161953081,4.270695952029551])",1.0
F119,"['court', 'unit', 'next', 'spend', 'today', 'husband', 'certain.', 'behind', 'grow', 'human', 'plant', 'mother.', '—', 'shocking', 'claims', 'mind', 'control', 'surface', 'internet.']","(10000,[353,503,1208,2404,3184,4346,4568,5850,6335,7177,7208,7244,7281,7936,8273,8303,8338,9380,9806],[4.270695952029551,0.691153161953081,2.7508701982851385,4.270695952029551,2.849310271098391,4.42484663185681,4.607168188650764,0.691153161953081,4.42484663185681,4.607168188650764,5.117993812416755,3.8187108282864943,0.6792718340663283,0.691153161953081,4.137164559405029,3.7316994512968646,0.691153161953081,5.523458920524919,4.270695952029551])",0.0
F103,"['produce', 'live', 'ever', 'heavy', 'material', 'century', 'own.', 'girl', 'move', 'nice', 'night', 'use.', '—', 'shocking', 'claims', 'hoax', 'surface', 'internet.']","(10000,[493,503,1029,1648,3231,3370,4377,5594,5850,6282,6869,7281,7813,7841,7936,8338,8949,9021],[4.137164559405029,0.691153161953081,4.270695952029551,4.019381523748645,4.137164559405029,3.914021008090819,2.60568818844064,4.270695952029551,0.691153161953081,4.137164559405029,4.019381523748645,0.6792718340663283,5.117993812416755,3.914021008090819,0.691153161953081,0.691153161953081,4.42484663185681,4.270695952029551])",0.0
F191,"['finally', 'defense', 'man', 'information.', 'memory', 'movement', 'assume', 'final.', 'economy', 'score', 'past', 'feel.', 'remember', 'speak', 'animal', 'night', 'leader', 'movie', 'hand.', '—', 'shocking', 'claims', 'mind', 'control', 'surface', 'internet.']","(10000,[217,503,1208,1439,1526,1817,1927,2101,2569,2664,3184,3543,4732,5294,5685,5850,5955,6869,6941,7281,7360,7936,8338,9275,9682,9878],[4.270695952029551,0.691153161953081,2.7508701982851385,4.270695952029551,4.019381523748645,3.8187108282864943,4.607168188650764,5.117993812416755,3.577548771469606,3.914021008090819,2.849310271098391,4.270695952029551,4.42484663185681,4.137164559405029,3.7316994512968646,0.691153161953081,5.117993812416755,4.019381523748645,4.42484663185681,0.6792718340663283,4.137164559405029,0.691153161953081,0.691153161953081,3.6516567436233283,4.830311739964974,4.42484663185681])",0.0
F002,"['bank', 'security', 'window', 'add.', 'actually', 'plant', 'lay', 'animal', 'market.', '—', 'shocking', 'claims', 'mind', 'control', 'surface', 'internet.']","(10000,[503,1208,2403,2634,3184,4475,5850,6447,7244,7281,7360,7936,8338,8344,8353,8982],[0.691153161953081,2.7508701982851385,4.019381523748645,4.019381523748645,2.849310271098391,4.42484663185681,0.691153161953081,4.019381523748645,3.8187108282864943,0.6792718340663283,4.137164559405029,0.691153161953081,0.691153161953081,4.137164559405029,4.42484663185681,4.830311739964974])",0.0
R155,"['evidence', 'mind', 'worker', 'game.', 'set', 'magazine', 'usually', 'hotel', 'majority.', 'experts', 'discuss', 'ongoing', 'developments', 'election.']","(10000,[2054,2663,2676,2990,3184,3556,3614,3709,4506,4687,5342,5498,8413,9462],[4.42484663185681,4.830311739964974,4.270695952029551,3.914021008090819,2.849310271098391,2.8844015909096608,0.667530016189645,5.117993812416755,0.691153161953081,0.691153161953081,4.830311739964974,5.117993812416755,3.383392757028649,0.691153161953081])",1.0
R006,"['rule', 'defense', 'accept', 'director', 'mention', 'huge', 'owner.', 'charge', 'office', 'camera', 'rock.', 'movie', 'strategy', 'gun', 'leader', 'risk', 'put.', 'experts', 'discuss', 'ongoing', 'developments', 'technology', 'breakthrough.']","(10000,[343,1020,1439,1526,1650,1853,2198,2227,2291,2634,2657,2907,3543,3614,4506,4687,5476,6812,8313,8344,8794,9296,9462],[4.019381523748645,2.4324164671666035,4.270695952029551,4.019381523748645,4.270695952029551,4.607168188650764,4.137164559405029,2.7200985396183848,4.019381523748645,4.019381523748645,3.7316994512968646,4.019381523748645,4.270695952029551,0.667530016189645,0.691153161953081,0.691153161953081,4.830311739964974,4.137164559405029,4.137164559405029,4.137164559405029,4.137164559405029,5.117993812416755,0.691153161953081])",1.0
F086,"['technology', 'wall', 'give', 'owner.', 'foreign', 'firm', 'yet', 'almost', 'start', 'hotel', 'color.', 'third', 'business', 'claim', 'window.', '—', 'shocking', 'claims', 'government', 'cover-up', 'surface', 'internet.']","(10000,[503,619,1020,2259,2494,2634,2663,2996,3783,4037,5374,5850,6206,6404,7281,7936,8338,8566,8771,8894,8937,9813],[0.691153161953081,4.830311739964974,2.4324164671666035,2.579019941358479,5.523458920524919,4.019381523748645,4.830311739964974,3.8187108282864943,4.42484663185681,4.137164559405029,3.6516567436233283,0.691153161953081,4.42484663185681,4.42484663185681,0.6792718340663283,0.691153161953081,0.691153161953081,4.42484663185681,4.019381523748645,4.607168188650764,4.607168188650764,2.997730276216664])",0.0
R168,"['coach', 'line', 'entire.', 'without', 'despite', 'budget', 'perform', 'democrat', 'help', 'star.', 'experts', 'discuss', 'ongoing', 'developments', 'election.']","(10000,[656,1098,1182,1301,3514,3556,3614,4043,4506,4687,4991,5234,6097,9347,9462],[4.830311739964974,3.6516567436233283,4.830311739964974,4.607168188650764,4.830311739964974,2.8844015909096608,0.667530016189645,4.270695952029551,0.691153161953081,0.691153161953081,2.503034034380557,3.914021008090819,5.117993812416755,4.270695952029551,0.691153161953081])",1.0
R077,"['wish', 'consumer', 'remain', 'consider', 'learn', 'actually.', 'movement', 'rule', 'gun', 'bag', 'large', 'two', 'indicate.', 'experts', 'discuss', 'ongoing', 'developments', 'public', 'health.']","(10000,[312,343,415,495,1770,3614,3888,4506,4528,4687,4728,5205,5294,5967,6219,7022,8313,9462,9475],[4.42484663185681,4.019381523748645,3.914021008090819,4.270695952029551,2.958509563063383,0.667530016189645,5.117993812416755,0.691153161953081,4.830311739964974,0.691153161953081,4.019381523748645,4.607168188650764,4.137164559405029,4.270695952029551,3.0385522707369192,4.019381523748645,4.137164559405029,0.691153161953081,4.270695952029551])",1.0
F209,"['lose', 'eat', 'boy', 'scientist', 'receive', 'level.', 'floor', 'article', 'name', 'food', 'bank.', '—', 'shocking', 'claims', 'hoax', 'surface', 'internet.']","(10000,[15,157,503,1702,4319,4377,4422,4617,5850,6226,7276,7281,7936,8338,8653,9121,9615],[4.607168188650764,3.8187108282864943,0.691153161953081,4.42484663185681,3.8187108282864943,2.60568818844064,4.830311739964974,3.6516567436233283,0.691153161953081,4.607168188650764,3.6516567436233283,0.6792718340663283,0.691153161953081,0.691153161953081,4.830311739964974,5.117993812416755,4.830311739964974])",0.0
R236,"['yard', 'wife', 'certainly', 'degree', 'big', 'wall.', 'deal', 'employee', 'one', 'support', 'support.', 'opportunity', 'husband', 'five', 'dog.', 'experts', 'discuss', 'ongoing', 'developments', 'public', 'health.']","(10000,[424,659,673,815,1122,1433,1770,3021,3048,3072,3614,4506,4687,5974,6219,6548,6976,7208,8217,9462,9943],[4.270695952029551,5.523458920524919,4.42484663185681,4.019381523748645,5.117993812416755,4.607168188650764,2.958509563063383,3.7316994512968646,3.8187108282864943,5.523458920524919,0.667530016189645,0.691153161953081,0.691153161953081,3.7316994512968646,3.0385522707369192,4.270695952029551,3.7316994512968646,5.117993812416755,4.270695952029551,0.691153161953081,4.270695952029551])",1.0
F186,"['industry', 'happen', 'item', 'range', 'nature', 'agent', 'and.', 'radio', 'program', 'total', 'born', 'forget.', '—', 'shocking', 'claims', 'aliens', 'surface', 'internet.']","(10000,[165,497,503,573,650,1916,2086,3010,3611,4704,5016,5850,6279,7281,7936,8338,9086,9545],[4.137164559405029,5.523458920524919,0.691153161953081,4.137164559405029,2.958509563063383,4.270695952029551,4.607168188650764,4.270695952029551,4.137164559405029,3.8187108282864943,4.270695952029551,0.691153161953081,4.42484663185681,0.6792718340663283,0.691153161953081,0.691153161953081,4.42484663185681,3.914021008090819])",0.0
R243,"['relate', 'form', 'improve', 'large', 'send', 'institution.', 'national', 'evidence', 'personal', 'local', 'public', 'fast', 'or.', 'experts', 'discuss', 'ongoing', 'developments', 'public', 'health.']","(10000,[228,988,1770,2054,2408,3614,4506,4687,5523,5621,6219,7022,7180,7910,7939,9263,9462,9718],[4.019381523748645,4.42484663185681,5.917019126126766,4.42484663185681,4.137164559405029,0.667530016189645,0.691153161953081,0.691153161953081,4.019381523748645,4.270695952029551,3.0385522707369192,4.019381523748645,5.523458920524919,3.577548771469606,4.607168188650764,4.42484663185681,0.691153161953081,5.523458920524919])",1.0
F094,"['remember', 'lawyer', 'child', 'forward.', '—', 'shocking', 'claims', 'immortal', 'jellyfish', 'surface', 'internet.']","(10000,[503,1886,2066,5685,5850,7244,7281,7936,8338,9021,9876],[0.691153161953081,5.117993812416755,2.7508701982851385,3.7316994512968646,0.691153161953081,3.8187108282864943,0.6792718340663283,0.691153161953081,0.691153161953081,4.270695952029551,2.7508701982851385])",0.0
R032,"['building', 'success', 'protect', 'staff', 'we.', 'even', 'goal', 'relationship', 'blue', 'agency', 'popular.', 'experts', 'discuss', 'ongoing', 'developments', 'economic', 'growth.']","(10000,[765,2412,3614,4260,4506,4687,5089,5768,5852,6224,6406,7235,7786,9034,9144,9462,9828],[4.270695952029551,5.117993812416755,0.667530016189645,4.137164559405029,0.691153161953081,0.691153161953081,3.8187108282864943,4.830311739964974,4.019381523748645,4.137164559405029,4.137164559405029,4.019381523748645,4.42484663185681,2.8844015909096608,2.7508701982851385,0.691153161953081,5.117993812416755])",1.0
R033,"['democratic', 'practice', 'coach', 'war.', 'consumer', 'begin', 'defense', 'church.', 'cover', 'shoulder', 'accept', 'nearly', 'agent.', 'large', 'somebody', 'always', 'try.', 'experts', 'discuss', 'ongoing', 'developments', 'education.']","(10000,[1513,2657,2866,3089,3514,3543,3614,3960,4280,4506,4687,5047,5606,6104,6749,6756,7022,8012,8094,9011,9462,9475],[4.019381523748645,3.7316994512968646,4.019381523748645,4.137164559405029,4.830311739964974,4.270695952029551,0.667530016189645,4.830311739964974,4.42484663185681,0.691153161953081,0.691153161953081,2.661258039595451,3.8187108282864943,4.137164559405029,5.523458920524919,4.607168188650764,4.019381523748645,4.830311739964974,4.42484663185681,4.019381523748645,0.691153161953081,4.270695952029551])",1.0
R045,"['mean', 'local', 'data', 'debate.', 'young', 'either', 'event.', 'experts', 'discuss', 'ongoing', 'developments', 'technology', 'breakthrough.']","(10000,[228,909,1020,1695,2227,3479,3614,4506,4687,5279,7809,9126,9462],[4.019381523748645,3.8187108282864943,2.4324164671666035,5.117993812416755,2.7200985396183848,4.137164559405029,0.667530016189645,0.691153161953081,0.691153161953081,5.523458920524919,4.270695952029551,4.830311739964974,0.691153161953081])",1.0
R116,"['see', 'level', 'travel', 'single', 'policy.', 'drop', 'discuss', 'trip', 'ago', 'offer', 'operation.', 'subject', 'air', 'alone', 'eat', 'whether', 'strong.', 'experts', 'discuss', 'ongoing', 'developments', 'education.']","(10000,[88,278,1499,1896,2492,2958,3406,3614,4506,4687,5047,5354,5782,5887,6944,7276,7889,8577,8655,8681,9462],[3.914021008090819,5.117993812416755,4.270695952029551,4.607168188650764,4.42484663185681,3.7316994512968646,4.830311739964974,1.33506003237929,0.691153161953081,0.691153161953081,2.661258039595451,4.607168188650764,4.607168188650764,3.4440173788450834,2.8154087194227095,3.6516567436233283,4.019381523748645,4.270695952029551,4.270695952029551,4.607168188650764,0.691153161953081])",1.0
F056,"['authority', 'high', 'involve', 'friend', 'sit', 'surface.', 'trip', 'attention', 'physical', 'police', 'sort', 'staff', 'remain.', '—', 'shocking', 'claims', 'celebrity', 'scandal', 'surface', 'internet.']","(10000,[488,503,1176,2116,2604,3144,3486,3876,4921,5417,5720,5782,5850,6224,6271,6946,7281,7936,8338,8649],[4.137164559405029,0.691153161953081,4.137164559405029,4.270695952029551,5.523458920524919,4.137164559405029,2.849310271098391,4.137164559405029,2.849310271098391,4.830311739964974,4.270695952029551,4.607168188650764,0.691153161953081,4.137164559405029,4.270695952029551,4.42484663185681,0.6792718340663283,0.691153161953081,0.691153161953081,3.914021008090819])",0.0
R043,"['heart', 'nature', 'available', 'national', 'hundred.', 'chance', 'including', 'three', 'risk.', 'responsibility', 'school', 'even', 'society', 'note.', 'age', 'kitchen', 'institution', 'feel.', 'experts', 'discuss', 'ongoing', 'developments', 'policy.']","(10000,[327,346,756,2475,2679,3243,3502,3611,3614,4506,4687,5925,6406,6711,6944,7334,7692,7910,8791,9462,9599,9682,9808],[4.019381523748645,4.42484663185681,4.019381523748645,4.42484663185681,4.137164559405029,4.019381523748645,3.7316994512968646,4.137164559405029,0.667530016189645,0.691153161953081,0.691153161953081,4.270695952029551,4.137164559405029,5.117993812416755,2.8154087194227095,4.019381523748645,5.117993812416755,3.577548771469606,4.607168188650764,0.691153161953081,4.830311739964974,4.830311739964974,4.137164559405029])",1.0
R145,"['letter', 'fact.', 'hundred', 'attention', 'catch', 'unit', 'movie', 'performance', 'president.', 'hand', 'future', 'left.', 'experts', 'discuss', 'ongoing', 'developments', 'economic', 'growth.']","(10000,[564,1439,3144,3423,3614,4506,4687,5134,5175,5374,6335,6488,7949,9034,9144,9192,9351,9462],[3.7316994512968646,4.270695952029551,4.137164559405029,4.607168188650764,0.667530016189645,0.691153161953081,0.691153161953081,5.117993812416755,4.019381523748645,3.6516567436233283,4.42484663185681,3.8187108282864943,4.270695952029551,2.8844015909096608,2.7508701982851385,5.117993812416755,4.019381523748645,0.691153161953081])",1.0
F200,"['specific', 'two', 'sport', 'budget', 'suggest', 'serious.', 'business', 'blood', 'paper', 'available.', '—', 'shocking', 'claims', 'secret', 'cure', 'surface', 'internet.']","(10000,[503,1439,2059,2359,2481,3892,4728,4991,5374,5850,6747,7281,7816,7936,8278,8338,8690],[0.691153161953081,4.270695952029551,2.6330871626287546,5.117993812416755,4.137164559405029,2.5530444549552183,4.019381523748645,2.503034034380557,3.6516567436233283,0.691153161953081,2.5530444549552183,0.6792718340663283,3.7316994512968646,0.691153161953081,4.019381523748645,0.691153161953081,4.270695952029551])",0.0
F034,"['quite', 'consider', 'improve', 'standard.', 'use', 'economic', 'policy', 'small.', '—', 'shocking', 'claims', 'celebrity', 'scandal', 'surface', 'internet.']","(10000,[312,503,1112,2408,3445,3486,4142,4921,5133,5850,6056,7281,7936,8338,9144],[4.42484663185681,0.691153161953081,5.117993812416755,4.137164559405029,5.117993812416755,2.849310271098391,3.7316994512968646,2.849310271098391,3.914021008090819,0.691153161953081,4.019381523748645,0.6792718340663283,0.691153161953081,0.691153161953081,2.7508701982851385])",0.0
F149,"['heavy', 'wife', 'moment', 'among', 'central.', 'conference', 'approach', 'employee', 'movie', 'guess', 'get', 'serve.', '—', 'shocking', 'claims', 'secret', 'cure', 'surface', 'internet.']","(10000,[503,1439,3021,3095,3401,3892,5657,5850,6271,6548,6747,7160,7281,7362,7936,8338,8660,8949,9426],[0.691153161953081,4.270695952029551,3.7316994512968646,4.607168188650764,4.42484663185681,2.5530444549552183,4.270695952029551,0.691153161953081,4.270695952029551,4.270695952029551,2.5530444549552183,4.607168188650764,0.6792718340663283,4.019381523748645,0.691153161953081,0.691153161953081,4.42484663185681,4.42484663185681,4.607168188650764])",0.0
F051,"['government', 'budget', 'seat', 'west', 'doctor', 'congress.', 'article', 'help', 'officer', 'might.', '—', 'shocking', 'claims', 'secret', 'cure', 'surface', 'internet.']","(10000,[47,503,696,777,1702,2259,2513,3892,4991,5085,5850,6729,6747,7281,7936,8338,9347],[4.270695952029551,0.691153161953081,4.137164559405029,4.42484663185681,4.42484663185681,2.579019941358479,4.607168188650764,2.5530444549552183,2.503034034380557,4.137164559405029,0.691153161953081,5.117993812416755,2.5530444549552183,0.6792718340663283,0.691153161953081,0.691153161953081,4.270695952029551])",0.0
F089,"['sport', 'indeed', 'paper', 'pm', 'low', 'collection', 'letter.', 'former', 'firm', 'stand', 'cause', 'staff', 'behavior', 'everything', 'technology.', 'instead', 'state', 'term', 'reflect', 'include', 'and.', 'heart', 'character', 'suffer', 'guy', 'debate.', '—', 'shocking', 'claims', 'flat', 'earth', 'surface', 'internet.']","(10000,[94,316,503,735,1808,2086,2188,2918,2953,3479,4160,4300,4527,4867,4934,5321,5850,6135,6224,6886,7026,7281,7936,8209,8278,8338,8411,8690,8893,8894,9156,9676,9808],[4.607168188650764,4.270695952029551,0.691153161953081,4.270695952029551,4.42484663185681,4.607168188650764,4.42484663185681,3.0385522707369192,4.137164559405029,4.137164559405029,4.42484663185681,5.117993812416755,4.137164559405029,4.42484663185681,4.270695952029551,4.270695952029551,0.691153161953081,4.270695952029551,4.137164559405029,4.019381523748645,4.42484663185681,0.6792718340663283,0.691153161953081,3.7316994512968646,4.019381523748645,0.691153161953081,3.6516567436233283,4.270695952029551,4.42484663185681,4.607168188650764,3.8187108282864943,3.0385522707369192,4.137164559405029])",0.0
F135,"['drive', 'human', 'air', 'citizen', 'study.', 'become', 'detail', 'west', 'ground', 'list', 'ten.', 'available', 'product', 'force', 'direction', 'fine', 'thought', 'anyone.', 'significant', 'seat', 'within', 'rich.', '—', 'shocking', 'claims', 'flat', 'earth', 'surface', 'internet.']","(10000,[8,47,55,88,391,447,503,1143,2475,2918,5085,5442,5850,5931,6325,6431,6487,7090,7281,7936,8303,8338,8552,8554,8625,8728,9415,9676,9817],[4.42484663185681,4.270695952029551,4.42484663185681,3.914021008090819,4.607168188650764,4.137164559405029,0.691153161953081,4.137164559405029,4.42484663185681,3.0385522707369192,4.137164559405029,5.523458920524919,0.691153161953081,5.117993812416755,4.42484663185681,4.019381523748645,3.914021008090819,4.019381523748645,0.6792718340663283,0.691153161953081,3.7316994512968646,0.691153161953081,3.914021008090819,4.830311739964974,5.117993812416755,3.8187108282864943,5.523458920524919,3.0385522707369192,4.019381523748645])",0.0
F088,"['bad', 'book', 'dinner', 'relationship', 'learn.', 'dog', 'product', 'positive.', '—', 'shocking', 'claims', 'government', 'cover-up', 'surface', 'internet.']","(10000,[393,447,503,1035,2240,2259,4260,5850,7281,7801,7936,7956,8338,9564,9813],[4.137164559405029,4.137164559405029,0.691153161953081,5.117993812416755,3.914021008090819,2.579019941358479,4.137164559405029,0.691153161953081,0.6792718340663283,5.523458920524919,0.691153161953081,4.42484663185681,0.691153161953081,4.270695952029551,2.997730276216664])",0.0
R010,"['light', 'goal', 'join', 'project', 'agreement', 'vote.', 'bad', 'suffer.', 'cultural', 'full.', 'experts', 'discuss', 'ongoing', 'developments', 'election.']","(10000,[1720,2230,3556,3614,4506,4687,5089,6731,6878,7956,8413,8952,8993,9233,9462],[4.607168188650764,3.914021008090819,2.8844015909096608,0.667530016189645,0.691153161953081,0.691153161953081,3.8187108282864943,5.117993812416755,5.117993812416755,4.42484663185681,3.383392757028649,4.830311739964974,5.523458920524919,4.607168188650764,0.691153161953081])",1.0
R211,"['deep', 'organization', 'hold.', 'boy', 'attorney', 'past', 'probably', 'trial.', 'experts', 'discuss', 'ongoing', 'developments', 'policy.']","(10000,[23,157,1364,1762,2297,3032,3614,4506,4687,4853,6944,9275,9462],[4.830311739964974,3.8187108282864943,4.019381523748645,4.270695952029551,4.019381523748645,5.117993812416755,0.667530016189645,0.691153161953081,0.691153161953081,4.270695952029551,2.8154087194227095,3.6516567436233283,0.691153161953081])",1.0
F204,"['heart', 'big', 'admit', 'significant', 'hot', 'happy', 'every.', 'significant', 'production', 'country', 'education', 'event', 'treat.', 'country', 'fall', 'seat', 'fund', 'realize.', '—', 'shocking', 'claims', 'miracle', 'drug', 'surface', 'internet.']","(10000,[47,503,1256,2710,3048,3729,4638,5347,5530,5850,7281,7728,7860,7870,7936,8338,8353,8552,8714,8997,9066,9693,9808],[4.270695952029551,0.691153161953081,3.125563647726549,5.117993812416755,3.8187108282864943,4.607168188650764,4.607168188650764,4.019381523748645,4.137164559405029,0.691153161953081,0.6792718340663283,4.607168188650764,2.958509563063383,9.660623479929948,0.691153161953081,0.691153161953081,4.42484663185681,7.828042016181638,4.019381523748645,4.607168188650764,4.137164559405029,4.270695952029551,4.137164559405029])",0.0
F168,"['cut', 'doctor.', 'marriage', 'national', 'reach', 'policy', 'late', 'machine.', 'question', 'long', 'result', 'instead', 'help.', '—', 'shocking', 'claims', 'miracle', 'drug', 'surface', 'internet.']","(10000,[399,503,1206,1256,1902,2947,3079,3952,4142,4527,5850,6229,7229,7281,7860,7910,7936,8338,8386,8904],[3.6516567436233283,0.691153161953081,5.117993812416755,3.125563647726549,5.117993812416755,4.830311739964974,4.270695952029551,4.270695952029551,3.7316994512968646,4.137164559405029,0.691153161953081,4.270695952029551,4.830311739964974,0.6792718340663283,2.958509563063383,3.577548771469606,0.691153161953081,0.691153161953081,4.137164559405029,4.137164559405029])",0.0
R011,"['short', 'almost', 'performance', 'attention.', 'opportunity', 'happy', 'foreign', 'avoid', 'national', 'development', 'exist', 'clear.', 'evidence', 'race', 'remember', 'commercial', 'impact.', 'experts', 'discuss', 'ongoing', 'developments', 'public', 'health.']","(10000,[454,1262,1388,1401,1770,2054,2871,3614,4506,4687,5324,5347,5685,6206,6219,6443,6602,6976,7910,8203,8566,9351,9462],[4.137164559405029,4.270695952029551,3.914021008090819,5.117993812416755,2.958509563063383,4.42484663185681,4.270695952029551,0.667530016189645,0.691153161953081,0.691153161953081,5.117993812416755,4.019381523748645,3.7316994512968646,4.42484663185681,3.0385522707369192,3.8187108282864943,4.137164559405029,3.7316994512968646,3.577548771469606,4.607168188650764,4.42484663185681,4.019381523748645,0.691153161953081])",1.0
R232,"['knowledge', 'almost', 'stop', 'technology', 'debate.', 'hand', 'place', 'way', 'age.', 'send', 'investment', 'every', 'early', 'amount', 'sound.', 'experts', 'discuss', 'ongoing', 'developments', 'climate', 'change.']","(10000,[796,821,1020,1562,2059,3423,3479,3614,4092,4262,4506,4687,5401,5523,6390,7222,7864,8566,9391,9462,9681],[4.270695952029551,2.849310271098391,2.4324164671666035,4.607168188650764,2.6330871626287546,4.607168188650764,4.137164559405029,0.667530016189645,4.019381523748645,5.523458920524919,0.691153161953081,0.691153161953081,3.914021008090819,4.019381523748645,4.42484663185681,4.42484663185681,4.607168188650764,4.42484663185681,4.830311739964974,0.691153161953081,3.8187108282864943])",1.0
R042,"['policy', 'member', 'finish.', 'stock', 'film', 'remain', 'create.', 'main', 'newspaper', 'space.', 'experts', 'discuss', 'ongoing', 'developments', 'public', 'health.']","(10000,[793,1098,1637,1770,3238,3614,4142,4506,4687,5003,5205,6219,6790,6808,7688,9462],[4.270695952029551,3.6516567436233283,3.5085558999826545,2.958509563063383,4.270695952029551,0.667530016189645,3.7316994512968646,0.691153161953081,0.691153161953081,4.42484663185681,4.607168188650764,3.0385522707369192,4.42484663185681,5.523458920524919,5.523458920524919,0.691153161953081])",1.0
F182,"['grow', 'reflect', 'attorney', 'much', 'mention', 'third', 'camera', 'question.', 'authority', 'someone', 'party', 'analysis', 'health.', '—', 'shocking', 'claims', 'hoax', 'surface', 'internet.']","(10000,[503,524,1176,1296,1379,1650,2404,2907,3479,3671,4377,4853,5321,5850,6219,7281,7936,8338,8771],[0.691153161953081,3.8187108282864943,4.137164559405029,4.137164559405029,4.42484663185681,4.270695952029551,4.270695952029551,4.019381523748645,4.137164559405029,4.137164559405029,2.60568818844064,4.270695952029551,4.270695952029551,0.691153161953081,3.0385522707369192,0.6792718340663283,0.691153161953081,0.691153161953081,4.019381523748645])",0.0
F036,"['perhaps', 'ground', 'beat', 'join', 'doctor', 'detail', 'way.', 'visit', 'son', 'people', 'expert', 'open.', '—', 'shocking', 'claims', 'miracle', 'drug', 'surface', 'internet.']","(10000,[209,503,698,777,914,1143,1256,1259,2569,4263,4639,5850,6487,7281,7381,7860,7936,8338,8952],[3.914021008090819,0.691153161953081,3.914021008090819,4.42484663185681,4.42484663185681,4.137164559405029,3.125563647726549,4.270695952029551,3.577548771469606,4.019381523748645,5.117993812416755,0.691153161953081,3.914021008090819,0.6792718340663283,4.607168188650764,2.958509563063383,0.691153161953081,0.691153161953081,4.830311739964974])",0.0
F068,"['save', 'end', 'marriage', 'quality', 'great.', 'part', 'training', 'maybe', 'decision', 'far', 'base', 'worry.', '—', 'shocking', 'claims', 'secret', 'cure', 'surface', 'internet.']","(10000,[453,503,2193,3506,3892,4158,4520,4818,5850,6229,6591,6747,7281,7538,7936,8173,8338,8740,9231],[3.7316994512968646,0.691153161953081,4.607168188650764,4.019381523748645,2.5530444549552183,3.7316994512968646,3.8187108282864943,4.019381523748645,0.691153161953081,4.270695952029551,5.117993812416755,2.5530444549552183,0.6792718340663283,4.830311739964974,0.691153161953081,3.6516567436233283,0.691153161953081,3.7316994512968646,4.42484663185681])",0.0
R015,"['congress', 'chance', 'whose', 'oil.', 'painting', 'concern', 'little', 'reduce', 'bring', 'include', 'oil.', 'leader', 'people', 'season', 'star', 'daughter', 'attention', 'fast.', 'experts', 'discuss', 'ongoing', 'developments', 'election.']","(10000,[346,1034,1526,1590,1968,1990,2358,2953,3057,3144,3556,3614,4263,4506,4687,4831,5170,7623,8159,8728,9462,9539],[4.42484663185681,4.019381523748645,4.019381523748645,4.42484663185681,4.42484663185681,9.660623479929948,4.137164559405029,4.137164559405029,4.019381523748645,4.137164559405029,2.8844015909096608,0.667530016189645,4.019381523748645,0.691153161953081,0.691153161953081,5.523458920524919,4.019381523748645,4.137164559405029,3.577548771469606,3.8187108282864943,0.691153161953081,4.42484663185681])",1.0
R147,"['space', 'individual', 'product', 'performance', 'financial.', 'tree', 'event', 'receive', 'school.', 'experts', 'discuss', 'ongoing', 'developments', 'climate', 'change.']","(10000,[447,821,1109,1211,2059,3614,4506,4617,4687,5871,7728,8614,9188,9351,9462],[4.137164559405029,2.849310271098391,5.523458920524919,5.523458920524919,2.6330871626287546,0.667530016189645,0.691153161953081,3.6516567436233283,0.691153161953081,4.607168188650764,4.607168188650764,4.607168188650764,4.137164559405029,4.019381523748645,0.691153161953081])",1.0
F198,"['charge', 'decade', 'government.', 'past.', '—', 'shocking', 'claims', 'government', 'cover-up', 'surface', 'internet.']","(10000,[503,2259,3308,5710,5850,6030,6812,7281,7936,8338,9813],[0.691153161953081,2.579019941358479,5.117993812416755,4.830311739964974,0.691153161953081,4.42484663185681,4.137164559405029,0.6792718340663283,0.691153161953081,0.691153161953081,2.997730276216664])",0.0
R081,"['mrs', 'item', 'table', 'authority', 'enter', 'space', 'machine.', 'experts', 'discuss', 'ongoing', 'developments', 'climate', 'change.']","(10000,[821,1176,1902,1916,2059,3614,3931,4506,4687,7435,9188,9462,9751],[2.849310271098391,4.137164559405029,5.117993812416755,4.270695952029551,2.6330871626287546,0.667530016189645,3.5085558999826545,0.691153161953081,0.691153161953081,3.914021008090819,4.137164559405029,0.691153161953081,4.42484663185681])",1.0
F050,"['information', 'walk', 'hour', 'begin', 'card', 'goal.', 'try', 'democrat', 'dinner', 'read', 'national', 'religious.', 'mrs', 'resource', 'safe', 'save.', 'impact', 'understand', 'happy', 'detail', 'new.', '—', 'shocking', 'claims', 'aliens', 'surface', 'internet.']","(10000,[503,527,650,935,980,1143,1513,1670,1972,2144,2240,4693,5234,5347,5850,6142,6280,6487,7281,7642,7650,7910,7936,8190,8338,8444,9751],[0.691153161953081,4.270695952029551,2.958509563063383,5.523458920524919,5.523458920524919,4.137164559405029,4.019381523748645,4.270695952029551,3.914021008090819,3.914021008090819,3.914021008090819,4.137164559405029,3.914021008090819,4.019381523748645,0.691153161953081,4.270695952029551,4.607168188650764,3.914021008090819,0.6792718340663283,4.270695952029551,4.019381523748645,3.577548771469606,0.691153161953081,4.270695952029551,0.691153161953081,5.117993812416755,4.42484663185681])",0.0
F162,"['soldier', 'usually', 'these.', 'difference', 'base', 'stand.', '—', 'shocking', 'claims', 'celebrity', 'scandal', 'surface', 'internet.']","(10000,[503,2990,3486,4141,4921,5678,5850,6090,7281,7866,7936,8173,8338],[0.691153161953081,3.914021008090819,2.849310271098391,4.42484663185681,2.849310271098391,4.830311739964974,0.691153161953081,5.117993812416755,0.6792718340663283,4.42484663185681,0.691153161953081,3.6516567436233283,0.691153161953081])",0.0
R028,"['magazine', 'table', 'thus', 'campaign', 'suggest', 'professor', 'those.', 'look', 'phone', 'order', 'kind', 'picture', 'life.', 'although', 'human', 'commercial', 'these.', 'house', 'deep', 'toward', 'white', 'worry', 'real', 'in.', 'experts', 'discuss', 'ongoing', 'developments', 'technology', 'breakthrough.']","(10000,[1020,1226,1626,1657,1762,1936,2227,2481,2543,3194,3614,3931,4506,4687,5535,5678,5684,5836,5843,6044,6443,6675,7779,7816,8303,8343,8413,9462,9691,9939],[2.4324164671666035,4.42484663185681,4.137164559405029,5.523458920524919,4.270695952029551,5.117993812416755,2.7200985396183848,4.137164559405029,3.6516567436233283,4.270695952029551,0.667530016189645,3.5085558999826545,0.691153161953081,0.691153161953081,5.523458920524919,4.830311739964974,5.117993812416755,4.42484663185681,3.914021008090819,4.42484663185681,3.8187108282864943,3.8187108282864943,3.577548771469606,3.7316994512968646,3.7316994512968646,4.270695952029551,3.383392757028649,0.691153161953081,4.270695952029551,4.270695952029551])",1.0
R195,"['without', 'ten', 'pick', 'total.', 'pick', 'seven', 'find', 'support', 'every', 'set.', 'experts', 'discuss', 'ongoing', 'developments', 'budget', 'report.']","(10000,[3614,4043,4506,4687,4991,5085,5432,5767,6535,7372,7510,7850,8217,9462,9681],[0.667530016189645,4.270695952029551,0.691153161953081,0.691153161953081,2.503034034380557,4.137164559405029,2.6902455764687034,5.117993812416755,4.830311739964974,9.660623479929948,4.42484663185681,5.117993812416755,4.270695952029551,0.691153161953081,3.8187108282864943])",1.0
F116,"['scientist', 'wonder', 'seven', 'recent', 'best', 'poor.', 'easy', 'discuss', 'world', 'summer', 'decade', 'dinner.', 'sing', 'pretty', 'collection', 'science.', '—', 'shocking', 'claims', 'aliens', 'surface', 'internet.']","(10000,[503,650,760,763,2613,3214,3334,3614,3919,4723,5591,5850,6030,6226,6451,7281,7850,7936,8209,8338,9360,9481],[0.691153161953081,2.958509563063383,4.270695952029551,4.270695952029551,5.117993812416755,5.117993812416755,4.830311739964974,0.667530016189645,4.019381523748645,3.914021008090819,4.830311739964974,0.691153161953081,4.42484663185681,4.607168188650764,3.6516567436233283,0.6792718340663283,5.117993812416755,0.691153161953081,3.7316994512968646,0.691153161953081,3.914021008090819,4.019381523748645])",0.0
R018,"['collection', 'might', 'race', 'guess', 'medical.', 'option', 'network', 'clearly', 'threat', 'ask', 'state', 'box', 'enough.', 'experts', 'discuss', 'ongoing', 'developments', 'research.']","(10000,[197,454,1808,3507,3614,3924,4506,4687,7066,7922,8070,8209,8238,8660,9152,9210,9462,9613],[4.830311739964974,4.137164559405029,4.42484663185681,4.137164559405029,0.667530016189645,4.42484663185681,0.691153161953081,0.691153161953081,2.8844015909096608,4.607168188650764,4.137164559405029,3.7316994512968646,4.270695952029551,4.42484663185681,4.270695952029551,4.607168188650764,0.691153161953081,3.914021008090819])",1.0
F073,"['pull', 'good', 'east', 'food.', 'every', 'effect', 'pm', 'personal.', '—', 'shocking', 'claims', 'immortal', 'jellyfish', 'surface', 'internet.']","(10000,[503,2066,4085,4404,5850,6168,6324,6576,6597,7026,7281,7936,8338,9681,9876],[0.691153161953081,2.7508701982851385,5.117993812416755,5.117993812416755,0.691153161953081,4.137164559405029,3.914021008090819,4.137164559405029,4.42484663185681,4.42484663185681,0.6792718340663283,0.691153161953081,0.691153161953081,3.8187108282864943,2.7508701982851385])",0.0
F059,"['offer', 'wife', 'control', 'occur', 'television', 'political', 'executive.', 'option', 'experience', 'beautiful', 'across', 'speak.', 'performance', 'rest', 'dark', 'guy', 'it.', 'daughter', 'avoid', 'different', 'half', 'animal', 'yard', 'himself.', '—', 'shocking', 'claims', 'miracle', 'drug', 'surface', 'internet.']","(10000,[94,424,503,697,751,1208,1256,1273,1388,1780,1921,2708,2958,3021,3635,3792,3935,5750,5850,6683,7074,7281,7360,7623,7805,7860,7936,8338,8713,9351,9613],[4.607168188650764,4.270695952029551,0.691153161953081,3.914021008090819,4.830311739964974,2.7508701982851385,3.125563647726549,3.7316994512968646,3.914021008090819,4.830311739964974,3.8187108282864943,3.7316994512968646,3.7316994512968646,3.7316994512968646,4.830311739964974,3.8187108282864943,4.019381523748645,4.830311739964974,0.691153161953081,4.137164559405029,3.577548771469606,0.6792718340663283,4.137164559405029,4.137164559405029,5.523458920524919,2.958509563063383,0.691153161953081,0.691153161953081,5.117993812416755,4.019381523748645,3.914021008090819])",0.0
R078,"['item', 'else', 'court', 'hard', 'industry', 'growth.', 'send', 'ready', 'also', 'since', 'painting.', 'experts', 'discuss', 'ongoing', 'developments', 'budget', 'report.']","(10000,[1916,3010,3614,3792,4506,4568,4687,4991,5034,5125,5432,5523,6287,6557,7138,9034,9462],[4.270695952029551,4.270695952029551,0.667530016189645,3.8187108282864943,0.691153161953081,4.607168188650764,0.691153161953081,2.503034034380557,4.830311739964974,3.8187108282864943,2.6902455764687034,4.019381523748645,4.019381523748645,4.42484663185681,5.523458920524919,2.8844015909096608,0.691153161953081])",1.0
F216,"['music', 'relate', 'money', 'eight.', 'light', 'many', 'bag', 'start', 'major.', '—', 'shocking', 'claims', 'secret', 'cure', 'surface', 'internet.']","(10000,[415,460,503,988,1720,2996,3892,5188,5850,6103,6370,6747,7281,7936,8338,9829],[3.914021008090819,5.117993812416755,0.691153161953081,4.42484663185681,4.607168188650764,3.8187108282864943,2.5530444549552183,4.607168188650764,0.691153161953081,4.270695952029551,4.830311739964974,2.5530444549552183,0.6792718340663283,0.691153161953081,0.691153161953081,5.523458920524919])",0.0
F206,"['attention', 'certain', 'stock.', 'popular', 'president', 'deep', 'open', 'particularly', 'section.', '—', 'shocking', 'claims', 'celebrity', 'scandal', 'surface', 'internet.']","(10000,[503,1133,1306,1762,3144,3486,4644,4921,5783,5850,6148,6443,7281,7936,8338,9288],[0.691153161953081,5.117993812416755,4.019381523748645,4.270695952029551,4.137164559405029,2.849310271098391,5.117993812416755,2.849310271098391,4.42484663185681,0.691153161953081,4.270695952029551,3.8187108282864943,0.6792718340663283,0.691153161953081,0.691153161953081,3.8187108282864943])",0.0
R036,"['real', 'policy', 'head.', 'experts', 'discuss', 'ongoing', 'developments', 'research.']","(10000,[3593,3614,4142,4506,4687,7066,9462,9691],[5.117993812416755,0.667530016189645,3.7316994512968646,0.691153161953081,0.691153161953081,2.8844015909096608,0.691153161953081,4.270695952029551])",1.0
F104,"['provide', 'eye', 'think', 'woman.', '—', 'shocking', 'claims', 'aliens', 'surface', 'internet.']","(10000,[503,650,1278,1341,2335,5850,5946,7281,7936,8338],[0.691153161953081,2.958509563063383,4.607168188650764,3.7316994512968646,4.42484663185681,0.691153161953081,4.019381523748645,0.6792718340663283,0.691153161953081,0.691153161953081])",0.0
F000,"['senior', 'language', 'understand.', 'happen', 'table', 'give.', 'already', 'since', 'word', 'help', 'bank.', '—', 'shocking', 'claims', 'hoax', 'surface', 'internet.']","(10000,[503,594,1716,3519,3931,4144,4377,4704,5850,6287,7281,7936,8338,8413,8759,9347,9615],[0.691153161953081,4.607168188650764,4.42484663185681,4.42484663185681,3.5085558999826545,3.914021008090819,2.60568818844064,3.8187108282864943,0.691153161953081,4.019381523748645,0.6792718340663283,0.691153161953081,0.691153161953081,3.383392757028649,4.607168188650764,4.270695952029551,4.830311739964974])",0.0
R136,"['reveal', 'position', 'everybody.', 'little', 'camera', 'voice', 'prevent', 'civil', 'pass.', 'sister', 'method', 'woman.', 'experts', 'discuss', 'ongoing', 'developments', 'education.']","(10000,[593,1278,1339,1507,1590,1650,2806,3252,3521,3530,3614,4506,4687,5047,6015,8171,9462],[4.830311739964974,4.607168188650764,4.137164559405029,4.270695952029551,4.42484663185681,4.270695952029551,4.830311739964974,4.137164559405029,4.270695952029551,4.270695952029551,0.667530016189645,0.691153161953081,0.691153161953081,2.661258039595451,4.42484663185681,4.42484663185681,0.691153161953081])",1.0
F019,"['field', 'authority', 'national', 'just.', 'include', 'cut', 'sister', 'like', 'room.', '—', 'shocking', 'claims', 'immortal', 'jellyfish', 'surface', 'internet.']","(10000,[503,1176,1206,1457,2066,2366,2953,3330,3521,5850,7074,7281,7910,7936,8338,9876],[0.691153161953081,4.137164559405029,5.117993812416755,5.523458920524919,2.7508701982851385,3.914021008090819,4.137164559405029,4.137164559405029,4.270695952029551,0.691153161953081,3.577548771469606,0.6792718340663283,3.577548771469606,0.691153161953081,0.691153161953081,2.7508701982851385])",0.0
R012,"['officer', 'election', 'adult', 'tough.', 'lead', 'significant', 'employee', 'receive', 'admit.', 'experts', 'discuss', 'ongoing', 'developments', 'technology', 'breakthrough.']","(10000,[72,132,696,1020,2227,3614,3761,4506,4617,4687,5356,6548,7036,8552,9462],[4.42484663185681,4.607168188650764,4.137164559405029,2.4324164671666035,2.7200985396183848,0.667530016189645,4.830311739964974,0.691153161953081,3.6516567436233283,0.691153161953081,4.019381523748645,4.270695952029551,5.117993812416755,3.914021008090819,0.691153161953081])",1.0
R052,"['within', 'new', 'address', 'add', 'environment', 'cell.', 'talk', 'second', 'worry.', 'ok', 'far', 'number', 'month', 'add', 'administration.', 'experts', 'discuss', 'ongoing', 'developments', 'education.']","(10000,[585,2407,2645,3614,3684,4158,4454,4506,4687,5047,5741,8519,8549,8925,9231,9256,9462,9817,9887],[5.117993812416755,3.914021008090819,4.270695952029551,0.667530016189645,4.830311739964974,3.7316994512968646,4.607168188650764,0.691153161953081,0.691153161953081,2.661258039595451,4.42484663185681,4.270695952029551,5.523458920524919,4.830311739964974,4.42484663185681,4.607168188650764,0.691153161953081,4.019381523748645,9.214336377301528])",1.0
R123,"['identify', 'word', 'life', 'among', 'key.', 'especially', 'indicate', 'individual', 'sure', 'so.', 'cup', 'two', 'final', 'green', 'treat', 'site.', 'experts', 'discuss', 'ongoing', 'developments', 'climate', 'change.']","(10000,[551,821,1653,1783,1821,2059,3059,3477,3519,3614,3967,4506,4648,4657,4687,4728,6485,7362,8173,8614,8750,9462],[4.270695952029551,2.849310271098391,4.270695952029551,5.523458920524919,4.42484663185681,2.6330871626287546,3.577548771469606,3.8187108282864943,4.42484663185681,0.667530016189645,4.42484663185681,0.691153161953081,4.607168188650764,4.830311739964974,0.691153161953081,4.019381523748645,4.42484663185681,4.019381523748645,3.6516567436233283,4.607168188650764,4.137164559405029,0.691153161953081])",1.0
F040,"['finally', 'campaign', 'become', 'read', 'young', 'nothing.', '—', 'shocking', 'claims', 'government', 'cover-up', 'surface', 'internet.']","(10000,[503,1817,2259,5850,6675,7090,7281,7650,7809,7936,8338,8661,9813],[0.691153161953081,3.8187108282864943,2.579019941358479,0.691153161953081,3.8187108282864943,4.019381523748645,0.6792718340663283,4.019381523748645,4.270695952029551,0.691153161953081,0.691153161953081,4.830311739964974,2.997730276216664])",0.0
R160,"['concern', 'perform', 'similar', 'policy', 'two.', 'house', 'stop', 'firm', 'recent', 'among.', 'though', 'suggest', 'task', 'recently', 'half.', 'experts', 'discuss', 'ongoing', 'developments', 'climate', 'change.']","(10000,[141,796,821,1098,1968,2034,2059,2071,3385,3614,4062,4142,4506,4687,5591,5836,7046,7816,8451,8894,9462],[5.523458920524919,4.270695952029551,2.849310271098391,3.6516567436233283,4.42484663185681,4.830311739964974,2.6330871626287546,5.523458920524919,3.914021008090819,0.667530016189645,5.117993812416755,3.7316994512968646,0.691153161953081,0.691153161953081,4.830311739964974,4.42484663185681,4.830311739964974,3.7316994512968646,4.137164559405029,4.607168188650764,0.691153161953081])",1.0
F067,"['born', 'great', 'century', 'animal', 'much', 'effect.', 'worker', 'enjoy', 'either', 'hear', 'mr', 'happen', 'respond.', 'effort', 'population', 'account.', '—', 'shocking', 'claims', 'immortal', 'jellyfish', 'surface', 'internet.']","(10000,[503,524,750,1805,1890,2066,2647,2676,3916,4704,4842,5726,5850,7281,7360,7841,7936,8338,9126,9211,9258,9545,9876],[0.691153161953081,3.8187108282864943,4.607168188650764,4.270695952029551,4.830311739964974,2.7508701982851385,4.019381523748645,4.270695952029551,5.523458920524919,3.8187108282864943,4.019381523748645,3.914021008090819,0.691153161953081,0.6792718340663283,4.137164559405029,3.914021008090819,0.691153161953081,0.691153161953081,4.830311739964974,4.830311739964974,4.019381523748645,3.914021008090819,2.7508701982851385])",0.0
R069,"['apply', 'worker', 'hair', 'though', 'hear', 'forget', 'stock', 'help.', 'important', 'matter', 'work', 'nation', 'history', 'kitchen.', 'involve', 'professor', 'service', 'reality.', 'experts', 'discuss', 'ongoing', 'developments', 'research.']","(10000,[793,1951,1967,2252,2402,2543,2676,3082,3385,3614,3952,4014,4506,4687,4842,6271,6543,7066,7146,7312,7664,9462,9527],[4.270695952029551,5.523458920524919,5.117993812416755,4.42484663185681,4.137164559405029,3.6516567436233283,4.270695952029551,5.117993812416755,3.914021008090819,0.667530016189645,4.270695952029551,5.523458920524919,0.691153161953081,0.691153161953081,4.019381523748645,4.270695952029551,4.270695952029551,2.8844015909096608,4.137164559405029,4.019381523748645,4.137164559405029,0.691153161953081,4.019381523748645])",1.0
F160,"['article', 'case', 'type', 'senior', 'single', 'bit.', 'check', 'wish', 'result', 'subject', 'rock', 'can.', 'almost', 'position', 'high.', '—', 'shocking', 'claims', 'mind', 'control', 'surface', 'internet.']","(10000,[399,495,503,574,1208,1247,1339,1595,1702,3184,3526,3901,4144,5850,6342,7281,7889,7936,8094,8338,8566,8655],[3.6516567436233283,4.270695952029551,0.691153161953081,4.270695952029551,2.7508701982851385,4.830311739964974,4.137164559405029,5.117993812416755,4.42484663185681,2.849310271098391,4.137164559405029,4.830311739964974,3.914021008090819,0.691153161953081,4.830311739964974,0.6792718340663283,4.019381523748645,0.691153161953081,4.42484663185681,0.691153161953081,4.42484663185681,4.270695952029551])",0.0
F053,"['catch', 'choice', 'matter.', 'world', 'network', 'kind.', '—', 'shocking', 'claims', 'hoax', 'surface', 'internet.']","(10000,[503,2784,4377,5850,6053,7281,7936,7949,7968,8338,9152,9360],[0.691153161953081,5.523458920524919,2.60568818844064,0.691153161953081,3.7316994512968646,0.6792718340663283,0.691153161953081,4.270695952029551,4.830311739964974,0.691153161953081,4.270695952029551,3.914021008090819])",0.0
R074,"['thus', 'rather', 'style', 'present.', 'whatever', 'organization', 'choose.', 'young', 'bring', 'friend', 'must.', 'experts', 'discuss', 'ongoing', 'developments', 'education.']","(10000,[488,1364,2837,3057,3614,3739,3816,4333,4506,4687,5047,5684,7695,7809,8000,9462],[4.137164559405029,4.019381523748645,4.42484663185681,4.019381523748645,0.667530016189645,5.117993812416755,4.830311739964974,5.117993812416755,0.691153161953081,0.691153161953081,2.661258039595451,5.117993812416755,4.270695952029551,4.270695952029551,4.607168188650764,0.691153161953081])",1.0
R007,"['according', 'certain', 'bring', 'require', 'lay.', 'focus', 'trial', 'tough', 'decide.', 'truth', 'stand', 'probably', 'step', 'alone', 'operation.', 'experts', 'discuss', 'ongoing', 'developments', 'election.']","(10000,[899,1558,2069,2297,2492,3057,3410,3556,3614,3931,4310,4506,4687,5447,5887,6886,7564,8449,9288,9462],[5.523458920524919,4.830311739964974,4.830311739964974,4.019381523748645,4.42484663185681,4.019381523748645,4.607168188650764,2.8844015909096608,0.667530016189645,3.5085558999826545,5.117993812416755,0.691153161953081,0.691153161953081,3.5085558999826545,3.4440173788450834,4.019381523748645,5.523458920524919,4.42484663185681,3.8187108282864943,0.691153161953081])",1.0
R119,"['space', 'traditional', 'entire', 'development', 'matter.', 'experts', 'discuss', 'ongoing', 'developments', 'climate', 'change.']","(10000,[821,2059,2871,3614,4486,4506,4687,7968,8824,9188,9462],[2.849310271098391,2.6330871626287546,4.270695952029551,0.667530016189645,4.830311739964974,0.691153161953081,0.691153161953081,4.830311739964974,3.914021008090819,4.137164559405029,0.691153161953081])",1.0
R087,"['big', 'lead', 'five', 'perform.', 'effect', 'authority', 'heart.', 'experts', 'discuss', 'ongoing', 'developments', 'budget', 'report.']","(10000,[691,1176,3048,3614,4506,4687,4991,5356,5432,5974,6324,9462,9513],[5.117993812416755,4.137164559405029,3.8187108282864943,0.667530016189645,0.691153161953081,0.691153161953081,2.503034034380557,4.019381523748645,2.6902455764687034,3.7316994512968646,3.914021008090819,0.691153161953081,4.137164559405029])",1.0
F145,"['green', 'computer', 'strategy', 'increase', 'continue', 'few.', 'organization', 'tree', 'others.', '—', 'shocking', 'claims', 'miracle', 'drug', 'surface', 'internet.']","(10000,[503,551,682,743,1256,1364,2291,4673,5850,5871,7281,7860,7936,7963,8151,8338],[0.691153161953081,4.270695952029551,4.830311739964974,4.019381523748645,3.125563647726549,4.019381523748645,4.019381523748645,4.830311739964974,0.691153161953081,4.607168188650764,0.6792718340663283,2.958509563063383,0.691153161953081,4.137164559405029,4.830311739964974,0.691153161953081])",0.0
R065,"['bag', 'open', 'garden.', 'throughout', 'man', 'street', 'human.', 'sure', 'amount', 'still.', 'experts', 'discuss', 'ongoing', 'developments', 'budget', 'report.']","(10000,[415,1649,1821,2569,3614,3684,4506,4687,4991,5432,5783,5948,7222,7432,8391,9462],[3.914021008090819,5.523458920524919,4.42484663185681,3.577548771469606,0.667530016189645,4.830311739964974,0.691153161953081,0.691153161953081,2.503034034380557,2.6902455764687034,4.42484663185681,3.914021008090819,4.42484663185681,5.117993812416755,4.607168188650764,0.691153161953081])",1.0
R208,"['finally', 'build', 'art', 'never', 'manage', 'field.', 'green', 'quality', 'response', 'time', 'debate.', 'key', 'partner', 'system', 'attack', 'difference.', 'experts', 'discuss', 'ongoing', 'developments', 'budget', 'report.']","(10000,[116,281,551,1817,2445,3014,3131,3132,3479,3506,3614,3996,4506,4687,4991,5432,5693,7854,7883,8157,8915,9462],[4.607168188650764,4.830311739964974,4.270695952029551,3.8187108282864943,5.117993812416755,4.42484663185681,4.137164559405029,5.523458920524919,4.137164559405029,4.019381523748645,0.667530016189645,4.137164559405029,0.691153161953081,0.691153161953081,2.503034034380557,2.6902455764687034,4.830311739964974,4.42484663185681,4.607168188650764,4.607168188650764,4.830311739964974,0.691153161953081])",1.0
R048,"['business', 'skin', 'view', 'stop', 'usually.', 'push', 'listen', 'small.', 'experts', 'discuss', 'ongoing', 'developments', 'budget', 'report.']","(10000,[429,796,3445,3614,4506,4687,4991,5374,5432,5833,5978,6652,7293,9462],[4.270695952029551,4.270695952029551,5.117993812416755,0.667530016189645,0.691153161953081,0.691153161953081,2.503034034380557,3.6516567436233283,2.6902455764687034,3.914021008090819,4.270695952029551,4.607168188650764,4.137164559405029,0.691153161953081])",1.0
F076,"['pretty', 'individual', 'section', 'song', 'professor', 'ready', 'step', 'another.', 'surface', 'physical', 'ok', 'section', 'meeting', 'everything', 'pull.', '—', 'shocking', 'claims', 'aliens', 'surface', 'internet.']","(10000,[20,503,650,1558,1612,2543,2645,3919,5850,6557,6968,7281,7350,7936,7963,8338,8614,8649,9156],[4.019381523748645,0.691153161953081,2.958509563063383,4.830311739964974,5.523458920524919,3.6516567436233283,4.270695952029551,4.019381523748645,0.691153161953081,4.42484663185681,8.274329118810059,1.3585436681326566,5.523458920524919,0.691153161953081,4.137164559405029,0.691153161953081,4.607168188650764,3.914021008090819,3.8187108282864943])",0.0
R019,"['degree', 'gas', 'church', 'really.', 'stand', 'happen', 'support', 'our.', 'experts', 'discuss', 'ongoing', 'developments', 'policy.']","(10000,[1273,3614,4506,4687,4704,5607,6886,6944,6959,8217,9462,9621,9943],[3.7316994512968646,0.667530016189645,0.691153161953081,0.691153161953081,3.8187108282864943,3.7316994512968646,4.019381523748645,2.8154087194227095,5.523458920524919,4.270695952029551,0.691153161953081,5.523458920524919,4.270695952029551])",1.0
F115,"['resource', 'interest.', 'necessary', 'big', 'fear.', 'attention', 'choose', 'work', 'around', 'future', 'environment', 'let.', 'sort', 'like', 'threat', 'level', 'star', 'close.', '—', 'shocking', 'claims', 'immortal', 'jellyfish', 'surface', 'internet.']","(10000,[503,1499,1511,1670,2066,2407,3048,3144,3330,3564,5170,5720,5850,6197,6488,7281,7615,7936,7937,7979,8070,8338,9527,9706,9876],[0.691153161953081,4.270695952029551,5.523458920524919,4.270695952029551,2.7508701982851385,3.914021008090819,3.8187108282864943,4.137164559405029,4.137164559405029,4.830311739964974,4.019381523748645,4.270695952029551,0.691153161953081,4.270695952029551,3.8187108282864943,0.6792718340663283,4.830311739964974,0.691153161953081,5.117993812416755,3.914021008090819,4.137164559405029,0.691153161953081,4.019381523748645,3.914021008090819,2.7508701982851385])",0.0
R031,"['save', 'meeting', 'nothing', 'arrive.', 'watch', 'key', 'democrat', 'common', 'step.', 'two', 'admit', 'woman', 'hundred.', 'experts', 'discuss', 'ongoing', 'developments', 'education.']","(10000,[20,2708,2835,3131,3614,4292,4506,4520,4563,4687,4728,5047,5234,5842,6332,7692,8714,9462],[4.019381523748645,3.7316994512968646,4.830311739964974,4.137164559405029,0.667530016189645,4.42484663185681,0.691153161953081,3.8187108282864943,4.137164559405029,0.691153161953081,4.019381523748645,2.661258039595451,3.914021008090819,5.523458920524919,4.830311739964974,5.117993812416755,4.019381523748645,0.691153161953081])",1.0
R190,"['eye', 'ground', 'control', 'develop', 'agent.', 'industry', 'meeting', 'nearly', 'save', 'away.', 'left', 'figure', 'ahead', 'behavior.', 'experts', 'discuss', 'ongoing', 'developments', 'research.']","(10000,[20,1208,1241,1341,1662,2866,3010,3614,4110,4506,4520,4687,6487,6830,6988,7066,8012,8268,9462],[4.019381523748645,2.7508701982851385,3.8187108282864943,3.7316994512968646,4.42484663185681,4.019381523748645,4.270695952029551,0.667530016189645,4.270695952029551,0.691153161953081,3.8187108282864943,0.691153161953081,3.914021008090819,5.117993812416755,5.117993812416755,2.8844015909096608,4.830311739964974,3.3262343431887,0.691153161953081])",1.0
F057,"['usually', 'represent', 'cell', 'another', 'data.', 'sister', 'idea', 'treatment', 'else', 'whether', 'far.', '—', 'shocking', 'claims', 'mind', 'control', 'surface', 'internet.']","(10000,[503,1208,2571,2990,3184,3210,3406,3521,5034,5850,5958,6873,7281,7936,8015,8166,8338,8717],[0.691153161953081,2.7508701982851385,5.117993812416755,3.914021008090819,2.849310271098391,4.137164559405029,4.830311739964974,4.270695952029551,4.830311739964974,0.691153161953081,4.137164559405029,5.117993812416755,0.6792718340663283,0.691153161953081,4.607168188650764,4.270695952029551,0.691153161953081,4.607168188650764])",0.0
F158,"['kid', 'series', 'start', 'past', 'million', 'range.', 'pull', 'happen', 'republican', 'group', 'bar', 'every.', 'visit', 'evening', 'find', 'speak.', '—', 'shocking', 'claims', 'immortal', 'jellyfish', 'surface', 'internet.']","(10000,[503,698,1209,2066,2996,3723,4463,4616,4704,5286,5750,5850,6597,7281,7332,7510,7766,7936,8338,8651,8997,9275,9876],[0.691153161953081,3.914021008090819,4.607168188650764,2.7508701982851385,3.8187108282864943,4.42484663185681,4.270695952029551,4.607168188650764,3.8187108282864943,4.019381523748645,4.830311739964974,0.691153161953081,4.42484663185681,0.6792718340663283,4.270695952029551,4.42484663185681,4.607168188650764,0.691153161953081,0.691153161953081,4.607168188650764,4.607168188650764,3.6516567436233283,2.7508701982851385])",0.0
F234,"['approach', 'generation', 'happy', 'return', 'hold.', 'government', 'majority', 'southern', 'level', 'exist.', '—', 'shocking', 'claims', 'flat', 'earth', 'surface', 'internet.']","(10000,[23,503,635,795,1499,2259,2918,3095,3743,5347,5850,6963,7281,7936,8338,9244,9676],[4.830311739964974,0.691153161953081,4.607168188650764,5.117993812416755,4.270695952029551,2.579019941358479,3.0385522707369192,4.607168188650764,4.137164559405029,4.019381523748645,0.691153161953081,4.019381523748645,0.6792718340663283,0.691153161953081,0.691153161953081,4.830311739964974,3.0385522707369192])",0.0
F155,"['protect', 'style', 'crime', 'cut.', 'hour', 'sound', 'however', 'film', 'detail', 'effort', 'pay.', '—', 'shocking', 'claims', 'flat', 'earth', 'surface', 'internet.']","(10000,[503,527,731,911,1143,1676,2918,4898,5003,5726,5850,6166,7235,7281,7936,8000,8338,9676],[0.691153161953081,4.270695952029551,4.137164559405029,4.42484663185681,4.137164559405029,5.117993812416755,3.0385522707369192,4.607168188650764,4.42484663185681,3.914021008090819,0.691153161953081,4.270695952029551,4.019381523748645,0.6792718340663283,0.691153161953081,4.607168188650764,0.691153161953081,3.0385522707369192])",0.0
F106,"['relate', 'second', 'call', 'night', 'interesting', 'continue', 'especially', 'true.', 'cup', 'instead', 'probably', 'less', 'according.', 'federal', 'help', 'take', 'where.', '—', 'shocking', 'claims', 'flat', 'earth', 'surface', 'internet.']","(10000,[503,633,743,855,988,1195,2297,2918,3059,3634,4522,4527,5146,5493,5850,6869,7281,7936,8173,8338,9256,9347,9676,9907],[0.691153161953081,4.607168188650764,4.019381523748645,5.523458920524919,4.42484663185681,4.019381523748645,4.019381523748645,3.0385522707369192,3.577548771469606,4.830311739964974,5.117993812416755,4.137164559405029,4.270695952029551,4.607168188650764,0.691153161953081,4.019381523748645,0.6792718340663283,0.691153161953081,3.6516567436233283,0.691153161953081,4.607168188650764,4.270695952029551,3.0385522707369192,5.523458920524919])",0.0
R051,"['serious', 'risk', 'prevent', 'become.', 'huge', 'nearly', 'establish.', 'need', 'safe', 'art.', 'experts', 'discuss', 'ongoing', 'developments', 'policy.']","(10000,[1117,2198,2866,3252,3614,4043,4506,4687,5739,6537,6944,7642,8794,9462,9714],[3.914021008090819,4.137164559405029,4.019381523748645,4.137164559405029,0.667530016189645,4.270695952029551,0.691153161953081,0.691153161953081,5.523458920524919,4.270695952029551,2.8154087194227095,4.270695952029551,4.137164559405029,0.691153161953081,4.830311739964974])",1.0
R203,"['public', 'financial', 'assume', 'others', 'risk', 'strong', 'science.', 'pressure', 'agree', 'number', 'popular.', 'serious', 'environment', 'test', 'whether.', 'experts', 'discuss', 'ongoing', 'developments', 'education.']","(10000,[1117,1770,2407,2664,3334,3614,4506,4687,5047,5661,6355,6547,6586,6925,6940,7407,7786,8519,8794,9462],[3.914021008090819,2.958509563063383,3.914021008090819,3.914021008090819,4.830311739964974,0.667530016189645,0.691153161953081,0.691153161953081,2.661258039595451,3.914021008090819,4.42484663185681,5.523458920524919,5.117993812416755,4.270695952029551,4.607168188650764,3.8187108282864943,4.42484663185681,4.270695952029551,4.137164559405029,0.691153161953081])",1.0
F063,"['office', 'kind', 'evening.', 'student', 'society', 'sense.', '—', 'shocking', 'claims', 'secret', 'cure', 'surface', 'internet.']","(10000,[327,353,503,3536,3892,4011,5850,6044,6747,7281,7936,8338,8344],[4.019381523748645,4.270695952029551,0.691153161953081,4.137164559405029,2.5530444549552183,5.117993812416755,0.691153161953081,4.42484663185681,2.5530444549552183,0.6792718340663283,0.691153161953081,0.691153161953081,4.137164559405029])",0.0
R080,"['service', 'piece', 'society', 'event', 'service', 'manager.', 'center', 'tough', 'mrs', 'himself.', 'hold', 'wonder', 'plan', 'weight', 'care.', 'experts', 'discuss', 'ongoing', 'developments', 'policy.']","(10000,[327,1480,2252,2389,3133,3614,3792,4506,4687,4723,5390,5447,6123,6944,7161,7728,8004,9462,9751],[4.019381523748645,4.137164559405029,8.84969326371362,4.42484663185681,4.42484663185681,0.667530016189645,3.8187108282864943,0.691153161953081,0.691153161953081,3.914021008090819,5.117993812416755,3.5085558999826545,4.830311739964974,2.8154087194227095,5.523458920524919,4.607168188650764,4.42484663185681,0.691153161953081,4.42484663185681])",1.0
R226,"['current', 'matter', 'figure', 'open', 'mother.', 'room', 'parent.', 'experts', 'discuss', 'ongoing', 'developments', 'public', 'health.']","(10000,[494,1770,2402,3614,4110,4506,4687,5783,6219,7177,7958,9189,9462],[4.270695952029551,2.958509563063383,4.137164559405029,0.667530016189645,4.270695952029551,0.691153161953081,0.691153161953081,4.42484663185681,3.0385522707369192,4.607168188650764,5.523458920524919,4.019381523748645,0.691153161953081])",1.0
F144,"['tree', 'wife', 'read', 'heavy.', 'read', 'protect', 'decision', 'right', 'help.', '—', 'shocking', 'claims', 'hoax', 'surface', 'internet.']","(10000,[503,1411,1790,2193,3021,3952,4377,5850,5871,7235,7281,7650,7936,8338],[0.691153161953081,4.830311739964974,4.42484663185681,4.607168188650764,3.7316994512968646,4.270695952029551,2.60568818844064,0.691153161953081,4.607168188650764,4.019381523748645,0.6792718340663283,8.03876304749729,0.691153161953081,0.691153161953081])",0.0
F241,"['nature', 'know', 'impact', 'themselves.', '—', 'shocking', 'claims', 'flat', 'earth', 'surface', 'internet.']","(10000,[503,1972,2918,3611,5850,5853,7281,7779,7936,8338,9676],[0.691153161953081,3.914021008090819,3.0385522707369192,4.137164559405029,0.691153161953081,4.607168188650764,0.6792718340663283,3.577548771469606,0.691153161953081,0.691153161953081,3.0385522707369192])",0.0
R150,"['someone', 'number', 'couple', 'sea', 'whole', 'place.', 'experts', 'discuss', 'ongoing', 'developments', 'election.']","(10000,[627,3556,3614,3671,4131,4506,4687,7702,8519,9462,9617],[4.42484663185681,2.8844015909096608,0.667530016189645,4.137164559405029,5.523458920524919,0.691153161953081,0.691153161953081,4.270695952029551,4.270695952029551,0.691153161953081,4.019381523748645])",1.0
R153,"['receive', 'professor', 'money', 'cause', 'worry', 'need.', 'show', 'gas', 'police.', 'operation', 'indeed', 'professor', 'cover', 'determine', 'ball.', 'experts', 'discuss', 'ongoing', 'developments', 'research.']","(10000,[316,2543,3614,4019,4391,4506,4617,4687,4934,5607,5922,5947,6103,6104,6544,7066,7734,8343,9462],[4.270695952029551,7.3033134872466565,0.667530016189645,4.42484663185681,4.607168188650764,0.691153161953081,3.6516567436233283,0.691153161953081,4.270695952029551,3.7316994512968646,4.830311739964974,5.523458920524919,4.270695952029551,4.137164559405029,4.830311739964974,2.8844015909096608,4.830311739964974,4.270695952029551,0.691153161953081])",1.0
F175,"['prepare', 'market', 'population.', 'born', 'market', 'evening', 'tell', 'show', 'someone', 'popular.', '—', 'shocking', 'claims', 'hoax', 'surface', 'internet.']","(10000,[503,1850,2286,2657,3671,4019,4377,5286,5850,6599,7281,7786,7936,8338,9545],[0.691153161953081,3.914021008090819,4.270695952029551,7.463398902593729,4.137164559405029,4.42484663185681,2.60568818844064,4.019381523748645,0.691153161953081,5.117993812416755,0.6792718340663283,4.42484663185681,0.691153161953081,0.691153161953081,3.914021008090819])",0.0
F161,"['relationship', 'late', 'high.', 'reflect', 'box', 'threat', 'effect', 'exactly', 'including', 'view.', '—', 'shocking', 'claims', 'immortal', 'jellyfish', 'surface', 'internet.']","(10000,[503,2066,2096,3079,4260,5321,5850,5972,6324,7281,7334,7922,7936,8070,8094,8338,9876],[0.691153161953081,2.7508701982851385,3.914021008090819,4.270695952029551,4.137164559405029,4.270695952029551,0.691153161953081,4.830311739964974,3.914021008090819,0.6792718340663283,4.019381523748645,4.607168188650764,0.691153161953081,4.137164559405029,4.42484663185681,0.691153161953081,2.7508701982851385])",0.0
F147,"['responsibility', 'including', 'rich', 'leader', 'step.', 'mouth', 'born', 'little', 'walk', 'anything.', 'former', 'air', 'away', 'news', 'none', 'his.', '—', 'shocking', 'claims', 'secret', 'cure', 'surface', 'internet.']","(10000,[88,503,1526,1590,2433,2835,3502,3737,3754,3892,4160,5850,6142,6212,6747,7281,7334,7497,7751,7936,8338,9545,9831],[3.914021008090819,0.691153161953081,4.019381523748645,4.42484663185681,4.830311739964974,4.830311739964974,3.7316994512968646,4.607168188650764,5.117993812416755,2.5530444549552183,4.42484663185681,0.691153161953081,4.270695952029551,4.607168188650764,2.5530444549552183,0.6792718340663283,4.019381523748645,4.42484663185681,5.523458920524919,0.691153161953081,0.691153161953081,3.914021008090819,3.6516567436233283])",0.0
F018,"['soldier', 'energy', 'help', 'sure', 'enough', 'defense.', 'central', 'military', 'class', 'scene', 'next.', '—', 'shocking', 'claims', 'secret', 'cure', 'surface', 'internet.']","(10000,[176,503,1821,3892,4007,4141,4748,5844,5850,5877,6747,7281,7936,8307,8338,8928,9347],[5.117993812416755,0.691153161953081,4.42484663185681,2.5530444549552183,4.42484663185681,4.42484663185681,4.270695952029551,7.637421656572989,0.691153161953081,3.914021008090819,2.5530444549552183,0.6792718340663283,0.691153161953081,4.019381523748645,0.691153161953081,4.830311739964974,4.270695952029551])",0.0
F211,"['wish', 'democratic', 'response.', 'simple', 'including', 'day', 'likely.', '—', 'shocking', 'claims', 'celebrity', 'scandal', 'surface', 'internet.']","(10000,[495,503,1868,2913,3486,4921,5606,5850,7281,7334,7936,8113,8338,9133],[4.270695952029551,0.691153161953081,5.117993812416755,3.7316994512968646,2.849310271098391,2.849310271098391,3.8187108282864943,0.691153161953081,0.6792718340663283,4.019381523748645,0.691153161953081,5.523458920524919,0.691153161953081,4.137164559405029])",0.0
R117,"['factor', 'government', 'hundred', 'want.', 'save', 'home', 'quite', 'modern', 'office', 'consider', 'whom.', 'experts', 'discuss', 'ongoing', 'developments', 'research.']","(10000,[312,735,2259,2336,3365,3614,4506,4520,4687,5175,6056,7066,8344,9462,9561,9637],[4.42484663185681,4.270695952029551,2.579019941358479,3.914021008090819,4.607168188650764,0.667530016189645,0.691153161953081,3.8187108282864943,0.691153161953081,4.019381523748645,4.019381523748645,2.8844015909096608,4.137164559405029,0.691153161953081,4.270695952029551,5.117993812416755])",1.0
F016,"['market', 'full', 'cell', 'cup', 'possible', 'author.', 'six', 'agree', 'growth', 'design', 'option', 'girl.', 'sell', 'section', 'difference', 'collection', 'lawyer', 'time.', '—', 'shocking', 'claims', 'aliens', 'surface', 'internet.']","(10000,[320,373,503,650,2657,3059,3210,3922,4485,5276,5401,5850,6100,6925,6968,7281,7370,7866,7936,8209,8338,8897,9021,9613],[4.137164559405029,5.117993812416755,0.691153161953081,2.958509563063383,3.7316994512968646,3.577548771469606,4.137164559405029,4.607168188650764,4.270695952029551,5.117993812416755,3.914021008090819,0.691153161953081,4.270695952029551,4.270695952029551,4.137164559405029,0.6792718340663283,4.830311739964974,4.42484663185681,0.691153161953081,3.7316994512968646,0.691153161953081,4.42484663185681,4.270695952029551,3.914021008090819])",0.0
F029,"['gun', 'speech', 'cover', 'entire', 'force.', 'high', 'collection', 'fly', 'lot.', '—', 'shocking', 'claims', 'flat', 'earth', 'surface', 'internet.']","(10000,[502,503,2116,2918,5850,5944,6104,6291,7281,7936,8209,8313,8338,8544,8824,9676],[4.830311739964974,0.691153161953081,4.270695952029551,3.0385522707369192,0.691153161953081,4.42484663185681,4.137164559405029,4.830311739964974,0.6792718340663283,0.691153161953081,3.7316994512968646,4.137164559405029,0.691153161953081,5.523458920524919,3.914021008090819,3.0385522707369192])",0.0
F205,"['consumer', 'medical', 'kid', 'toward.', '—', 'shocking', 'claims', 'celebrity', 'scandal', 'surface', 'internet.']","(10000,[503,3486,3723,4531,4921,5850,7281,7936,8268,8338,9475],[0.691153161953081,2.849310271098391,4.42484663185681,4.830311739964974,2.849310271098391,0.691153161953081,0.6792718340663283,0.691153161953081,3.3262343431887,0.691153161953081,4.270695952029551])",0.0
R112,"['business', 'season', 'present', 'international', 'low', 'nation.', 'energy', 'analysis', 'call', 'miss.', 'experts', 'discuss', 'ongoing', 'developments', 'economic', 'growth.']","(10000,[188,1296,2358,3614,4506,4687,5146,5374,6961,7725,8130,8307,8411,9034,9144,9462],[4.42484663185681,4.137164559405029,4.137164559405029,0.667530016189645,0.691153161953081,0.691153161953081,4.270695952029551,3.6516567436233283,5.523458920524919,5.523458920524919,4.137164559405029,4.019381523748645,3.6516567436233283,2.8844015909096608,2.7508701982851385,0.691153161953081])",1.0
F218,"['art', 'even', 'health.', '—', 'shocking', 'claims', 'government', 'cover-up', 'surface', 'internet.']","(10000,[503,2259,5850,6219,6406,7281,7854,7936,8338,9813],[0.691153161953081,2.579019941358479,0.691153161953081,3.0385522707369192,4.137164559405029,0.6792718340663283,4.42484663185681,0.691153161953081,0.691153161953081,2.997730276216664])",0.0
R187,"['meeting', 'protect', 'media', 'sort', 'teacher', 'network', 'catch.', 'lose', 'field', 'drop', 'cold', 'care', 'would.', 'left', 'rule', 'dream', 'report.', 'experts', 'discuss', 'ongoing', 'developments', 'education.']","(10000,[20,343,1209,1410,1662,2366,3614,3920,4422,4506,4687,5047,5310,5432,5720,6426,7074,7235,8577,8708,9152,9462],[4.019381523748645,4.019381523748645,4.607168188650764,5.117993812416755,4.42484663185681,3.914021008090819,0.667530016189645,4.137164559405029,4.830311739964974,0.691153161953081,0.691153161953081,2.661258039595451,3.8187108282864943,2.6902455764687034,4.270695952029551,5.117993812416755,3.577548771469606,4.019381523748645,4.270695952029551,3.914021008090819,4.270695952029551,0.691153161953081])",1.0
F087,"['guy', 'ask', 'past', 'rule', 'play', 'position.', 'focus', 'south', 'happen.', '—', 'shocking', 'claims', 'celebrity', 'scandal', 'surface', 'internet.']","(10000,[94,343,503,1819,2173,3486,3507,3931,4816,4921,5850,6235,7281,7936,8338,9275],[4.607168188650764,4.019381523748645,0.691153161953081,4.830311739964974,4.830311739964974,2.849310271098391,4.137164559405029,3.5085558999826545,3.8187108282864943,2.849310271098391,0.691153161953081,5.117993812416755,0.6792718340663283,0.691153161953081,0.691153161953081,3.6516567436233283])",0.0
R171,"['draw', 'exactly', 'treat', 'woman', 'dream', 'probably', 'girl.', 'hot', 'form', 'page', 'item', 'local', 'admit', 'expect.', 'situation', 'series', 'game', 'article', 'fill.', 'experts', 'discuss', 'ongoing', 'developments', 'education.']","(10000,[228,453,1702,1916,2096,2297,2366,2827,3136,3614,4463,4506,4563,4687,5047,5621,7370,8167,8219,8714,8750,8975,9462,9693],[4.019381523748645,3.7316994512968646,4.42484663185681,4.270695952029551,3.914021008090819,4.019381523748645,3.914021008090819,4.137164559405029,4.42484663185681,0.667530016189645,4.270695952029551,0.691153161953081,4.137164559405029,0.691153161953081,2.661258039595451,4.270695952029551,4.830311739964974,4.270695952029551,4.830311739964974,4.019381523748645,4.137164559405029,4.830311739964974,0.691153161953081,4.270695952029551])",1.0
R113,"['program', 'meet', 'away', 'third', 'sea', 'shake', 'night.', 'piece', 'program', 'exactly', 'turn.', 'experts', 'discuss', 'ongoing', 'developments', 'technology', 'breakthrough.']","(10000,[573,1020,2096,2180,2227,3133,3222,3334,3614,3737,4506,4687,8771,9462,9617,9940],[8.274329118810059,2.4324164671666035,3.914021008090819,4.607168188650764,2.7200985396183848,4.42484663185681,4.607168188650764,4.830311739964974,0.667530016189645,4.607168188650764,0.691153161953081,0.691153161953081,4.019381523748645,0.691153161953081,4.019381523748645,5.117993812416755])",1.0
R222,"['general', 'mouth', 'stuff', 'talk', 'author', 'town', 'mission.', 'expert', 'although', 'character', 'use', 'probably.', 'degree', 'day', 'people', 'property', 'budget', 'half', 'system', 'group.', 'person', 'lay', 'political', 'conference', 'listen.', 'experts', 'discuss', 'ongoing', 'developments', 'public', 'health.']","(10000,[914,1770,1780,2733,2826,3249,3614,3935,3996,4263,4475,4489,4506,4687,4715,4867,4991,5133,5415,5465,5657,6219,7268,7497,7722,7779,8925,9133,9350,9462,9943],[4.42484663185681,2.958509563063383,4.830311739964974,4.830311739964974,5.117993812416755,4.270695952029551,0.667530016189645,4.019381523748645,4.137164559405029,4.019381523748645,4.42484663185681,5.117993812416755,0.691153161953081,0.691153161953081,4.270695952029551,4.42484663185681,2.503034034380557,3.914021008090819,5.523458920524919,4.830311739964974,4.270695952029551,3.0385522707369192,5.117993812416755,4.42484663185681,4.137164559405029,3.577548771469606,4.830311739964974,4.137164559405029,4.137164559405029,0.691153161953081,4.270695952029551])",1.0
F233,"['teacher', 'letter', 'game.', 'discuss', 'drive', 'save', 'low.', 'go', 'economy', 'watch.', '—', 'shocking', 'claims', 'secret', 'cure', 'surface', 'internet.']","(10000,[217,503,564,2519,3614,3892,4520,5498,5850,6325,6451,6747,7281,7936,8338,8546,8708],[4.270695952029551,0.691153161953081,3.7316994512968646,5.117993812416755,0.667530016189645,2.5530444549552183,3.8187108282864943,5.117993812416755,0.691153161953081,4.42484663185681,3.6516567436233283,2.5530444549552183,0.6792718340663283,0.691153161953081,0.691153161953081,5.523458920524919,3.914021008090819])",0.0
R223,"['dog', 'author', 'believe', 'people', 'likely', 'deep.', 'big', 'better', 'policy', 'town.', 'feel', 'skill', 'issue', 'player', 'you.', 'material', 'social', 'produce', 'sign', 'degree.', 'experts', 'discuss', 'ongoing', 'developments', 'climate', 'change.']","(10000,[4,309,533,821,823,1648,1982,2059,2543,3048,3115,3231,3614,4142,4263,4506,4687,4928,6278,6604,6616,6756,9350,9462,9564,9968],[4.607168188650764,4.270695952029551,3.914021008090819,2.849310271098391,4.42484663185681,4.019381523748645,4.830311739964974,2.6330871626287546,3.6516567436233283,3.8187108282864943,4.830311739964974,4.137164559405029,0.667530016189645,3.7316994512968646,4.019381523748645,0.691153161953081,0.691153161953081,4.607168188650764,5.523458920524919,4.270695952029551,4.270695952029551,4.607168188650764,4.137164559405029,0.691153161953081,4.270695952029551,4.270695952029551])",1.0
F224,"['different', 'cell', 'four', 'natural', 'including', 'clear', 'traditional.', '—', 'shocking', 'claims', 'secret', 'cure', 'surface', 'internet.']","(10000,[503,1243,1611,2900,3210,3892,4988,5850,6683,6747,7281,7334,7936,8338],[0.691153161953081,4.019381523748645,3.7316994512968646,5.117993812416755,4.137164559405029,2.5530444549552183,4.42484663185681,0.691153161953081,4.137164559405029,2.5530444549552183,0.6792718340663283,4.019381523748645,0.691153161953081,0.691153161953081])",0.0
R181,"['hard', 'option', 'decide', 'democratic', 'when.', 'human', 'push', 'provide', 'goal', 'toward', 'center', 'seat.', 'experts', 'discuss', 'ongoing', 'developments', 'climate', 'change.']","(10000,[821,1268,1480,2059,3194,3614,4506,4687,5089,5125,5606,5946,5978,6422,8293,8303,9462,9613],[2.849310271098391,5.523458920524919,4.137164559405029,2.6330871626287546,4.270695952029551,0.667530016189645,0.691153161953081,0.691153161953081,3.8187108282864943,3.8187108282864943,3.8187108282864943,4.019381523748645,4.270695952029551,5.117993812416755,4.137164559405029,3.7316994512968646,0.691153161953081,3.914021008090819])",1.0
R056,"['suffer', 'relate', 'resource', 'case', 'tonight', 'when.', 'single', 'green', 'police', 'tv.', 'experts', 'discuss', 'ongoing', 'developments', 'public', 'health.']","(10000,[551,988,1670,1770,3389,3614,3876,4506,4687,6135,6219,6342,6422,7889,8356,9462],[4.270695952029551,4.42484663185681,4.270695952029551,2.958509563063383,4.270695952029551,0.667530016189645,4.137164559405029,0.691153161953081,0.691153161953081,4.270695952029551,3.0385522707369192,4.830311739964974,5.117993812416755,4.019381523748645,5.117993812416755,0.691153161953081])",1.0
R110,"['within', 'heart', 'sell', 'bed.', 'around', 'trouble', 'sound', 'life', 'security', 'since', 'near.', 'experts', 'discuss', 'ongoing', 'developments', 'education.']","(10000,[2634,2909,3477,3614,4485,4506,4687,5047,6166,6197,6287,6817,9166,9462,9808,9817],[4.019381523748645,4.607168188650764,3.8187108282864943,0.667530016189645,4.270695952029551,0.691153161953081,0.691153161953081,2.661258039595451,4.270695952029551,4.270695952029551,4.019381523748645,4.830311739964974,5.523458920524919,0.691153161953081,4.137164559405029,4.019381523748645])",1.0
R219,"['mission', 'ago', 'quickly', 'american', 'program', 'think', 'baby.', 'popular', 'color', 'policy', 'approach.', 'experts', 'discuss', 'ongoing', 'developments', 'education.']","(10000,[573,1896,2335,3391,3614,4142,4506,4687,5047,6069,6148,6434,7652,9367,9462,9832],[4.137164559405029,4.607168188650764,4.42484663185681,4.607168188650764,0.667530016189645,3.7316994512968646,0.691153161953081,0.691153161953081,2.661258039595451,4.137164559405029,4.270695952029551,5.523458920524919,5.523458920524919,4.270695952029551,0.691153161953081,4.830311739964974])",1.0
R224,"['go', 'less', 'well.', 'far', 'base', 'must.', 'free', 'find', 'clearly', 'technology', 'true.', 'experts', 'discuss', 'ongoing', 'developments', 'education.']","(10000,[1020,1073,1195,3614,3739,4158,4506,4687,5047,5493,6451,7510,8173,8238,8833,9462],[2.4324164671666035,4.830311739964974,4.019381523748645,0.667530016189645,5.117993812416755,3.7316994512968646,0.691153161953081,0.691153161953081,2.661258039595451,4.607168188650764,3.6516567436233283,4.42484663185681,3.6516567436233283,4.270695952029551,5.523458920524919,0.691153161953081])",1.0
F178,"['politics', 'read', 'shake', 'know', 'late.', 'avoid', 'particular', 'certain', 'tonight.', '—', 'shocking', 'claims', 'immortal', 'jellyfish', 'surface', 'internet.']","(10000,[503,1388,2066,2180,5850,5887,6151,7281,7650,7779,7936,8338,8984,9184,9288,9876],[0.691153161953081,3.914021008090819,2.7508701982851385,4.607168188650764,0.691153161953081,3.4440173788450834,5.523458920524919,0.6792718340663283,4.019381523748645,3.577548771469606,0.691153161953081,0.691153161953081,4.830311739964974,5.523458920524919,3.8187108282864943,2.7508701982851385])",0.0
F074,"['continue', 'energy', 'adult', 'certain', 'next.', 'occur', 'owner', 'team', 'simple', 'newspaper', 'view.', 'produce', 'age', 'form', 'product', 'head', 'certainly', 'fund.', 'stand', 'note', 'safe.', '—', 'shocking', 'claims', 'secret', 'cure', 'surface', 'internet.']","(10000,[72,447,468,503,673,743,1064,1648,1921,2091,2913,3238,3892,5621,5844,5850,5972,6053,6623,6747,6886,7281,7936,8307,8338,8791,9288,9909],[4.42484663185681,4.137164559405029,4.270695952029551,0.691153161953081,4.42484663185681,4.019381523748645,4.830311739964974,4.019381523748645,3.8187108282864943,5.523458920524919,3.7316994512968646,4.270695952029551,2.5530444549552183,4.270695952029551,3.8187108282864943,0.691153161953081,4.830311739964974,3.7316994512968646,5.117993812416755,2.5530444549552183,4.019381523748645,0.6792718340663283,0.691153161953081,4.019381523748645,0.691153161953081,4.607168188650764,3.8187108282864943,4.42484663185681])",0.0
R034,"['away', 'issue', 'discussion', 'majority', 'can.', 'century', 'identify', 'red', 'attention.', 'experts', 'discuss', 'ongoing', 'developments', 'budget', 'report.']","(10000,[52,1247,3614,3737,3967,4506,4687,4991,5315,5432,6616,7841,8203,9244,9462],[4.42484663185681,4.830311739964974,0.667530016189645,4.607168188650764,4.42484663185681,0.691153161953081,0.691153161953081,2.503034034380557,4.42484663185681,2.6902455764687034,4.270695952029551,3.914021008090819,4.607168188650764,4.830311739964974,0.691153161953081])",1.0
R095,"['size', 'account', 'though', 'popular.', 'experience', 'local', 'bad.', 'experts', 'discuss', 'ongoing', 'developments', 'policy.']","(10000,[228,3192,3385,3614,3635,3935,4506,4687,6944,7786,9187,9462],[4.019381523748645,4.42484663185681,3.914021008090819,0.667530016189645,4.830311739964974,4.019381523748645,0.691153161953081,0.691153161953081,2.8154087194227095,4.42484663185681,4.607168188650764,0.691153161953081])",1.0
F011,"['resource', 'evening', 'effort', 'i.', 'eight', 'assume', 'begin', 'another', 'beyond', 'what.', 'across', 'north', 'themselves.', 'difference', 'fly', 'voice', 'nothing', 'cut.', '—', 'shocking', 'claims', 'aliens', 'surface', 'internet.']","(10000,[503,564,650,1513,1670,1778,2664,3530,4292,4898,5286,5726,5850,5853,5944,7074,7281,7866,7936,8166,8338,8363,8482,8900],[0.691153161953081,3.7316994512968646,2.958509563063383,4.019381523748645,4.270695952029551,4.830311739964974,3.914021008090819,4.270695952029551,4.42484663185681,4.607168188650764,4.019381523748645,3.914021008090819,0.691153161953081,4.607168188650764,4.42484663185681,3.577548771469606,0.6792718340663283,4.42484663185681,0.691153161953081,4.270695952029551,0.691153161953081,5.117993812416755,4.830311739964974,4.607168188650764])",0.0
R162,"['remember', 'gas', 'apply', 'occur', 'note', 'own.', 'truth', 'campaign', 'yes', 'project', 'test.', 'party', 'require', 'water', 'challenge', 'work.', 'behind', 'choose', 'artist', 'production.', 'experts', 'discuss', 'ongoing', 'developments', 'policy.']","(10000,[360,1379,1640,1921,2069,2230,2589,3614,4346,4506,4687,5044,5607,5685,5935,6675,6944,7312,7813,8449,8931,8960,9462,9706,9909],[4.42484663185681,4.42484663185681,5.117993812416755,3.8187108282864943,4.830311739964974,3.914021008090819,4.42484663185681,0.667530016189645,4.42484663185681,0.691153161953081,0.691153161953081,4.607168188650764,3.7316994512968646,3.7316994512968646,4.607168188650764,3.8187108282864943,2.8154087194227095,4.019381523748645,5.117993812416755,4.42484663185681,4.42484663185681,4.830311739964974,0.691153161953081,3.914021008090819,4.42484663185681])",1.0
R218,"['last', 'subject', 'best', 'watch', 'government.', 'experts', 'discuss', 'ongoing', 'developments', 'election.']","(10000,[763,2708,3556,3614,3989,4506,4687,5710,8655,9462],[4.270695952029551,3.7316994512968646,2.8844015909096608,0.667530016189645,4.607168188650764,0.691153161953081,0.691153161953081,4.830311739964974,4.270695952029551,0.691153161953081])",1.0
F136,"['right', 'author', 'tell', 'measure.', 'entire', 'police', 'blue', 'spend.', '—', 'shocking', 'claims', 'miracle', 'drug', 'surface', 'internet.']","(10000,[503,1256,1790,1850,3876,4516,5587,5768,5850,7281,7860,7936,8338,8824,9350],[0.691153161953081,3.125563647726549,4.42484663185681,3.914021008090819,4.137164559405029,5.523458920524919,5.117993812416755,4.830311739964974,0.691153161953081,0.6792718340663283,2.958509563063383,0.691153161953081,0.691153161953081,3.914021008090819,4.137164559405029])",0.0
R108,"['go', 'attorney', 'end', 'really', 'field', 'hit.', 'experts', 'discuss', 'ongoing', 'developments', 'economic', 'growth.']","(10000,[453,885,3614,4112,4506,4687,4853,6451,7074,9034,9144,9462],[3.7316994512968646,5.117993812416755,0.667530016189645,4.830311739964974,0.691153161953081,0.691153161953081,4.270695952029551,3.6516567436233283,3.577548771469606,2.8844015909096608,2.7508701982851385,0.691153161953081])",1.0
R186,"['foot', 'sea', 'need.', 'worker', 'pattern', 'much', 'left.', 'compare', 'affect', 'politics', 'course', 'good', 'huge.', 'experts', 'discuss', 'ongoing', 'developments', 'research.']","(10000,[524,617,2676,3614,3652,4506,4687,5134,5321,5887,6055,6168,6544,7066,7890,9246,9462,9617],[3.8187108282864943,3.7316994512968646,4.270695952029551,0.667530016189645,4.42484663185681,0.691153161953081,0.691153161953081,5.117993812416755,4.270695952029551,3.4440173788450834,4.830311739964974,4.137164559405029,4.830311739964974,2.8844015909096608,4.42484663185681,5.117993812416755,0.691153161953081,4.019381523748645])",1.0
R248,"['collection', 'stuff', 'century', 'here.', 'lead', 'season', 'stay', 'section', 'near.', 'allow', 'cover', 'appear.', 'experts', 'discuss', 'ongoing', 'developments', 'technology', 'breakthrough.']","(10000,[433,1020,1952,2227,2358,3614,4506,4687,4835,5356,6104,6817,6968,7008,7722,7841,8209,9462],[3.914021008090819,2.4324164671666035,5.523458920524919,2.7200985396183848,4.137164559405029,0.667530016189645,0.691153161953081,0.691153161953081,4.137164559405029,4.019381523748645,4.137164559405029,4.830311739964974,4.137164559405029,5.523458920524919,4.137164559405029,3.914021008090819,3.7316994512968646,0.691153161953081])",1.0
F045,"['memory', 'one', 'especially', 'night', 'economic.', 'something', 'join', 'morning', 'heavy.', 'stock', 'major', 'dinner', 'perform', 'become', 'water.', '—', 'shocking', 'claims', 'immortal', 'jellyfish', 'surface', 'internet.']","(10000,[503,793,815,1058,1098,1411,2007,2066,2240,3160,3973,5850,6869,6941,7090,7281,7936,8173,8338,8952,9826,9876],[0.691153161953081,4.270695952029551,4.019381523748645,4.42484663185681,3.6516567436233283,4.830311739964974,5.523458920524919,2.7508701982851385,3.914021008090819,4.137164559405029,5.523458920524919,0.691153161953081,4.019381523748645,4.42484663185681,4.019381523748645,0.6792718340663283,0.691153161953081,3.6516567436233283,0.691153161953081,4.830311739964974,4.830311739964974,2.7508701982851385])",0.0
F092,"['produce', 'southern', 'hour', 'simply.', 'visit', 'magazine', 'actually', 'nearly', 'cup', 'discussion.', '—', 'shocking', 'claims', 'secret', 'cure', 'surface', 'internet.']","(10000,[503,527,698,816,1648,2866,3059,3743,3892,4079,5850,6447,6747,7281,7936,8338,8413],[0.691153161953081,4.270695952029551,3.914021008090819,5.117993812416755,4.019381523748645,4.019381523748645,3.577548771469606,4.137164559405029,2.5530444549552183,5.523458920524919,0.691153161953081,4.019381523748645,2.5530444549552183,0.6792718340663283,0.691153161953081,0.691153161953081,3.383392757028649])",0.0
R100,"['people', 'record', 'white', 'development', 'tonight', 'present', 'particular.', 'gun', 'already', 'pull', 'law', 'see', 'fear', 'suggest', 'future.', 'experts', 'discuss', 'ongoing', 'developments', 'technology', 'breakthrough.']","(10000,[594,1020,2227,2871,3389,3614,3979,4263,4347,4506,4687,5354,5843,6597,7816,8130,8313,8547,8633,9462,9513],[4.607168188650764,2.4324164671666035,2.7200985396183848,4.270695952029551,4.270695952029551,0.667530016189645,4.270695952029551,4.019381523748645,4.42484663185681,0.691153161953081,0.691153161953081,4.607168188650764,3.914021008090819,4.42484663185681,3.7316994512968646,4.137164559405029,4.137164559405029,5.117993812416755,5.117993812416755,0.691153161953081,4.137164559405029])",1.0
F075,"['marriage', 'book', 'must', 'anything', 'speak', 'network', 'expect.', 'fine', 'share', 'wonder', 'available', 'other.', '—', 'shocking', 'claims', 'miracle', 'drug', 'surface', 'internet.']","(10000,[393,503,1023,1256,2114,2475,3947,4723,4732,5850,6229,6431,7281,7860,7936,8219,8338,9152,9231],[4.137164559405029,0.691153161953081,4.137164559405029,3.125563647726549,4.137164559405029,4.42484663185681,4.137164559405029,3.914021008090819,4.42484663185681,0.691153161953081,4.270695952029551,4.019381523748645,0.6792718340663283,2.958509563063383,0.691153161953081,4.830311739964974,0.691153161953081,4.270695952029551,4.42484663185681])",0.0
R059,"['first', 'must', 'keep', 'discuss', 'everybody.', 'artist', 'pressure', 'phone', 'start.', 'reveal', 'run', 'public', 'trade.', 'experts', 'discuss', 'ongoing', 'developments', 'technology', 'breakthrough.']","(10000,[266,1020,1023,1507,1626,1770,2227,2806,3614,4506,4687,5661,6403,7166,8049,8931,9462,9594],[4.607168188650764,2.4324164671666035,4.137164559405029,4.270695952029551,4.137164559405029,2.958509563063383,2.7200985396183848,4.830311739964974,1.33506003237929,0.691153161953081,0.691153161953081,3.914021008090819,4.830311739964974,4.830311739964974,5.523458920524919,4.42484663185681,0.691153161953081,4.42484663185681])",1.0
F213,"['surface', 'create', 'wish', 'draw.', 'involve', 'brother', 'family', 'letter', 'able', 'week.', '—', 'shocking', 'claims', 'hoax', 'surface', 'internet.']","(10000,[291,495,503,564,1404,2302,3496,3759,4377,5850,6271,7281,7936,8297,8338],[4.42484663185681,4.270695952029551,0.691153161953081,3.7316994512968646,4.607168188650764,5.117993812416755,3.8187108282864943,5.117993812416755,2.60568818844064,0.691153161953081,4.270695952029551,1.3585436681326566,0.691153161953081,4.270695952029551,0.691153161953081])",0.0
R233,"['difference', 'media', 'tough', 'walk.', 'accept', 'whatever', 'option', 'question', 'push', 'become.', 'experts', 'discuss', 'ongoing', 'developments', 'education.']","(10000,[1209,2657,2947,3614,4506,4687,5047,5447,5978,7695,7866,8423,9462,9613,9714],[4.607168188650764,3.7316994512968646,4.830311739964974,0.667530016189645,0.691153161953081,0.691153161953081,2.661258039595451,3.5085558999826545,4.270695952029551,4.270695952029551,4.42484663185681,5.117993812416755,0.691153161953081,3.914021008090819,4.830311739964974])",1.0
F072,"['raise', 'society', 'rock', 'stay', 'story', 'result', 'light.', 'focus', 'lead', 'bar', 'player', 'detail.', '—', 'shocking', 'claims', 'mind', 'control', 'surface', 'internet.']","(10000,[327,399,433,503,574,1208,2336,3184,3527,3931,4390,5356,5850,6604,6855,7281,7332,7936,8338],[4.019381523748645,3.6516567436233283,3.914021008090819,0.691153161953081,4.270695952029551,2.7508701982851385,3.914021008090819,2.849310271098391,4.607168188650764,3.5085558999826545,5.117993812416755,4.019381523748645,0.691153161953081,4.270695952029551,4.019381523748645,0.6792718340663283,4.270695952029551,0.691153161953081,0.691153161953081])",0.0
R184,"['concern', 'buy', 'car', 'black', 'list', 'share', 'like.', 'remember', 'miss', 'technology', 'discussion', 'fear.', 'experts', 'discuss', 'ongoing', 'developments', 'budget', 'report.']","(10000,[80,1020,1071,1948,1968,3614,3674,3947,4506,4687,4991,5315,5432,5685,7615,8728,9190,9462],[4.42484663185681,2.4324164671666035,4.42484663185681,3.914021008090819,4.42484663185681,0.667530016189645,4.607168188650764,4.137164559405029,0.691153161953081,0.691153161953081,2.503034034380557,4.42484663185681,2.6902455764687034,3.7316994512968646,4.830311739964974,3.8187108282864943,4.830311739964974,0.691153161953081])",1.0
F134,"['economic', 'fine', 'six', 'require', 'cultural.', 'center', 'quality', 'back', 'play', 'mean', 'notice.', '—', 'shocking', 'claims', 'secret', 'cure', 'surface', 'internet.']","(10000,[503,909,1480,2173,3506,3892,5401,5850,6431,6747,7281,7366,7936,8338,8430,8449,8471,9144],[0.691153161953081,3.8187108282864943,4.137164559405029,4.830311739964974,4.019381523748645,2.5530444549552183,3.914021008090819,0.691153161953081,4.019381523748645,2.5530444549552183,0.6792718340663283,5.523458920524919,0.691153161953081,0.691153161953081,4.607168188650764,4.42484663185681,4.607168188650764,2.7508701982851385])",0.0
R096,"['physical', 'mr', 'offer', 'detail', 'senior', 'response.', 'somebody', 'trial', 'dark', 'describe', 'hundred', 'new.', 'form', 'senior', 'well', 'degree', 'evening.', 'experts', 'discuss', 'ongoing', 'developments', 'research.']","(10000,[157,697,1143,1868,2647,2958,3089,3410,3614,4011,4144,4506,4687,5175,5621,6280,7066,7085,8649,9462,9943],[3.8187108282864943,3.914021008090819,4.137164559405029,5.117993812416755,4.019381523748645,3.7316994512968646,4.137164559405029,4.607168188650764,0.667530016189645,5.117993812416755,7.828042016181638,0.691153161953081,0.691153161953081,4.019381523748645,4.270695952029551,4.607168188650764,2.8844015909096608,4.270695952029551,3.914021008090819,0.691153161953081,4.270695952029551])",1.0
R020,"['six', 'financial', 'explain', 'democrat', 'congress.', 'class', 'born', 'exist.', 'experts', 'discuss', 'ongoing', 'developments', 'policy.']","(10000,[795,2513,3614,4007,4506,4687,5234,5341,5401,6944,7407,9462,9545],[5.117993812416755,4.607168188650764,0.667530016189645,4.42484663185681,0.691153161953081,0.691153161953081,3.914021008090819,4.830311739964974,3.914021008090819,2.8154087194227095,3.8187108282864943,0.691153161953081,3.914021008090819])",1.0
R067,"['voice', 'enjoy', 'win', 'pressure', 'success', 'reduce', 'direction', 'also.', 'arm', 'suddenly', 'issue', 'seek', 'food.', 'believe', 'professor', 'eye', 'phone', 'strategy', 'particularly', 'his.', 'experts', 'discuss', 'ongoing', 'developments', 'policy.']","(10000,[171,533,1341,1626,1805,2291,2398,2543,3530,3614,3754,3984,4085,4506,4687,5661,6443,6616,6944,8121,8159,8554,8581,9462,9828],[5.117993812416755,3.914021008090819,3.7316994512968646,4.137164559405029,4.270695952029551,4.019381523748645,5.117993812416755,3.6516567436233283,4.270695952029551,0.667530016189645,5.117993812416755,5.117993812416755,5.117993812416755,0.691153161953081,0.691153161953081,3.914021008090819,3.8187108282864943,4.270695952029551,2.8154087194227095,5.117993812416755,3.577548771469606,4.830311739964974,4.019381523748645,0.691153161953081,5.117993812416755])",1.0
R215,"['theory', 'eat', 'school', 'attack.', 'add', 'think', 'land', 'kitchen', 'mrs.', 'experts', 'discuss', 'ongoing', 'developments', 'education.']","(10000,[641,756,1468,2335,2679,3614,3643,4506,4687,5047,7148,7276,9462,9887],[5.523458920524919,4.019381523748645,4.019381523748645,4.42484663185681,4.137164559405029,0.667530016189645,5.523458920524919,0.691153161953081,0.691153161953081,2.661258039595451,4.607168188650764,3.6516567436233283,0.691153161953081,4.607168188650764])",1.0
R127,"['policy', 'contain', 'black', 'far.', 'campaign', 'far', 'speech', 'contain.', 'everything', 'share', 'class', 'individual.', 'experts', 'discuss', 'ongoing', 'developments', 'policy.']","(10000,[502,1948,2571,3188,3292,3614,3947,4007,4142,4158,4506,4687,6675,6944,7493,9156,9462],[4.830311739964974,3.914021008090819,5.117993812416755,4.607168188650764,5.523458920524919,0.667530016189645,4.137164559405029,4.42484663185681,3.7316994512968646,3.7316994512968646,0.691153161953081,0.691153161953081,3.8187108282864943,2.8154087194227095,4.137164559405029,3.8187108282864943,0.691153161953081])",1.0
R235,"['town', 'service', 'perhaps', 'rock', 'ahead', 'pay.', 'sense', 'population', 'receive', 'list', 'decision', 'tough.', 'experts', 'discuss', 'ongoing', 'developments', 'technology', 'breakthrough.']","(10000,[574,1020,1259,1676,2193,2227,2252,3614,4506,4617,4687,4715,5447,7036,8268,8728,9258,9462],[4.270695952029551,2.4324164671666035,4.270695952029551,5.117993812416755,4.607168188650764,2.7200985396183848,4.42484663185681,0.667530016189645,0.691153161953081,3.6516567436233283,0.691153161953081,4.270695952029551,3.5085558999826545,5.117993812416755,3.3262343431887,3.8187108282864943,4.019381523748645,0.691153161953081])",1.0
R163,"['power', 'son', 'magazine', 'plant', 'entire.', 'significant', 'rule', 'admit', 'result', 'hear', 'season.', 'experts', 'discuss', 'ongoing', 'developments', 'climate', 'change.']","(10000,[209,343,399,656,821,2059,3056,3614,4506,4687,4842,7140,7244,8413,8552,8714,9462],[3.914021008090819,4.019381523748645,3.6516567436233283,4.830311739964974,2.849310271098391,2.6330871626287546,4.137164559405029,0.667530016189645,0.691153161953081,0.691153161953081,4.019381523748645,5.117993812416755,3.8187108282864943,3.383392757028649,3.914021008090819,4.019381523748645,0.691153161953081])",1.0
R002,"['really', 'school', 'see', 'able', 'green.', 'gun', 'policy', 'discover', 'image.', 'door', 'finish', 'food', 'great.', 'physical', 'none', 'maintain', 'thank', 'perform.', 'experts', 'discuss', 'ongoing', 'developments', 'education.']","(10000,[1687,2679,3496,3614,4112,4142,4170,4506,4687,4847,5047,5247,5354,6578,6591,7016,8313,8649,8653,9462,9513,9604,9831],[4.607168188650764,4.137164559405029,3.8187108282864943,0.667530016189645,4.830311739964974,3.7316994512968646,4.830311739964974,0.691153161953081,0.691153161953081,4.607168188650764,2.661258039595451,4.270695952029551,4.607168188650764,4.830311739964974,5.117993812416755,5.117993812416755,4.137164559405029,3.914021008090819,4.830311739964974,0.691153161953081,4.137164559405029,4.830311739964974,3.6516567436233283])",1.0
R021,"['reveal', 'call', 'suddenly', 'religious', 'probably', 'enjoy', 'individual.', 'evening', 'heavy', 'technology', 'individual', 'cover.', 'experts', 'discuss', 'ongoing', 'developments', 'education.']","(10000,[1020,1507,1805,2297,3188,3614,4293,4506,4687,5047,5146,5286,8581,8614,8867,8949,9462],[2.4324164671666035,4.270695952029551,4.270695952029551,4.019381523748645,4.607168188650764,0.667530016189645,4.270695952029551,0.691153161953081,0.691153161953081,2.661258039595451,4.270695952029551,4.019381523748645,4.019381523748645,4.607168188650764,5.117993812416755,4.42484663185681,0.691153161953081])",1.0
R013,"['although', 'hundred', 'long', 'simple', 'increase', 'agency', 'year.', 'head', 'sense', 'ask.', 'experts', 'discuss', 'ongoing', 'developments', 'technology', 'breakthrough.']","(10000,[765,1020,1064,2227,2609,2913,3614,4506,4687,5175,5447,7517,7779,7963,8904,9462],[4.270695952029551,2.4324164671666035,4.830311739964974,2.7200985396183848,5.117993812416755,3.7316994512968646,0.667530016189645,0.691153161953081,0.691153161953081,4.019381523748645,3.5085558999826545,5.523458920524919,3.577548771469606,4.137164559405029,4.137164559405029,0.691153161953081])",1.0
F195,"['investment', 'bed', 'mean', 'write.', 'long', 'military', 'crime', 'manage.', 'dog', 'course', 'four.', '—', 'shocking', 'claims', 'flat', 'earth', 'surface', 'internet.']","(10000,[503,731,909,1562,2483,2918,3652,5850,5877,7281,7936,7960,8338,8904,9497,9564,9593,9676],[0.691153161953081,4.137164559405029,3.8187108282864943,4.607168188650764,5.117993812416755,3.0385522707369192,4.42484663185681,0.691153161953081,3.914021008090819,0.6792718340663283,0.691153161953081,5.117993812416755,0.691153161953081,4.137164559405029,4.42484663185681,4.270695952029551,5.117993812416755,3.0385522707369192])",0.0
R101,"['factor', 'figure', 'behind', 'remember', 'loss.', 'end', 'animal', 'we.', 'pattern', 'bar', 'camera', 'special', 'identify.', 'experts', 'discuss', 'ongoing', 'developments', 'research.']","(10000,[453,617,690,1055,1650,2412,3614,4110,4346,4506,4687,5685,7066,7332,7360,7488,9462,9561],[3.7316994512968646,3.7316994512968646,4.830311739964974,4.42484663185681,4.270695952029551,5.117993812416755,0.667530016189645,4.270695952029551,4.42484663185681,0.691153161953081,0.691153161953081,3.7316994512968646,2.8844015909096608,4.270695952029551,4.137164559405029,5.117993812416755,0.691153161953081,4.270695952029551])",1.0
R055,"['body', 'administration', 'deep', 'listen.', 'national', 'sense', 'successful', 'trip', 'natural.', 'experts', 'discuss', 'ongoing', 'developments', 'research.']","(10000,[841,1762,2826,3614,4237,4506,4687,5185,5447,5659,5782,7066,7910,9462],[4.270695952029551,4.270695952029551,5.117993812416755,0.667530016189645,5.117993812416755,0.691153161953081,0.691153161953081,4.270695952029551,3.5085558999826545,4.270695952029551,4.607168188650764,2.8844015909096608,3.577548771469606,0.691153161953081])",1.0
F190,"['science', 'environment', 'student', 'population', 'hope', 'range', 'nature.', '—', 'shocking', 'claims', 'secret', 'cure', 'surface', 'internet.']","(10000,[165,503,2407,3363,3536,3892,5850,6000,6747,7281,7936,8338,8346,9258],[4.137164559405029,0.691153161953081,3.914021008090819,4.607168188650764,4.137164559405029,2.5530444549552183,0.691153161953081,5.117993812416755,2.5530444549552183,0.6792718340663283,0.691153161953081,0.691153161953081,5.117993812416755,4.019381523748645])",0.0
R004,"['behind', 'standard', 'series', 'enjoy', 'heart', 'role.', 'loss', 'begin', 'ever', 'government', 'responsibility', 'painting', 'ground.', 'experts', 'discuss', 'ongoing', 'developments', 'education.']","(10000,[1034,1513,1805,2259,2967,3502,3614,4346,4463,4506,4687,5047,5329,5594,8678,9462,9808,9974],[4.019381523748645,4.019381523748645,4.270695952029551,2.579019941358479,4.607168188650764,3.7316994512968646,0.667530016189645,4.42484663185681,4.270695952029551,0.691153161953081,0.691153161953081,2.661258039595451,4.42484663185681,4.270695952029551,5.523458920524919,0.691153161953081,4.137164559405029,5.117993812416755])",1.0
F080,"['vote', 'tree', 'along', 'political.', 'character', 'southern', 'apply', 'win.', 'national', 'staff', 'even', 'include', 'reach', 'local', 'range.', '—', 'shocking', 'claims', 'celebrity', 'scandal', 'surface', 'internet.']","(10000,[228,503,1209,2603,2840,2953,3486,3743,4867,4921,5850,5871,6224,6406,6436,7281,7312,7910,7936,8338,8386,9214],[4.019381523748645,0.691153161953081,4.607168188650764,5.523458920524919,4.270695952029551,4.137164559405029,2.849310271098391,4.137164559405029,4.42484663185681,2.849310271098391,0.691153161953081,4.607168188650764,4.137164559405029,4.137164559405029,5.117993812416755,0.6792718340663283,4.019381523748645,3.577548771469606,0.691153161953081,0.691153161953081,4.137164559405029,4.607168188650764])",0.0
F049,"['left', 'one', 'student', 'one', 'maintain', 'us', 'smile.', '—', 'shocking', 'claims', 'hoax', 'surface', 'internet.']","(10000,[503,815,1662,3536,4377,4827,5247,5850,6660,7281,7936,8338],[0.691153161953081,8.03876304749729,4.42484663185681,4.137164559405029,2.60568818844064,5.117993812416755,4.270695952029551,0.691153161953081,4.42484663185681,0.6792718340663283,0.691153161953081,0.691153161953081])",0.0
F184,"['every', 'condition', 'should.', 'quality', 'author', 'mouth', 'part', 'son.', '—', 'shocking', 'claims', 'secret', 'cure', 'surface', 'internet.']","(10000,[320,503,1440,3506,3892,5328,5850,6747,7281,7497,7936,8338,8740,9350,9681],[4.137164559405029,0.691153161953081,5.117993812416755,4.019381523748645,2.5530444549552183,3.914021008090819,0.691153161953081,2.5530444549552183,0.6792718340663283,4.42484663185681,0.691153161953081,0.691153161953081,3.7316994512968646,4.137164559405029,3.8187108282864943])",0.0
F030,"['responsibility', 'pick', 'force', 'note.', 'lawyer', 'page', 'certain', 'responsibility', 'education', 'rise.', '—', 'shocking', 'claims', 'secret', 'cure', 'surface', 'internet.']","(10000,[391,503,2827,3502,3892,4554,5530,5850,6747,7281,7372,7936,8338,9021,9288,9599],[4.607168188650764,0.691153161953081,4.137164559405029,7.463398902593729,2.5530444549552183,5.117993812416755,4.137164559405029,0.691153161953081,2.5530444549552183,0.6792718340663283,4.830311739964974,0.691153161953081,0.691153161953081,4.270695952029551,3.8187108282864943,4.830311739964974])",0.0
R213,"['rate', 'woman', 'professional', 'loss', 'station', 'difficult', 'give.', 'clear', 'possible', 'relationship', 'sell', 'none', 'eye', 'one', 'front.', 'whole', 'tend', 'fact', 'too.', 'experts', 'discuss', 'ongoing', 'developments', 'budget', 'report.']","(10000,[253,627,815,1341,1611,1712,1810,2155,3614,4253,4260,4485,4506,4563,4687,4991,5329,5432,6100,7215,8415,8759,9462,9831,9873],[4.607168188650764,4.42484663185681,4.019381523748645,3.7316994512968646,3.7316994512968646,4.270695952029551,4.607168188650764,4.42484663185681,0.667530016189645,5.117993812416755,4.137164559405029,4.270695952029551,0.691153161953081,4.137164559405029,0.691153161953081,2.503034034380557,4.42484663185681,2.6902455764687034,4.270695952029551,4.607168188650764,4.830311739964974,4.607168188650764,0.691153161953081,3.6516567436233283,5.117993812416755])",1.0
F128,"['image', 'quickly', 'quality', 'design', 'moment.', 'way', 'room', 'listen', 'skill', 'card', 'miss', 'candidate.', '—', 'shocking', 'claims', 'immortal', 'jellyfish', 'surface', 'internet.']","(10000,[429,494,503,547,1071,2066,2144,3391,3506,3922,4096,5303,5850,7281,7936,8338,9391,9876,9968],[4.270695952029551,4.270695952029551,0.691153161953081,4.830311739964974,4.42484663185681,2.7508701982851385,3.914021008090819,4.607168188650764,4.019381523748645,4.607168188650764,4.830311739964974,4.270695952029551,0.691153161953081,0.6792718340663283,0.691153161953081,0.691153161953081,4.830311739964974,2.7508701982851385,4.270695952029551])",0.0
R231,"['yeah', 'third', 'control', 'happy', 'exactly', 'government.', 'experts', 'discuss', 'ongoing', 'developments', 'policy.']","(10000,[1208,2096,3249,3614,4506,4687,5347,5710,6944,8771,9462],[2.7508701982851385,3.914021008090819,4.270695952029551,0.667530016189645,0.691153161953081,0.691153161953081,4.019381523748645,4.830311739964974,2.8154087194227095,4.019381523748645,0.691153161953081])",1.0
R061,"['sound', 'wide', 'white', 'though', 'control', 'wait.', 'thought', 'body', 'billion', 'interview', 'enough', 'head.', 'experts', 'discuss', 'ongoing', 'developments', 'technology', 'breakthrough.']","(10000,[55,258,841,1020,1208,2227,2836,3385,3593,3614,4506,4687,4748,5843,6035,6063,6166,9462],[4.42484663185681,4.42484663185681,4.270695952029551,2.4324164671666035,2.7508701982851385,2.7200985396183848,4.607168188650764,3.914021008090819,5.117993812416755,0.667530016189645,0.691153161953081,0.691153161953081,4.270695952029551,3.914021008090819,3.7316994512968646,4.607168188650764,4.270695952029551,0.691153161953081])",1.0
R137,"['draw', 'approach', 'look', 'cold', 'avoid.', 'late', 'significant.', 'experts', 'discuss', 'ongoing', 'developments', 'education.']","(10000,[1175,2126,3079,3095,3614,3920,4506,4687,5047,8167,9462,9939],[5.117993812416755,5.523458920524919,4.270695952029551,4.607168188650764,0.667530016189645,4.137164559405029,0.691153161953081,0.691153161953081,2.661258039595451,4.270695952029551,0.691153161953081,4.270695952029551])",1.0
R185,"['growth', 'natural', 'white', 'project.', 'experts', 'discuss', 'ongoing', 'developments', 'technology', 'breakthrough.']","(10000,[320,1020,2227,3614,4506,4687,4988,5101,5843,9462],[4.137164559405029,2.4324164671666035,2.7200985396183848,0.667530016189645,0.691153161953081,0.691153161953081,4.42484663185681,5.523458920524919,3.914021008090819,0.691153161953081])",1.0
R204,"['term', 'hundred', 'total', 'upon.', 'many', 'business', 'inside', 'someone', 'reality', 'sell.', 'local', 'staff', 'four', 'fall', 'ask', 'despite.', 'experts', 'discuss', 'ongoing', 'developments', 'technology', 'breakthrough.']","(10000,[228,680,1020,1243,1310,2188,2227,3507,3614,3671,3729,4330,4506,4687,5087,5175,5188,5374,6224,6279,9066,9462],[4.019381523748645,4.42484663185681,2.4324164671666035,4.019381523748645,5.523458920524919,4.42484663185681,2.7200985396183848,4.137164559405029,0.667530016189645,4.137164559405029,4.607168188650764,5.523458920524919,0.691153161953081,0.691153161953081,4.607168188650764,4.019381523748645,4.607168188650764,3.6516567436233283,4.137164559405029,4.42484663185681,4.137164559405029,0.691153161953081])",1.0
F217,"['painting', 'box', 'history', 'trial', 'good', 'director', 'tend.', 'make', 'though', 'thought.', 'future', 'official', 'increase', 'rock.', '—', 'shocking', 'claims', 'immortal', 'jellyfish', 'surface', 'internet.']","(10000,[503,1034,1853,2066,3385,3410,3525,4461,5797,5850,6168,6488,6543,7281,7922,7936,7963,8338,8485,9296,9876],[0.691153161953081,4.019381523748645,4.607168188650764,2.7508701982851385,3.914021008090819,4.607168188650764,4.830311739964974,5.117993812416755,4.830311739964974,0.691153161953081,4.137164559405029,3.8187108282864943,4.270695952029551,0.6792718340663283,4.607168188650764,0.691153161953081,4.137164559405029,0.691153161953081,4.270695952029551,5.117993812416755,2.7508701982851385])",0.0
F176,"['might', 'fact', 'type', 'series', 'chance', 'let.', 'traditional', 'bring', 'rate.', 'behavior', 'administration', 'federal', 'laugh', 'case.', '—', 'shocking', 'claims', 'miracle', 'drug', 'surface', 'internet.']","(10000,[346,503,633,735,1256,1637,3057,3526,3564,3924,4463,4486,5185,5850,6752,7098,7215,7281,7860,7936,8338],[4.42484663185681,0.691153161953081,4.607168188650764,4.270695952029551,3.125563647726549,3.5085558999826545,4.019381523748645,4.137164559405029,4.830311739964974,4.42484663185681,4.270695952029551,4.830311739964974,4.270695952029551,0.691153161953081,5.523458920524919,4.270695952029551,4.607168188650764,0.6792718340663283,2.958509563063383,0.691153161953081,0.691153161953081])",0.0
R245,"['fill', 'program', 'knowledge', 'kind', 'memory.', 'thought', 'stay', 'ahead', 'yeah', 'how.', 'single', 'fast', 'these.', 'experts', 'discuss', 'ongoing', 'developments', 'technology', 'breakthrough.']","(10000,[55,433,573,1020,2227,3249,3614,4506,4687,5678,6021,6044,6079,7864,7889,8268,9263,9462,9727],[4.42484663185681,3.914021008090819,4.137164559405029,2.4324164671666035,2.7200985396183848,4.270695952029551,0.667530016189645,0.691153161953081,0.691153161953081,4.830311739964974,4.42484663185681,4.42484663185681,5.523458920524919,4.607168188650764,4.019381523748645,3.3262343431887,4.42484663185681,0.691153161953081,4.607168188650764])",1.0
R104,"['project', 'build', 'possible.', 'instead', 'career', 'sister', 'couple', 'mention', 'bank.', 'newspaper', 'movement', 'page', 'watch', 'hot', 'college.', 'protect', 'million', 'miss', 'cost', 'trade.', 'experts', 'discuss', 'ongoing', 'developments', 'election.']","(10000,[1071,2230,2272,2708,2827,2907,3014,3238,3521,3556,3614,4490,4506,4527,4687,4930,5294,7166,7235,7702,8651,9462,9578,9615,9693],[4.42484663185681,3.914021008090819,5.117993812416755,3.7316994512968646,4.137164559405029,4.019381523748645,4.42484663185681,4.270695952029551,4.270695952029551,2.8844015909096608,0.667530016189645,3.914021008090819,0.691153161953081,4.137164559405029,0.691153161953081,3.914021008090819,4.137164559405029,4.830311739964974,4.019381523748645,4.270695952029551,4.607168188650764,0.691153161953081,4.830311739964974,4.830311739964974,4.270695952029551])",1.0
F156,"['nice', 'oil', 'eight', 'pattern.', 'somebody', 'care', 'hold', 'laugh', 'right', 'team.', '—', 'shocking', 'claims', 'flat', 'earth', 'surface', 'internet.']","(10000,[503,1790,2389,2918,3089,3370,5310,5850,6021,6035,7098,7281,7936,8326,8338,8482,9676],[0.691153161953081,4.42484663185681,4.42484663185681,3.0385522707369192,4.137164559405029,3.914021008090819,3.8187108282864943,0.691153161953081,4.42484663185681,3.7316994512968646,4.270695952029551,0.6792718340663283,0.691153161953081,5.523458920524919,0.691153161953081,4.830311739964974,3.0385522707369192])",0.0
R194,"['western', 'laugh', 'enough', 'remain', 'sense', 'help.', 'experts', 'discuss', 'ongoing', 'developments', 'election.']","(10000,[524,3556,3614,3952,4506,4687,4748,5205,5447,7098,9462],[3.8187108282864943,2.8844015909096608,0.667530016189645,4.270695952029551,0.691153161953081,0.691153161953081,4.270695952029551,4.607168188650764,3.5085558999826545,4.270695952029551,0.691153161953081])",1.0
R161,"['upon', 'special', 'dream', 'fear', 'beautiful', 'gas', 'foreign.', 'religious', 'financial', 'institution', 'officer', 'crime', 'need', 'treat.', 'may', 'find', 'occur', 'wall', 'situation', 'sound.', 'sense', 'human', 'memory', 'generation', 'view.', 'experts', 'discuss', 'ongoing', 'developments', 'technology', 'breakthrough.']","(10000,[696,731,1020,1055,1273,1921,2227,2366,3136,3243,3614,3822,4293,4506,4687,5401,5447,5607,5972,6404,6537,6735,6941,6963,7407,7510,8303,9066,9160,9462,9513],[4.137164559405029,4.137164559405029,2.4324164671666035,4.42484663185681,3.7316994512968646,3.8187108282864943,2.7200985396183848,3.914021008090819,4.42484663185681,4.019381523748645,0.667530016189645,5.117993812416755,4.270695952029551,0.691153161953081,0.691153161953081,3.914021008090819,3.5085558999826545,3.7316994512968646,4.830311739964974,4.42484663185681,4.270695952029551,4.830311739964974,4.42484663185681,4.019381523748645,3.8187108282864943,4.42484663185681,3.7316994512968646,4.137164559405029,5.117993812416755,0.691153161953081,4.137164559405029])",1.0
F113,"['option', 'community', 'yet', 'writer', 'enter', 'government', 'budget', 'toward.', 'hard', 'cost', 'eat', 'begin', 'rest', 'environmental', 'see.', 'institution', 'actually', 'court', 'interview', 'hair', 'source.', '—', 'shocking', 'claims', 'immortal', 'jellyfish', 'surface', 'internet.']","(10000,[503,1513,2066,2259,2708,3243,3707,4037,4490,4531,4568,4991,5125,5850,6027,6035,6447,6906,6975,7276,7281,7435,7664,7936,8174,8338,9613,9876],[0.691153161953081,4.019381523748645,2.7508701982851385,2.579019941358479,3.7316994512968646,4.019381523748645,5.523458920524919,4.137164559405029,3.914021008090819,4.830311739964974,4.607168188650764,2.503034034380557,3.8187108282864943,0.691153161953081,4.607168188650764,3.7316994512968646,4.019381523748645,4.137164559405029,5.117993812416755,3.6516567436233283,0.6792718340663283,3.914021008090819,4.137164559405029,0.691153161953081,4.607168188650764,0.691153161953081,3.914021008090819,2.7508701982851385])",0.0
F150,"['music', 'develop', 'task', 'although', 'realize', 'necessary', 'job.', 'religious', 'enough', 'modern', 'situation.', '—', 'shocking', 'claims', 'hoax', 'surface', 'internet.']","(10000,[477,503,1241,1582,2336,2636,4293,4377,4748,5850,6370,7281,7779,7936,7979,8338,8451],[5.117993812416755,0.691153161953081,3.8187108282864943,3.914021008090819,3.914021008090819,5.523458920524919,4.270695952029551,2.60568818844064,4.270695952029551,0.691153161953081,4.830311739964974,0.6792718340663283,3.577548771469606,0.691153161953081,3.914021008090819,0.691153161953081,4.137164559405029])",0.0
F047,"['happen', 'necessary', 'easy.', 'admit', 'term', 'early', 'arrive', 'worry.', '—', 'shocking', 'claims', 'miracle', 'drug', 'surface', 'internet.']","(10000,[503,1256,2188,4092,4175,4704,5850,7281,7391,7860,7936,7979,8338,8714,9231],[0.691153161953081,3.125563647726549,4.42484663185681,4.019381523748645,4.830311739964974,3.8187108282864943,0.691153161953081,0.6792718340663283,4.607168188650764,2.958509563063383,0.691153161953081,3.914021008090819,0.691153161953081,4.019381523748645,4.42484663185681])",0.0
F008,"['suddenly', 'fast', 'total', 'know', 'understand', 'while.', 'forget', 'western', 'opportunity', 'particularly.', 'wonder', 'church', 'reduce', 'change.', '—', 'shocking', 'claims', 'hoax', 'surface', 'internet.']","(10000,[503,524,1273,2059,4377,4723,5850,6279,6487,6976,7146,7281,7779,7936,8159,8338,8391,8581,9168,9263],[0.691153161953081,3.8187108282864943,3.7316994512968646,2.6330871626287546,2.60568818844064,3.914021008090819,0.691153161953081,4.42484663185681,3.914021008090819,3.7316994512968646,4.137164559405029,0.6792718340663283,3.577548771469606,0.691153161953081,3.577548771469606,0.691153161953081,4.607168188650764,4.019381523748645,5.523458920524919,4.42484663185681])",0.0
F229,"['product', 'stand', 'study', 'skill', 'arm.', 'news', 'ever', 'car', 'top', 'cost', 'stuff.', 'serious', 'network', 'dark', 'foreign', 'various.', 'road', 'quite', 'put.', '—', 'shocking', 'claims', 'aliens', 'surface', 'internet.']","(10000,[447,503,650,697,1117,2433,2825,3674,4224,4490,5328,5476,5594,5725,5850,6056,6206,6584,6886,7281,7936,8338,8497,9152,9968],[4.137164559405029,0.691153161953081,2.958509563063383,3.914021008090819,3.914021008090819,4.830311739964974,5.523458920524919,4.607168188650764,4.137164559405029,3.914021008090819,3.914021008090819,4.830311739964974,4.270695952029551,4.830311739964974,0.691153161953081,4.019381523748645,4.42484663185681,5.523458920524919,4.019381523748645,0.6792718340663283,0.691153161953081,0.691153161953081,5.523458920524919,4.270695952029551,4.270695952029551])",0.0
R001,"['senior', 'history', 'major', 'defense', 'upon', 'task.', 'center', 'wife', 'social.', 'people', 'democrat', 'address.', 'experts', 'discuss', 'ongoing', 'developments', 'research.']","(10000,[1058,1259,1480,3021,3543,3614,4144,4263,4506,4687,4847,5234,6543,6735,7034,7066,9462],[4.42484663185681,4.270695952029551,4.137164559405029,3.7316994512968646,4.270695952029551,0.667530016189645,3.914021008090819,4.019381523748645,0.691153161953081,0.691153161953081,4.607168188650764,3.914021008090819,4.270695952029551,4.830311739964974,5.523458920524919,2.8844015909096608,0.691153161953081])",1.0
R241,"['piece', 'tv', 'century', 'power', 'behavior', 'indicate.', 'specific', 'significant', 'son.', 'experts', 'discuss', 'ongoing', 'developments', 'public', 'health.']","(10000,[735,1440,1770,2059,3056,3133,3614,4506,4528,4547,4687,6219,7841,8552,9462],[4.270695952029551,5.117993812416755,2.958509563063383,2.6330871626287546,4.137164559405029,4.42484663185681,0.667530016189645,0.691153161953081,4.830311739964974,4.137164559405029,0.691153161953081,3.0385522707369192,3.914021008090819,3.914021008090819,0.691153161953081])",1.0
R198,"['society', 'along', 'significant', 'city', 'reveal.', 'clear', 'tend', 'idea', 'international', 'prevent', 'attention.', 'experts', 'discuss', 'ongoing', 'developments', 'climate', 'change.']","(10000,[188,327,821,1611,1810,2006,2059,2840,3252,3614,4506,4687,5495,5958,8203,8552,9462],[4.42484663185681,4.019381523748645,2.849310271098391,3.7316994512968646,4.607168188650764,5.117993812416755,2.6330871626287546,4.270695952029551,4.137164559405029,0.667530016189645,0.691153161953081,0.691153161953081,4.42484663185681,4.137164559405029,4.607168188650764,3.914021008090819,0.691153161953081])",1.0
R229,"['side', 'believe', 'sea', 'boy', 'yes.', 'nice', 'past', 'girl', 'practice', 'religious', 'defense.', 'suggest', 'heavy', 'yet', 'hit.', 'experts', 'discuss', 'ongoing', 'developments', 'research.']","(10000,[157,176,533,885,1029,2601,3370,3614,4037,4280,4293,4506,4687,7066,7816,8949,9275,9462,9617,9781],[3.8187108282864943,5.117993812416755,3.914021008090819,5.117993812416755,4.270695952029551,5.117993812416755,3.914021008090819,0.667530016189645,4.137164559405029,4.42484663185681,4.270695952029551,0.691153161953081,0.691153161953081,2.8844015909096608,3.7316994512968646,4.42484663185681,3.6516567436233283,0.691153161953081,4.019381523748645,4.830311739964974])",1.0
R205,"['next', 'operation', 'form', 'present', 'feel.', 'thousand', 'indeed', 'attention', 'catch', 'feeling', 'mouth', 'later.', 'simple', 'notice', 'central', 'exactly', 'bank', 'lead.', 'experts', 'discuss', 'ongoing', 'developments', 'public', 'health.']","(10000,[613,1525,1770,2096,2913,3059,3144,3614,4506,4687,4934,5621,5922,6219,6798,7386,7497,7949,8130,8273,8928,8982,9462,9682],[4.019381523748645,4.019381523748645,2.958509563063383,3.914021008090819,3.7316994512968646,3.577548771469606,4.137164559405029,0.667530016189645,0.691153161953081,0.691153161953081,4.270695952029551,4.270695952029551,4.830311739964974,3.0385522707369192,4.270695952029551,4.830311739964974,4.42484663185681,4.270695952029551,4.137164559405029,4.137164559405029,4.830311739964974,4.830311739964974,0.691153161953081,4.830311739964974])",1.0
F123,"['memory', 'energy', 'impact', 'minute', 'keep', 'guy.', 'focus', 'hour', 'soon', 'effort', 'must', 'direction.', 'couple', 'money', 'generation', 'room', 'station', 'magazine', 'admit.', 'machine', 'red', 'later.', '—', 'shocking', 'claims', 'celebrity', 'scandal', 'surface', 'internet.']","(10000,[52,494,503,527,1023,1041,1972,3059,3357,3486,3761,3931,4775,4921,5726,5850,6103,6941,6963,7281,7702,7936,8040,8307,8338,8413,8415,9547,9594],[4.42484663185681,4.270695952029551,0.691153161953081,4.270695952029551,4.137164559405029,4.42484663185681,3.914021008090819,3.577548771469606,5.117993812416755,2.849310271098391,4.830311739964974,3.5085558999826545,5.523458920524919,2.849310271098391,3.914021008090819,0.691153161953081,4.270695952029551,4.42484663185681,4.019381523748645,0.6792718340663283,4.270695952029551,0.691153161953081,4.42484663185681,4.019381523748645,0.691153161953081,3.383392757028649,4.830311739964974,5.523458920524919,4.42484663185681])",0.0
F043,"['item', 'force.', 'dinner', 'five', 'become', 'task', 'past', 'mean.', 'single', 'physical', 'share', 'next', 'serve.', '—', 'shocking', 'claims', 'celebrity', 'scandal', 'surface', 'internet.']","(10000,[503,1916,2240,3486,3947,4921,5850,5974,6291,7090,7160,7281,7889,7936,8273,8338,8451,8457,8649,9275],[0.691153161953081,4.270695952029551,3.914021008090819,2.849310271098391,4.137164559405029,2.849310271098391,0.691153161953081,3.7316994512968646,4.830311739964974,4.019381523748645,4.607168188650764,0.6792718340663283,4.019381523748645,0.691153161953081,4.137164559405029,0.691153161953081,4.137164559405029,4.607168188650764,3.914021008090819,3.6516567436233283])",0.0
F097,"['seat', 'government', 'free.', 'physical', 'assume', 'college', 'feeling', 'line', 'i.', '—', 'shocking', 'claims', 'celebrity', 'scandal', 'surface', 'internet.']","(10000,[47,503,564,613,1182,2259,2664,3486,4391,4921,5850,7281,7936,8057,8338,8649],[4.270695952029551,0.691153161953081,3.7316994512968646,4.019381523748645,4.830311739964974,2.579019941358479,3.914021008090819,2.849310271098391,4.607168188650764,2.849310271098391,0.691153161953081,0.6792718340663283,0.691153161953081,4.607168188650764,0.691153161953081,3.914021008090819])",0.0
R014,"['material', 'station', 'western', 'among', 'prove', 'defense', 'hot', 'involve.', 'experts', 'discuss', 'ongoing', 'developments', 'research.']","(10000,[524,3231,3543,3614,4506,4687,5214,7066,7108,7362,8415,9462,9693],[3.8187108282864943,4.137164559405029,4.270695952029551,0.667530016189645,0.691153161953081,0.691153161953081,4.830311739964974,2.8844015909096608,5.523458920524919,4.019381523748645,4.830311739964974,0.691153161953081,4.270695952029551])",1.0
F005,"['choose', 'mr', 'improve', 'dinner', 'network', 'since', 'health.', 'clearly', 'free.', 'season', 'hit', 'news', 'leader', 'inside', 'perhaps.', '—', 'shocking', 'claims', 'flat', 'earth', 'surface', 'internet.']","(10000,[503,1526,2240,2358,2408,2433,2647,2918,4391,5441,5850,6219,6287,7281,7936,8238,8252,8338,9066,9152,9676,9706],[0.691153161953081,4.019381523748645,3.914021008090819,4.137164559405029,4.137164559405029,4.830311739964974,4.019381523748645,3.0385522707369192,4.607168188650764,5.117993812416755,0.691153161953081,3.0385522707369192,4.019381523748645,0.6792718340663283,0.691153161953081,4.270695952029551,5.117993812416755,0.691153161953081,4.137164559405029,4.270695952029551,3.0385522707369192,3.914021008090819])",0.0
R234,"['beat', 'fly', 'outside', 'board', 'run.', 'address', 'painting', 'behavior', 'wife', 'training', 'season.', 'experts', 'discuss', 'ongoing', 'developments', 'research.']","(10000,[735,1034,2569,3021,3614,4454,4506,4687,5944,7066,7140,7454,7538,7912,8568,9462],[4.270695952029551,4.019381523748645,3.577548771469606,3.7316994512968646,0.667530016189645,4.607168188650764,0.691153161953081,0.691153161953081,4.42484663185681,2.8844015909096608,5.117993812416755,4.607168188650764,4.830311739964974,4.830311739964974,5.117993812416755,0.691153161953081])",1.0
F143,"['field', 'south', 'decision.', 'everything', 'opportunity', 'gas', 'think.', 'push', 'part', 'reveal', 'goal', 'shoulder.', '—', 'shocking', 'claims', 'aliens', 'surface', 'internet.']","(10000,[503,650,1507,1948,3740,4816,5089,5377,5607,5850,5978,6976,7074,7281,7936,8338,8740,9156],[0.691153161953081,2.958509563063383,4.270695952029551,3.914021008090819,4.830311739964974,3.8187108282864943,3.8187108282864943,4.830311739964974,3.7316994512968646,0.691153161953081,4.270695952029551,3.7316994512968646,3.577548771469606,0.6792718340663283,0.691153161953081,0.691153161953081,3.7316994512968646,3.8187108282864943])",0.0
R073,"['story', 'source', 'little', 'major', 'want.', 'notice', 'thought', 'wall', 'art', 'oil.', 'simply', 'beat', 'government', 'throw', 'safe', 'nearly.', 'experts', 'discuss', 'ongoing', 'developments', 'economic', 'growth.']","(10000,[55,1058,1525,1590,1642,1990,2259,2437,2569,3614,4506,4687,6404,6855,7642,7721,7854,8325,9034,9144,9462,9637],[4.42484663185681,4.42484663185681,4.019381523748645,4.42484663185681,4.270695952029551,4.830311739964974,2.579019941358479,5.117993812416755,3.577548771469606,0.667530016189645,0.691153161953081,0.691153161953081,4.42484663185681,4.019381523748645,4.270695952029551,4.270695952029551,4.42484663185681,4.607168188650764,2.8844015909096608,2.7508701982851385,0.691153161953081,5.117993812416755])",1.0
R239,"['run', 'everyone', 'kid', 'drive', 'notice', 'national.', 'nice', 'picture', 'tough', 'law', 'court.', 'give', 'film', 'road', 'look.', 'experts', 'discuss', 'ongoing', 'developments', 'education.']","(10000,[266,481,1525,2481,3370,3614,3723,3783,3979,4506,4687,5003,5047,5447,5725,6325,7682,8411,8893,9462],[4.607168188650764,5.523458920524919,4.019381523748645,4.137164559405029,3.914021008090819,0.667530016189645,4.42484663185681,4.42484663185681,4.270695952029551,0.691153161953081,0.691153161953081,4.42484663185681,2.661258039595451,3.5085558999826545,4.830311739964974,4.42484663185681,5.523458920524919,3.6516567436233283,4.42484663185681,0.691153161953081])",1.0
F181,"['various', 'military', 'woman', 'tree.', 'ground', 'sort', 'none', 'party', 'onto.', 'activity', 'address', 'without', 'congress', 'use', 'night.', '—', 'shocking', 'claims', 'aliens', 'surface', 'internet.']","(10000,[503,650,1379,3222,4043,4454,4563,5133,5683,5720,5850,5877,6487,6647,7281,7936,8110,8338,8728,9357,9831],[0.691153161953081,2.958509563063383,4.42484663185681,4.607168188650764,4.270695952029551,4.607168188650764,4.137164559405029,3.914021008090819,4.830311739964974,4.270695952029551,0.691153161953081,3.914021008090819,3.914021008090819,4.607168188650764,0.6792718340663283,0.691153161953081,4.830311739964974,0.691153161953081,3.8187108282864943,5.117993812416755,3.6516567436233283])",0.0
R138,"['chair', 'feeling', 'beautiful', 'little.', 'offer', 'offer', 'young', 'green.', 'cost', 'let', 'tonight', 'four', 'call', 'collection', 'position.', 'experts', 'discuss', 'ongoing', 'developments', 'election.']","(10000,[613,681,1243,1273,1819,2958,3389,3556,3614,4490,4506,4687,5146,7016,7709,7809,8209,8267,9462],[4.019381523748645,4.607168188650764,4.019381523748645,3.7316994512968646,4.830311739964974,7.463398902593729,4.270695952029551,2.8844015909096608,0.667530016189645,3.914021008090819,0.691153161953081,0.691153161953081,4.270695952029551,5.117993812416755,5.523458920524919,4.270695952029551,3.7316994512968646,4.830311739964974,0.691153161953081])",1.0
R172,"['role', 'production', 'fact', 'reality', 'range', 'visit', 'protect.', 'hospital', 'factor', 'magazine', 'pm', 'few.', 'middle', 'simple', 'hot', 'physical', 'main', 'strategy', 'light.', 'experts', 'discuss', 'ongoing', 'developments', 'economic', 'growth.']","(10000,[165,680,682,698,1637,2291,2913,3350,3614,4390,4506,4687,4930,7026,7215,8353,8413,8649,8693,9034,9144,9462,9561,9693,9878],[4.137164559405029,4.42484663185681,4.830311739964974,3.914021008090819,3.5085558999826545,4.019381523748645,3.7316994512968646,3.8187108282864943,0.667530016189645,5.117993812416755,0.691153161953081,0.691153161953081,3.914021008090819,4.42484663185681,4.607168188650764,4.42484663185681,3.383392757028649,3.914021008090819,5.523458920524919,2.8844015909096608,2.7508701982851385,0.691153161953081,4.270695952029551,4.270695952029551,4.42484663185681])",1.0
R143,"['feel', 'every', 'political', 'history.', 'school', 'nature', 'continue.', 'experts', 'discuss', 'ongoing', 'developments', 'policy.']","(10000,[2679,3115,3611,3614,3935,4506,4687,6221,6944,7424,9462,9681],[4.137164559405029,4.830311739964974,4.137164559405029,0.667530016189645,4.019381523748645,0.691153161953081,0.691153161953081,5.523458920524919,2.8154087194227095,5.117993812416755,0.691153161953081,3.8187108282864943])",1.0
F166,"['oil', 'indeed', 'term', 'information', 'give', 'thousand.', 'activity', 'visit', 'still', 'card', 'two', 'cup', 'significant', 'information.', '—', 'shocking', 'claims', 'mind', 'control', 'surface', 'internet.']","(10000,[503,698,1208,2144,2188,3059,3184,3712,3783,4728,4934,5850,5955,6035,6444,7281,7936,8110,8190,8338,8552],[0.691153161953081,3.914021008090819,2.7508701982851385,3.914021008090819,4.42484663185681,3.577548771469606,2.849310271098391,4.42484663185681,4.42484663185681,4.019381523748645,4.270695952029551,0.691153161953081,5.117993812416755,3.7316994512968646,5.523458920524919,0.6792718340663283,0.691153161953081,4.830311739964974,4.270695952029551,0.691153161953081,3.914021008090819])",0.0
R003,"['always', 'authority', 'child.', 'design', 'focus', 'born.', 'nearly', 'provide', 'build', 'people.', 'environmental', 'financial', 'moment', 'more.', 'experts', 'discuss', 'ongoing', 'developments', 'budget', 'report.']","(10000,[416,1176,1655,2866,3014,3166,3286,3401,3614,3922,3931,4506,4687,4991,5432,5946,6027,7407,9011,9462],[4.830311739964974,4.137164559405029,4.830311739964974,4.019381523748645,4.42484663185681,5.523458920524919,5.523458920524919,4.42484663185681,0.667530016189645,4.607168188650764,3.5085558999826545,0.691153161953081,0.691153161953081,2.503034034380557,2.6902455764687034,4.019381523748645,4.607168188650764,3.8187108282864943,4.019381523748645,0.691153161953081])",1.0
R167,"['paper', 'believe', 'statement', 'hundred', 'technology', 'window', 'organization.', 'surface', 'well', 'election', 'world.', 'scene', 'final', 'decide', 'thought.', 'experts', 'discuss', 'ongoing', 'developments', 'climate', 'change.']","(10000,[132,157,533,821,1020,1653,2059,2403,3614,4461,4506,4687,5175,5844,6287,7281,8270,8293,8690,9462,9817],[4.607168188650764,3.8187108282864943,3.914021008090819,2.849310271098391,2.4324164671666035,4.270695952029551,2.6330871626287546,4.019381523748645,0.667530016189645,5.117993812416755,0.691153161953081,0.691153161953081,4.019381523748645,3.8187108282864943,4.019381523748645,0.6792718340663283,5.117993812416755,4.137164559405029,4.270695952029551,0.691153161953081,4.019381523748645])",1.0
R183,"['put', 'age', 'ability', 'child', 'cultural.', 'soldier', 'care', 'beautiful', 'argue', 'feeling', 'oil', 'across.', 'experts', 'discuss', 'ongoing', 'developments', 'climate', 'change.']","(10000,[613,821,1273,2059,3614,3681,3730,4141,4506,4687,5310,5627,6035,7244,8471,8791,8871,9462],[4.019381523748645,2.849310271098391,3.7316994512968646,2.6330871626287546,0.667530016189645,4.830311739964974,4.019381523748645,4.42484663185681,0.691153161953081,0.691153161953081,3.8187108282864943,5.523458920524919,3.7316994512968646,3.8187108282864943,4.607168188650764,4.607168188650764,4.42484663185681,0.691153161953081])",1.0
R238,"['image', 'health', 'federal', 'rate.', 'last', 'know', 'letter', 'democratic', 'above.', 'experts', 'discuss', 'ongoing', 'developments', 'technology', 'breakthrough.']","(10000,[564,633,1020,1637,2227,2406,3614,3989,4506,4687,5303,5606,7779,8805,9462],[3.7316994512968646,4.607168188650764,2.4324164671666035,3.5085558999826545,2.7200985396183848,4.42484663185681,0.667530016189645,4.607168188650764,0.691153161953081,0.691153161953081,4.270695952029551,3.8187108282864943,3.577548771469606,4.270695952029551,0.691153161953081])",1.0
R041,"['pressure', 'clearly', 'direction', 'young.', 'current', 'necessary', 'even', 'knowledge.', 'experts', 'discuss', 'ongoing', 'developments', 'election.']","(10000,[3556,3614,4506,4687,5252,5661,6406,6805,7979,8238,8554,9189,9462],[2.8844015909096608,0.667530016189645,0.691153161953081,0.691153161953081,5.117993812416755,3.914021008090819,4.137164559405029,5.117993812416755,3.914021008090819,4.270695952029551,4.830311739964974,4.019381523748645,0.691153161953081])",1.0
F237,"['effect', 'teach', 'project', 'clear.', 'realize', 'white', 'beyond', 'good', 'doctor.', 'serious', 'become', 'window', 'represent.', 'matter', 'building', 'stop', 'change.', '—', 'shocking', 'claims', 'government', 'cover-up', 'surface', 'internet.']","(10000,[503,796,1117,1401,1582,2059,2230,2259,2402,2403,3538,5843,5850,5852,6168,6324,7090,7229,7281,7936,8338,8522,8900,9813],[0.691153161953081,4.270695952029551,3.914021008090819,5.117993812416755,3.914021008090819,2.6330871626287546,3.914021008090819,2.579019941358479,4.137164559405029,4.019381523748645,5.117993812416755,3.914021008090819,0.691153161953081,4.019381523748645,4.137164559405029,3.914021008090819,4.019381523748645,4.830311739964974,0.6792718340663283,0.691153161953081,0.691153161953081,4.42484663185681,4.607168188650764,2.997730276216664])",0.0
R086,"['pressure', 'tax', 'candidate.', 'experts', 'discuss', 'ongoing', 'developments', 'research.']","(10000,[547,3614,4506,4687,5661,6587,7066,9462],[4.830311739964974,0.667530016189645,0.691153161953081,0.691153161953081,3.914021008090819,4.607168188650764,2.8844015909096608,0.691153161953081])",1.0
R240,"['pay', 'long', 'suddenly', 'decide.', 'mean', 'suffer', 'business', 'window', 'along', 'produce', 'north.', 'experts', 'discuss', 'ongoing', 'developments', 'policy.']","(10000,[909,1648,2403,2802,2840,3614,4310,4506,4687,4897,5374,6135,6944,8581,8904,9462],[3.8187108282864943,4.019381523748645,4.019381523748645,5.117993812416755,4.270695952029551,0.667530016189645,5.117993812416755,0.691153161953081,0.691153161953081,5.117993812416755,3.6516567436233283,4.270695952029551,2.8154087194227095,4.019381523748645,4.137164559405029,0.691153161953081])",1.0
R133,"['point', 'yes', 'measure.', 'experts', 'discuss', 'ongoing', 'developments', 'public', 'health.']","(10000,[1770,3614,4416,4506,4687,5044,5587,6219,9462],[2.958509563063383,0.667530016189645,4.270695952029551,0.691153161953081,0.691153161953081,4.607168188650764,5.117993812416755,3.0385522707369192,0.691153161953081])",1.0
F044,"['pass', 'brother', 'language', 'season', 'nothing', 'institution', 'structure.', 'fine', 'draw', 'idea', 'land', 'sound', 'argue', 'agent.', 'large', 'drug', 'material', 'provide.', '—', 'shocking', 'claims', 'hoax', 'surface', 'internet.']","(10000,[291,503,533,1716,2358,3231,3243,3730,4292,4377,5392,5850,5958,6166,6431,7022,7148,7281,7860,7936,8012,8167,8338,8392],[4.42484663185681,0.691153161953081,3.914021008090819,4.42484663185681,4.137164559405029,4.137164559405029,4.019381523748645,4.019381523748645,4.42484663185681,2.60568818844064,5.523458920524919,0.691153161953081,4.137164559405029,4.270695952029551,4.019381523748645,4.019381523748645,4.607168188650764,0.6792718340663283,2.958509563063383,0.691153161953081,4.830311739964974,4.270695952029551,0.691153161953081,5.117993812416755])",0.0
F125,"['follow', 'involve', 'use', 'wind', 'country', 'believe', 'few.', 'instead', 'able', 'wait', 'everybody.', 'task', 'summer', 'throughout', 'return', 'need.', '—', 'shocking', 'claims', 'government', 'cover-up', 'surface', 'internet.']","(10000,[503,533,635,682,2259,2558,2806,3496,4527,5133,5477,5850,5948,6271,6544,7281,7870,7936,8338,8451,9367,9481,9813],[0.691153161953081,3.914021008090819,4.607168188650764,4.830311739964974,2.579019941358479,4.42484663185681,4.830311739964974,3.8187108282864943,4.137164559405029,3.914021008090819,4.607168188650764,0.691153161953081,3.914021008090819,4.270695952029551,4.830311739964974,0.6792718340663283,4.830311739964974,0.691153161953081,0.691153161953081,4.137164559405029,4.270695952029551,4.019381523748645,2.997730276216664])",0.0
F165,"['since', 'role', 'forward', 'raise.', 'player', 'set', 'management', 'difficult', 'program', 'team', 'change.', 'sport', 'trade', 'letter', 'heart', 'throughout.', '—', 'shocking', 'claims', 'secret', 'cure', 'surface', 'internet.']","(10000,[419,468,503,564,573,1241,1712,2059,2622,3350,3892,5342,5850,6287,6604,6747,7281,7593,7936,8278,8338,8411,9808],[4.019381523748645,4.270695952029551,0.691153161953081,3.7316994512968646,4.137164559405029,3.8187108282864943,4.270695952029551,2.6330871626287546,5.117993812416755,3.8187108282864943,2.5530444549552183,4.830311739964974,0.691153161953081,4.019381523748645,4.270695952029551,2.5530444549552183,0.6792718340663283,4.830311739964974,0.691153161953081,4.019381523748645,0.691153161953081,3.6516567436233283,4.137164559405029])",0.0
F137,"['life', 'rest', 'bank', 'pattern', 'far', 'easy.', 'road', 'forward', 'raise', 'middle', 'stock.', 'red', 'able', 'discuss.', '—', 'shocking', 'claims', 'flat', 'earth', 'surface', 'internet.']","(10000,[52,503,617,2708,2918,3477,3496,3527,4158,4175,4644,5725,5850,7281,7936,8338,8411,8731,8982,9676,9878],[4.42484663185681,0.691153161953081,3.7316994512968646,3.7316994512968646,3.0385522707369192,3.8187108282864943,3.8187108282864943,4.607168188650764,3.7316994512968646,4.830311739964974,5.117993812416755,4.830311739964974,0.691153161953081,0.6792718340663283,0.691153161953081,0.691153161953081,3.6516567436233283,4.607168188650764,4.830311739964974,3.0385522707369192,4.42484663185681])",0.0
R088,"['board', 'within.', 'worry', 'physical', 'nature.', 'experts', 'discuss', 'ongoing', 'developments', 'research.']","(10000,[3614,4295,4506,4687,7066,7454,8343,8346,8649,9462],[0.667530016189645,5.117993812416755,0.691153161953081,0.691153161953081,2.8844015909096608,4.607168188650764,4.270695952029551,5.117993812416755,3.914021008090819,0.691153161953081])",1.0
R169,"['action', 'pressure', 'water', 'thank', 'section.', 'name', 'analysis', 'finally', 'guy', 'relate', 'authority.', 'experts', 'discuss', 'ongoing', 'developments', 'technology', 'breakthrough.']","(10000,[15,94,988,1020,1133,1296,1687,1817,2006,2227,2589,3614,4506,4687,5661,6633,9462],[4.607168188650764,4.607168188650764,4.42484663185681,2.4324164671666035,5.117993812416755,4.137164559405029,4.607168188650764,3.8187108282864943,5.117993812416755,2.7200985396183848,4.42484663185681,0.667530016189645,0.691153161953081,0.691153161953081,3.914021008090819,4.830311739964974,0.691153161953081])",1.0
R193,"['floor', 'medical.', 'common', 'position', 'friend', 'unit', 'pretty', 'name.', 'listen', 'international', 'special', 'human.', 'experts', 'discuss', 'ongoing', 'developments', 'technology', 'breakthrough.']","(10000,[188,429,488,1020,1055,1339,2227,3614,3919,4319,4506,4687,6332,6335,8391,8919,9210,9462],[4.42484663185681,4.270695952029551,4.137164559405029,2.4324164671666035,4.42484663185681,4.137164559405029,2.7200985396183848,0.667530016189645,4.019381523748645,3.8187108282864943,0.691153161953081,0.691153161953081,4.830311739964974,4.42484663185681,4.607168188650764,5.117993812416755,4.607168188650764,0.691153161953081])",1.0
F247,"['notice', 'wife', 'agreement.', '—', 'shocking', 'claims', 'mind', 'control', 'surface', 'internet.']","(10000,[503,1208,1525,3021,3184,5850,7281,7936,8338,9892],[0.691153161953081,2.7508701982851385,4.019381523748645,3.7316994512968646,2.849310271098391,0.691153161953081,0.6792718340663283,0.691153161953081,0.691153161953081,5.523458920524919])",0.0
R179,"['produce', 'avoid', 'someone', 'onto.', 'agreement', 'home', 'role', 'issue.', 'experts', 'discuss', 'ongoing', 'developments', 'technology', 'breakthrough.']","(10000,[1020,1388,1648,2227,3350,3365,3378,3614,3671,4506,4687,5683,8413,9462],[2.4324164671666035,3.914021008090819,4.019381523748645,2.7200985396183848,3.8187108282864943,4.607168188650764,5.523458920524919,0.667530016189645,4.137164559405029,0.691153161953081,0.691153161953081,4.830311739964974,3.383392757028649,0.691153161953081])",1.0
F138,"['military', 'bar', 'manager', 'daughter', 'tend.', 'step', 'gun', 'option', 'night.', 'product', 'pattern', 'need', 'go.', '—', 'shocking', 'claims', 'immortal', 'jellyfish', 'surface', 'internet.']","(10000,[447,503,617,1558,1652,2066,3222,4702,5797,5850,5877,6537,7281,7332,7623,7936,8313,8338,9613,9876],[4.137164559405029,0.691153161953081,3.7316994512968646,4.830311739964974,4.137164559405029,2.7508701982851385,4.607168188650764,5.117993812416755,4.830311739964974,0.691153161953081,3.914021008090819,4.270695952029551,0.6792718340663283,4.270695952029551,4.137164559405029,0.691153161953081,4.137164559405029,0.691153161953081,3.914021008090819,2.7508701982851385])",0.0
R017,"['third', 'region', 'mission', 'positive', 'piece', 'size.', 'experts', 'discuss', 'ongoing', 'developments', 'policy.']","(10000,[1,3133,3614,4506,4687,6069,6532,6944,8159,8771,9462],[5.117993812416755,4.42484663185681,0.667530016189645,0.691153161953081,0.691153161953081,4.137164559405029,5.117993812416755,2.8154087194227095,3.577548771469606,4.019381523748645,0.691153161953081])",1.0
F090,"['adult', 'pass', 'radio', 'nothing.', 'manage', 'head', 'less', 'yes', 'opportunity', 'black', 'data.', '—', 'shocking', 'claims', 'mind', 'control', 'surface', 'internet.']","(10000,[72,503,1064,1195,1208,1948,3184,5044,5850,6873,6976,7281,7883,7936,8338,8392,8661,9086],[4.42484663185681,0.691153161953081,4.830311739964974,4.019381523748645,2.7508701982851385,3.914021008090819,2.849310271098391,4.607168188650764,0.691153161953081,5.117993812416755,3.7316994512968646,0.6792718340663283,4.607168188650764,0.691153161953081,0.691153161953081,5.117993812416755,4.830311739964974,4.42484663185681])",0.0
F222,"['agreement', 'summer', 'side.', 'thought', 'common', 'read', 'picture.', '—', 'shocking', 'claims', 'mind', 'control', 'surface', 'internet.']","(10000,[55,503,1208,2887,3184,3924,5850,6332,7281,7650,7936,8338,8413,9481],[4.42484663185681,0.691153161953081,2.7508701982851385,5.523458920524919,2.849310271098391,4.42484663185681,0.691153161953081,4.830311739964974,0.6792718340663283,4.019381523748645,0.691153161953081,0.691153161953081,3.383392757028649,4.019381523748645])",0.0
R114,"['seem', 'campaign', 'necessary', 'democratic', 'often', 'answer', 'shoulder.', 'citizen', 'police', 'continue', 'people', 'shoulder', 'eat', 'thing', 'have.', 'wonder', 'usually', 'hold', 'wonder', 'pattern', 'keep', 'happen.', 'experts', 'discuss', 'ongoing', 'developments', 'climate', 'change.']","(10000,[7,8,617,743,821,2059,2389,2588,2990,3614,3619,3740,3857,3876,4263,4506,4687,4723,4882,5606,6235,6675,6756,7276,7979,9462,9594],[4.830311739964974,4.42484663185681,3.7316994512968646,4.019381523748645,2.849310271098391,2.6330871626287546,4.42484663185681,4.270695952029551,3.914021008090819,0.667530016189645,4.42484663185681,4.830311739964974,5.523458920524919,4.137164559405029,4.019381523748645,0.691153161953081,0.691153161953081,7.828042016181638,5.523458920524919,3.8187108282864943,5.117993812416755,3.8187108282864943,4.607168188650764,3.6516567436233283,3.914021008090819,0.691153161953081,4.42484663185681])",1.0
F235,"['instead', 'right', 'wait', 'likely', 'nearly', 'sense.', 'guess', 'society', 'easy', 'despite', 'world.', 'able', 'republican', 'office.', 'face', 'let', 'wide', 'begin', 'voice', 'dark', 'personal.', '—', 'shocking', 'claims', 'celebrity', 'scandal', 'surface', 'internet.']","(10000,[309,327,353,503,697,760,1301,1513,1790,2836,2866,3486,3496,3530,4034,4404,4527,4616,4921,5477,5850,6287,7281,7765,7936,8267,8338,8660],[4.270695952029551,4.019381523748645,4.270695952029551,0.691153161953081,3.914021008090819,4.270695952029551,4.607168188650764,4.019381523748645,4.42484663185681,4.607168188650764,4.019381523748645,2.849310271098391,3.8187108282864943,4.270695952029551,4.607168188650764,5.117993812416755,4.137164559405029,4.607168188650764,2.849310271098391,4.607168188650764,0.691153161953081,4.019381523748645,0.6792718340663283,5.523458920524919,0.691153161953081,4.830311739964974,0.691153161953081,4.42484663185681])",0.0
F185,"['participant', 'tend', 'budget', 'explain', 'daughter', 'surface.', '—', 'shocking', 'claims', 'hoax', 'surface', 'internet.']","(10000,[503,1810,4377,4991,5341,5396,5417,5850,7281,7623,7936,8338],[0.691153161953081,4.607168188650764,2.60568818844064,2.503034034380557,4.830311739964974,3.914021008090819,4.830311739964974,0.691153161953081,0.6792718340663283,4.137164559405029,0.691153161953081,0.691153161953081])",0.0
F221,"['plant', 'agree', 'somebody', 'already', 'full', 'off.', 'decade', 'hear', 'successful', 'son', 'perform', 'usually.', '—', 'shocking', 'claims', 'flat', 'earth', 'surface', 'internet.']","(10000,[209,503,594,1098,2918,3089,4842,5659,5850,6030,6652,6925,7244,7281,7936,8338,8897,9078,9676],[3.914021008090819,0.691153161953081,4.607168188650764,3.6516567436233283,3.0385522707369192,4.137164559405029,4.019381523748645,4.270695952029551,0.691153161953081,4.42484663185681,4.607168188650764,4.270695952029551,3.8187108282864943,0.6792718340663283,0.691153161953081,0.691153161953081,4.42484663185681,5.523458920524919,3.0385522707369192])",0.0
F054,"['may', 'late', 'short.', 'impact', 'morning', 'one', 'every.', 'low', 'fly', 'senior', 'bad', 'eye', 'already', 'strategy.', '—', 'shocking', 'claims', 'secret', 'cure', 'surface', 'internet.']","(10000,[503,594,746,815,1341,1972,3079,3160,3892,4144,5850,5944,6747,7281,7516,7936,7956,8338,8411,8997,9160],[0.691153161953081,4.607168188650764,5.117993812416755,4.019381523748645,3.7316994512968646,3.914021008090819,4.270695952029551,4.137164559405029,2.5530444549552183,3.914021008090819,0.691153161953081,4.42484663185681,2.5530444549552183,0.6792718340663283,5.523458920524919,0.691153161953081,4.42484663185681,0.691153161953081,3.6516567436233283,4.607168188650764,5.117993812416755])",0.0
R000,"['result', 'maybe', 'usually', 'program', 'body', 'military.', 'financial', 'leader', 'term.', 'western', 'drop', 'agreement', 'cup', 'local.', 'attack', 'gas', 'education', 'six', 'possible', 'treat', 'read.', 'experts', 'discuss', 'ongoing', 'developments', 'public', 'health.']","(10000,[399,524,573,841,1526,1770,2990,3059,3614,4439,4506,4687,4818,5401,5530,5607,5693,6100,6219,6533,7407,8413,8577,8750,9325,9459,9462],[3.6516567436233283,3.8187108282864943,4.137164559405029,4.270695952029551,4.019381523748645,2.958509563063383,3.914021008090819,3.577548771469606,0.667530016189645,4.42484663185681,0.691153161953081,0.691153161953081,4.019381523748645,3.914021008090819,4.137164559405029,3.7316994512968646,4.830311739964974,4.270695952029551,3.0385522707369192,5.117993812416755,3.8187108282864943,3.383392757028649,4.270695952029551,4.137164559405029,5.523458920524919,5.523458920524919,0.691153161953081])",1.0
R178,"['catch', 'growth', 'visit', 'appear', 'leave.', 'everybody', 'standard', 'record', 'pattern', 'really', 'argue.', 'state', 'tv', 'future', 'second.', 'sell', 'seem', 'almost', 'option', 'oil.', 'experts', 'discuss', 'ongoing', 'developments', 'budget', 'report.']","(10000,[190,320,617,698,1769,1808,1990,2561,2588,2967,3614,4112,4347,4485,4506,4547,4687,4991,5432,6488,7509,7949,8182,8566,9462,9613],[5.523458920524919,4.137164559405029,3.7316994512968646,3.914021008090819,5.523458920524919,4.42484663185681,4.830311739964974,4.607168188650764,4.270695952029551,4.607168188650764,0.667530016189645,4.830311739964974,4.42484663185681,4.270695952029551,0.691153161953081,4.137164559405029,0.691153161953081,2.503034034380557,2.6902455764687034,3.8187108282864943,4.607168188650764,4.270695952029551,5.523458920524919,4.42484663185681,0.691153161953081,3.914021008090819])",1.0
F006,"['citizen', 'son', 'usually', 'arrive', 'environmental.', 'mrs', 'soon', 'small', 'bit.', '—', 'shocking', 'claims', 'hoax', 'surface', 'internet.']","(10000,[8,209,222,503,1041,1595,2990,4377,5850,7281,7391,7936,8338,9216,9751],[4.42484663185681,3.914021008090819,4.607168188650764,0.691153161953081,4.42484663185681,5.117993812416755,3.914021008090819,2.60568818844064,0.691153161953081,0.6792718340663283,4.607168188650764,0.691153161953081,0.691153161953081,5.523458920524919,4.42484663185681])",0.0
F174,"['operation', 'their.', 'little', 'clear', 'history', 'traditional.', '—', 'shocking', 'claims', 'secret', 'cure', 'surface', 'internet.']","(10000,[503,1590,1611,2900,3892,4108,5850,5922,6543,6747,7281,7936,8338],[0.691153161953081,4.42484663185681,3.7316994512968646,5.117993812416755,2.5530444549552183,5.523458920524919,0.691153161953081,4.830311739964974,4.270695952029551,2.5530444549552183,0.6792718340663283,0.691153161953081,0.691153161953081])",0.0
R009,"['main', 'place', 'eye', 'magazine', 'never', 'huge', 'official.', 'lot', 'model', 'answer', 'maybe.', 'opportunity', 'want', 'become', 'life', 'main.', 'experts', 'discuss', 'ongoing', 'developments', 'election.']","(10000,[281,1341,1637,2198,2875,3477,3556,3614,3619,4506,4687,4943,5382,6390,6976,7090,7102,7712,8413,9462,9668],[4.830311739964974,3.7316994512968646,3.5085558999826545,4.137164559405029,4.607168188650764,3.8187108282864943,2.8844015909096608,0.667530016189645,4.42484663185681,0.691153161953081,0.691153161953081,4.42484663185681,5.523458920524919,4.42484663185681,3.7316994512968646,4.019381523748645,4.607168188650764,4.830311739964974,3.383392757028649,0.691153161953081,5.117993812416755])",1.0
R122,"['manager', 'beat', 'story', 'no.', 'wind', 'performance', 'bring', 'whatever', 'part', 'military.', 'experts', 'discuss', 'ongoing', 'developments', 'economic', 'growth.']","(10000,[1652,2470,2558,2569,3057,3614,4439,4506,4687,6855,7695,8740,9034,9144,9351,9462],[4.137164559405029,5.523458920524919,4.42484663185681,3.577548771469606,4.019381523748645,0.667530016189645,4.42484663185681,0.691153161953081,0.691153161953081,4.019381523748645,4.270695952029551,3.7316994512968646,2.8844015909096608,2.7508701982851385,4.019381523748645,0.691153161953081])",1.0
F189,"['suggest', 'give', 'top', 'coach.', '—', 'shocking', 'claims', 'immortal', 'jellyfish', 'surface', 'internet.']","(10000,[503,1479,2066,3783,5328,5850,7281,7816,7936,8338,9876],[0.691153161953081,5.523458920524919,2.7508701982851385,4.42484663185681,3.914021008090819,0.691153161953081,0.6792718340663283,3.7316994512968646,0.691153161953081,0.691153161953081,2.7508701982851385])",0.0
R146,"['change', 'student', 'material', 'maybe', 'along.', 'experts', 'discuss', 'ongoing', 'developments', 'technology', 'breakthrough.']","(10000,[387,1020,1766,2227,3231,3536,3614,4506,4687,4818,9462],[5.117993812416755,2.4324164671666035,4.607168188650764,2.7200985396183848,4.137164559405029,4.137164559405029,0.667530016189645,0.691153161953081,0.691153161953081,4.019381523748645,0.691153161953081])",1.0
R022,"['author', 'structure', 'result', 'occur', 'individual.', 'ball', 'method', 'throughout', 'congress.', 'experts', 'discuss', 'ongoing', 'developments', 'climate', 'change.']","(10000,[399,821,1921,2059,2513,2996,3188,3614,4506,4687,5948,6015,7492,9350,9462],[3.6516567436233283,2.849310271098391,3.8187108282864943,2.6330871626287546,4.607168188650764,3.8187108282864943,4.607168188650764,0.667530016189645,0.691153161953081,0.691153161953081,3.914021008090819,4.42484663185681,4.607168188650764,4.137164559405029,0.691153161953081])",1.0
F177,"['position', 'yet', 'beyond', 'agree', 'sport', 'economy.', 'table', 'president', 'quality', 'develop.', 'official', 'continue', 'religious', 'west', 'manage', 'money', 'study', 'early.', '—', 'shocking', 'claims', 'aliens', 'surface', 'internet.']","(10000,[503,650,743,1306,1339,3506,3753,3931,4037,4224,4293,4683,5063,5085,5850,6103,6925,7281,7883,7936,8278,8338,8485,8900],[0.691153161953081,2.958509563063383,4.019381523748645,4.019381523748645,4.137164559405029,4.019381523748645,5.117993812416755,3.5085558999826545,4.137164559405029,4.137164559405029,4.270695952029551,4.607168188650764,5.523458920524919,4.137164559405029,0.691153161953081,4.270695952029551,4.270695952029551,0.6792718340663283,4.607168188650764,0.691153161953081,4.019381523748645,0.691153161953081,4.270695952029551,4.607168188650764])",0.0
F021,"['guess', 'decide', 'example', 'poor', 'much.', 'maybe', 'guess', 'bill.', 'trade', 'mind', 'less.', '—', 'shocking', 'claims', 'secret', 'cure', 'surface', 'internet.']","(10000,[359,419,503,3184,3204,3892,4818,5850,6747,7281,7634,7936,8103,8293,8338,8660,9606],[5.523458920524919,4.019381523748645,0.691153161953081,2.849310271098391,5.523458920524919,2.5530444549552183,4.019381523748645,0.691153161953081,2.5530444549552183,0.6792718340663283,5.117993812416755,0.691153161953081,4.270695952029551,4.137164559405029,0.691153161953081,8.84969326371362,4.42484663185681])",0.0
R039,"['return', 'big', 'century', 'mean.', 'seem', 'less', 'risk', 'class', 'somebody', 'dog.', 'goal', 'force', 'audience.', 'idea', 'design', 'special.', 'experts', 'discuss', 'ongoing', 'developments', 'economic', 'growth.']","(10000,[391,635,1122,1195,2588,3048,3089,3177,3614,3922,4007,4506,4687,5089,5118,5958,7841,8457,8794,9034,9144,9462],[4.607168188650764,4.607168188650764,5.117993812416755,4.019381523748645,4.270695952029551,3.8187108282864943,4.137164559405029,5.117993812416755,0.667530016189645,4.607168188650764,4.42484663185681,0.691153161953081,0.691153161953081,3.8187108282864943,5.523458920524919,4.137164559405029,3.914021008090819,4.607168188650764,4.137164559405029,2.8844015909096608,2.7508701982851385,0.691153161953081])",1.0
F061,"['small', 'certain', 'pressure', 'meeting.', 'system', 'writer', 'magazine.', '—', 'shocking', 'claims', 'miracle', 'drug', 'surface', 'internet.']","(10000,[222,503,1256,2419,3996,5661,5850,6906,7032,7281,7860,7936,8338,9288],[4.607168188650764,0.691153161953081,3.125563647726549,4.830311739964974,4.137164559405029,3.914021008090819,0.691153161953081,4.137164559405029,5.523458920524919,0.6792718340663283,2.958509563063383,0.691153161953081,0.691153161953081,3.8187108282864943])",0.0
R057,"['different', 'population', 'carry', 'level', 'rate.', 'theory', 'choice', 'sort', 'hope', 'carry.', 'lot', 'building', 'indeed', 'describe', 'film', 'meeting', 'general.', 'experts', 'discuss', 'ongoing', 'developments', 'technology', 'breakthrough.']","(10000,[20,454,1020,1468,1499,1637,2227,3614,3881,4506,4687,4934,4943,5003,5720,5852,6000,6053,6683,7085,9258,9462,9543],[4.019381523748645,4.137164559405029,2.4324164671666035,4.019381523748645,4.270695952029551,3.5085558999826545,2.7200985396183848,0.667530016189645,5.117993812416755,0.691153161953081,0.691153161953081,4.270695952029551,4.42484663185681,4.42484663185681,4.270695952029551,4.019381523748645,5.117993812416755,3.7316994512968646,4.137164559405029,4.270695952029551,4.019381523748645,0.691153161953081,5.523458920524919])",1.0
F154,"['personal', 'record', 'still', 'mean', 'for.', 'share', 'law', 'issue', 'believe', 'expert', 'western.', '—', 'shocking', 'claims', 'immortal', 'jellyfish', 'surface', 'internet.']","(10000,[503,533,909,914,2066,3497,3712,3947,3979,4241,4347,5850,6616,7281,7936,7939,8338,9876],[0.691153161953081,3.914021008090819,3.8187108282864943,4.42484663185681,2.7508701982851385,4.607168188650764,4.42484663185681,4.137164559405029,4.270695952029551,5.523458920524919,4.42484663185681,0.691153161953081,4.270695952029551,0.6792718340663283,0.691153161953081,4.607168188650764,0.691153161953081,2.7508701982851385])",0.0
F052,"['show', 'condition', 'per', 'program.', 'possible', 'shoulder', 'power', 'mother', 'assume', 'air', 'if.', '—', 'shocking', 'claims', 'mind', 'control', 'surface', 'internet.']","(10000,[88,298,354,503,1208,2664,3056,3184,4019,5328,5850,6100,6259,6756,7025,7281,7936,8338],[3.914021008090819,4.607168188650764,5.523458920524919,0.691153161953081,2.7508701982851385,3.914021008090819,4.137164559405029,2.849310271098391,4.42484663185681,3.914021008090819,0.691153161953081,4.270695952029551,4.830311739964974,4.607168188650764,5.117993812416755,0.6792718340663283,0.691153161953081,0.691153161953081])",0.0
F124,"['house', 'two', 'skin', 'reflect.', 'end', 'wrong', 'unit', 'evidence', 'later.', '—', 'shocking', 'claims', 'flat', 'earth', 'surface', 'internet.']","(10000,[453,503,2054,2918,3059,4728,5833,5836,5850,6335,6512,7281,7936,8338,8634,9676],[3.7316994512968646,0.691153161953081,4.42484663185681,3.0385522707369192,3.577548771469606,4.019381523748645,3.914021008090819,4.42484663185681,0.691153161953081,4.42484663185681,4.830311739964974,0.6792718340663283,0.691153161953081,0.691153161953081,5.523458920524919,3.0385522707369192])",0.0
R071,"['art', 'science', 'participant', 'improve', 'threat.', 'experts', 'discuss', 'ongoing', 'developments', 'budget', 'report.']","(10000,[2408,3363,3475,3614,4506,4687,4991,5396,5432,7854,9462],[4.137164559405029,4.607168188650764,5.117993812416755,0.667530016189645,0.691153161953081,0.691153161953081,2.503034034380557,3.914021008090819,2.6902455764687034,4.42484663185681,0.691153161953081])",1.0
R152,"['cell', 'long', 'claim.', 'area', 'couple', 'speak', 'form', 'charge', 'serve', 'debate.', 'experts', 'discuss', 'ongoing', 'developments', 'budget', 'report.']","(10000,[1725,1876,3210,3479,3614,4506,4687,4732,4991,5432,5621,5649,6812,7702,8904,9462],[4.830311739964974,4.830311739964974,4.137164559405029,4.137164559405029,0.667530016189645,0.691153161953081,0.691153161953081,4.42484663185681,2.503034034380557,2.6902455764687034,4.270695952029551,4.830311739964974,4.137164559405029,4.270695952029551,4.137164559405029,0.691153161953081])",1.0
F038,"['interesting', 'across', 'without', 'including.', 'serve', 'last', 'movement', 'window.', '—', 'shocking', 'claims', 'mind', 'control', 'surface', 'internet.']","(10000,[503,619,1208,1725,3184,3634,3989,4043,5294,5850,7074,7281,7936,8338,8888],[0.691153161953081,4.830311739964974,2.7508701982851385,4.830311739964974,2.849310271098391,4.830311739964974,4.607168188650764,4.270695952029551,4.137164559405029,0.691153161953081,3.577548771469606,0.6792718340663283,0.691153161953081,0.691153161953081,5.523458920524919])",0.0
F101,"['early', 'imagine', 'draw.', 'impact', 'fast', 'career', 'role.', '—', 'shocking', 'claims', 'immortal', 'jellyfish', 'surface', 'internet.']","(10000,[503,1972,2066,3759,4092,4930,5301,5850,7281,7936,8338,9263,9876,9974],[0.691153161953081,3.914021008090819,2.7508701982851385,5.117993812416755,4.019381523748645,3.914021008090819,4.270695952029551,0.691153161953081,0.6792718340663283,0.691153161953081,0.691153161953081,4.42484663185681,2.7508701982851385,5.117993812416755])",0.0
F203,"['outside', 'civil', 'world', 'help', 'wait.', 'production', 'question', 'answer', 'build', 'investment.', '—', 'shocking', 'claims', 'celebrity', 'scandal', 'surface', 'internet.']","(10000,[503,593,1734,2947,3014,3486,3619,4921,5850,6063,7281,7936,8338,8353,8568,9347,9360],[0.691153161953081,4.830311739964974,4.607168188650764,4.830311739964974,4.42484663185681,2.849310271098391,4.42484663185681,2.849310271098391,0.691153161953081,4.607168188650764,0.6792718340663283,0.691153161953081,0.691153161953081,4.42484663185681,5.117993812416755,4.270695952029551,3.914021008090819])",0.0
F192,"['human', 'end', 'available', 'program.', 'kid', 'hard', 'soldier', 'economy.', 'buy', 'author', 'none', 'wonder', 'politics', 'upon.', '—', 'shocking', 'claims', 'government', 'cover-up', 'surface', 'internet.']","(10000,[80,453,503,2259,2475,3723,4141,4683,4723,5087,5125,5850,5887,7025,7281,7936,8303,8338,9350,9813,9831],[4.42484663185681,3.7316994512968646,0.691153161953081,2.579019941358479,4.42484663185681,4.42484663185681,4.42484663185681,4.607168188650764,3.914021008090819,4.607168188650764,3.8187108282864943,0.691153161953081,3.4440173788450834,5.117993812416755,0.6792718340663283,0.691153161953081,3.7316994512968646,0.691153161953081,4.137164559405029,2.997730276216664,3.6516567436233283])",0.0
R189,"['body', 'writer', 'kid', 'heart.', 'rather', 'turn', 'word.', 'prepare', 'baby', 'show', 'end', 'somebody.', 'experts', 'discuss', 'ongoing', 'developments', 'climate', 'change.']","(10000,[453,691,821,841,1348,2059,2286,2837,3614,3723,3886,4019,4506,4687,5006,6906,8741,9462],[3.7316994512968646,5.117993812416755,2.849310271098391,4.270695952029551,4.42484663185681,2.6330871626287546,4.270695952029551,4.42484663185681,0.667530016189645,4.42484663185681,4.137164559405029,4.42484663185681,0.691153161953081,0.691153161953081,5.117993812416755,4.137164559405029,5.523458920524919,0.691153161953081])",1.0
R098,"['half', 'remain', 'dinner', 'prove', 'decide', 'usually.', 'put', 'leave', 'support', 'yet', 'actually.', 'maybe', 'forward', 'rise', 'shake', 'capital', 'technology', 'effort', 'analysis.', 'experts', 'discuss', 'ongoing', 'developments', 'election.']","(10000,[1020,1780,2180,2240,2913,3556,3614,3888,4037,4506,4687,4816,4818,5205,5214,5726,6421,6541,6652,8217,8293,8411,8871,9462],[2.4324164671666035,4.830311739964974,4.607168188650764,3.914021008090819,3.7316994512968646,2.8844015909096608,0.667530016189645,5.117993812416755,4.137164559405029,0.691153161953081,0.691153161953081,3.8187108282864943,4.019381523748645,4.607168188650764,4.830311739964974,3.914021008090819,5.523458920524919,4.607168188650764,4.607168188650764,4.270695952029551,4.137164559405029,3.6516567436233283,4.42484663185681,0.691153161953081])",1.0
R149,"['catch', 'mean', 'night', 'above.', 'claim', 'left', 'language', 'develop', 'maybe', 'instead.', 'experts', 'discuss', 'ongoing', 'developments', 'economic', 'growth.']","(10000,[909,1241,1662,1716,1955,2406,3614,4506,4687,4818,6869,7949,8937,9034,9144,9462],[3.8187108282864943,3.8187108282864943,4.42484663185681,4.42484663185681,5.117993812416755,4.42484663185681,0.667530016189645,0.691153161953081,0.691153161953081,4.019381523748645,4.019381523748645,4.270695952029551,4.607168188650764,2.8844015909096608,2.7508701982851385,0.691153161953081])",1.0
R046,"['teacher', 'site', 'message', 'account', 'suddenly', 'meeting', 'on.', 'church', 'four', 'amount', 'push', 'care', 'board.', 'television', 'even', 'job', 'gas', 'himself.', 'experts', 'discuss', 'ongoing', 'developments', 'education.']","(10000,[20,557,1243,1273,2715,3614,3792,4506,4687,5047,5305,5310,5607,5611,5891,5978,6406,7222,8581,8708,8713,9187,9462],[4.019381523748645,4.607168188650764,4.019381523748645,3.7316994512968646,4.42484663185681,0.667530016189645,3.8187108282864943,0.691153161953081,0.691153161953081,2.661258039595451,4.830311739964974,3.8187108282864943,3.7316994512968646,5.117993812416755,4.42484663185681,4.270695952029551,4.137164559405029,4.42484663185681,4.019381523748645,3.914021008090819,5.117993812416755,4.607168188650764,0.691153161953081])",1.0
F055,"['begin', 'along', 'book', 'condition', 'you.', 'wonder', 'son', 'far', 'decide', 'six.', 'city', 'republican', 'chair', 'try', 'score', 'phone', 'back.', 'message', 'anything', 'work', 'view', 'discuss', 'work.', '—', 'shocking', 'claims', 'hoax', 'surface', 'internet.']","(10000,[4,209,360,393,503,681,1513,1626,1927,2110,2114,2715,2840,3004,3614,4158,4377,4616,4693,4723,5328,5495,5850,7281,7293,7936,8293,8338,9527],[4.607168188650764,3.914021008090819,4.42484663185681,4.137164559405029,0.691153161953081,4.607168188650764,4.019381523748645,4.137164559405029,4.607168188650764,5.117993812416755,4.137164559405029,4.42484663185681,4.270695952029551,5.523458920524919,0.667530016189645,3.7316994512968646,2.60568818844064,4.607168188650764,4.137164559405029,3.914021008090819,3.914021008090819,4.42484663185681,0.691153161953081,0.6792718340663283,4.137164559405029,0.691153161953081,4.137164559405029,0.691153161953081,4.019381523748645])",0.0
F159,"['second', 'southern', 'theory', 'place', 'prepare', 'until.', 'argue', 'world', 'medical', 'necessary', 'fear.', 'cause', 'worry', 'popular', 'bag', 'close', 'gas', 'third.', '—', 'shocking', 'claims', 'flat', 'earth', 'surface', 'internet.']","(10000,[316,415,503,1468,2286,2918,3497,3730,3743,4430,5607,5850,6148,6390,7281,7615,7936,7979,8151,8268,8338,8343,9256,9360,9676],[4.270695952029551,3.914021008090819,0.691153161953081,4.019381523748645,4.270695952029551,3.0385522707369192,4.607168188650764,4.019381523748645,4.137164559405029,4.607168188650764,3.7316994512968646,0.691153161953081,4.270695952029551,4.42484663185681,0.6792718340663283,4.830311739964974,0.691153161953081,3.914021008090819,4.830311739964974,3.3262343431887,0.691153161953081,4.270695952029551,4.607168188650764,3.914021008090819,3.0385522707369192])",0.0
F083,"['answer', 'organization', 'give.', 'per', 'case', 'ago', 'inside', 'idea', 'understand', 'that.', 'room', 'name', 'line.', '—', 'shocking', 'claims', 'secret', 'cure', 'surface', 'internet.']","(10000,[15,298,494,503,1364,1896,2115,3619,3892,5850,5958,6342,6487,6508,6747,7281,7936,8338,8759,9066],[4.607168188650764,4.607168188650764,4.270695952029551,0.691153161953081,4.019381523748645,4.607168188650764,4.830311739964974,4.42484663185681,2.5530444549552183,0.691153161953081,4.137164559405029,4.830311739964974,3.914021008090819,5.523458920524919,2.5530444549552183,0.6792718340663283,0.691153161953081,0.691153161953081,4.607168188650764,4.137164559405029])",0.0
R109,"['finish', 'company', 'turn', 'trouble.', 'experts', 'discuss', 'ongoing', 'developments', 'education.']","(10000,[317,942,3614,3886,4506,4687,5047,6578,9462],[5.523458920524919,4.830311739964974,0.667530016189645,4.137164559405029,0.691153161953081,0.691153161953081,2.661258039595451,4.830311739964974,0.691153161953081])",1.0
R102,"['floor', 'use', 'part', 'care', 'time.', 'health', 'population', 'control', 'value', 'vote.', 'experts', 'discuss', 'ongoing', 'developments', 'climate', 'change.']","(10000,[821,1208,2059,3614,4319,4506,4687,5133,5276,5310,6878,7403,8740,8805,9258,9462],[2.849310271098391,2.7508701982851385,2.6330871626287546,0.667530016189645,3.8187108282864943,0.691153161953081,0.691153161953081,3.914021008090819,5.117993812416755,3.8187108282864943,5.117993812416755,4.270695952029551,3.7316994512968646,4.270695952029551,4.019381523748645,0.691153161953081])",1.0
R060,"['collection', 'simply', 'front', 'sea', 'less', 'recognize.', 'suggest', 'describe', 'measure', 'help.', 'experts', 'discuss', 'ongoing', 'developments', 'election.']","(10000,[504,528,1195,1642,3556,3614,3952,4506,4687,7085,7381,7816,8209,9462,9617],[5.117993812416755,4.607168188650764,4.019381523748645,4.270695952029551,2.8844015909096608,0.667530016189645,4.270695952029551,0.691153161953081,0.691153161953081,4.270695952029551,4.607168188650764,3.7316994512968646,3.7316994512968646,0.691153161953081,4.019381523748645])",1.0
F085,"['likely', 'upon', 'character.', 'study', 'offer', 'agent', 'boy', 'rise', 'social', 'letter.', '—', 'shocking', 'claims', 'secret', 'cure', 'surface', 'internet.']","(10000,[157,309,503,823,2958,3892,4224,4300,4816,5016,5850,6735,6747,7281,7936,8338,8530],[3.8187108282864943,4.270695952029551,0.691153161953081,4.42484663185681,3.7316994512968646,2.5530444549552183,4.137164559405029,5.117993812416755,3.8187108282864943,4.270695952029551,0.691153161953081,4.830311739964974,2.5530444549552183,0.6792718340663283,0.691153161953081,0.691153161953081,5.523458920524919])",0.0
F188,"['debate', 'citizen', 'think', 'admit.', 'anyone', 'stay', 'big', 'picture', 'natural.', '—', 'shocking', 'claims', 'hoax', 'surface', 'internet.']","(10000,[8,433,503,666,2335,2481,3048,3761,4237,4377,5850,7281,7936,8276,8338],[4.42484663185681,3.914021008090819,0.691153161953081,4.607168188650764,4.42484663185681,4.137164559405029,3.8187108282864943,4.830311739964974,5.117993812416755,2.60568818844064,0.691153161953081,0.6792718340663283,0.691153161953081,4.607168188650764,0.691153161953081])",0.0
F131,"['yard', 'sit', 'customer', 'family', 'simply', 'important.', 'project', 'sea', 'try', 'quite.', 'actually', 'option', 'tonight', 'chance', 'current', 'under.', '—', 'shocking', 'claims', 'hoax', 'surface', 'internet.']","(10000,[346,424,503,1413,1642,2230,3065,3389,4377,4693,5850,6447,6946,7281,7936,8297,8338,8878,9189,9613,9617,9782],[4.42484663185681,4.270695952029551,0.691153161953081,4.607168188650764,4.270695952029551,3.914021008090819,5.523458920524919,4.270695952029551,2.60568818844064,4.137164559405029,0.691153161953081,4.019381523748645,4.42484663185681,0.6792718340663283,0.691153161953081,4.270695952029551,0.691153161953081,5.117993812416755,4.019381523748645,3.914021008090819,4.019381523748645,5.523458920524919])",0.0
R202,"['health', 'protect', 'professor', 'prevent', 'despite', 'station.', 'study', 'none', 'foot', 'support', 'east', 'pm', 'size.', 'black', 'look', 'sort', 'many.', 'experts', 'discuss', 'ongoing', 'developments', 'public', 'health.']","(10000,[1290,1301,1770,1948,2543,2846,3252,3614,4224,4506,4687,5720,6219,6532,6576,7026,7235,7890,8217,8805,9462,9831,9939],[5.117993812416755,4.607168188650764,2.958509563063383,3.914021008090819,3.6516567436233283,5.117993812416755,4.137164559405029,0.667530016189645,4.137164559405029,0.691153161953081,0.691153161953081,4.270695952029551,3.0385522707369192,5.117993812416755,4.137164559405029,4.42484663185681,4.019381523748645,4.42484663185681,4.270695952029551,4.270695952029551,0.691153161953081,3.6516567436233283,4.270695952029551])",1.0
F111,"['ground', 'trade', 'reflect', 'improve', 'offer', 'short.', 'lead', 'public', 'occur', 'pretty', 'participant', 'action.', '—', 'shocking', 'claims', 'celebrity', 'scandal', 'surface', 'internet.']","(10000,[419,503,746,1770,1921,2408,2958,3486,3919,4921,5321,5356,5396,5850,6487,7281,7936,8338,9213],[4.019381523748645,0.691153161953081,5.117993812416755,2.958509563063383,3.8187108282864943,4.137164559405029,3.7316994512968646,2.849310271098391,4.019381523748645,2.849310271098391,4.270695952029551,4.019381523748645,3.914021008090819,0.691153161953081,3.914021008090819,0.6792718340663283,0.691153161953081,0.691153161953081,5.117993812416755])",0.0
R151,"['side', 'stuff', 'eat', 'activity', 'movement.', 'treatment', 'effect', 'able', 'democratic', 'family.', 'assume', 'hear', 'box', 'argue.', 'experts', 'discuss', 'ongoing', 'developments', 'policy.']","(10000,[2664,3496,3614,4395,4506,4687,4842,5606,6324,6944,7276,7509,7722,7922,8015,8033,8110,9462,9781],[3.914021008090819,3.8187108282864943,0.667530016189645,5.523458920524919,0.691153161953081,0.691153161953081,4.019381523748645,3.8187108282864943,3.914021008090819,2.8154087194227095,3.6516567436233283,4.607168188650764,4.137164559405029,4.607168188650764,4.607168188650764,5.523458920524919,4.830311739964974,0.691153161953081,4.830311739964974])",1.0
F058,"['charge', 'performance', 'education', 'why.', 'stand', 'kind', 'every.', 'fish', 'company', 'bag', 'structure', 'fund', 'per.', '—', 'shocking', 'claims', 'government', 'cover-up', 'surface', 'internet.']","(10000,[415,503,942,1236,1376,2259,2996,4638,5530,5850,6044,6740,6812,6886,7281,7936,8338,8997,9351,9813],[3.914021008090819,0.691153161953081,4.830311739964974,5.523458920524919,4.830311739964974,2.579019941358479,3.8187108282864943,4.607168188650764,4.137164559405029,0.691153161953081,4.42484663185681,5.523458920524919,4.137164559405029,4.019381523748645,0.6792718340663283,0.691153161953081,0.691153161953081,4.607168188650764,4.019381523748645,2.997730276216664])",0.0
R164,"['gas', 'daughter', 'town', 'budget', 'sign.', 'medical', 'view', 'continue', 'view', 'service.', 'different', 'soon', 'suffer', 'great', 'enough', 'discussion', 'party.', 'land', 'plant', 'reduce', 'among', 'particular.', 'experts', 'discuss', 'ongoing', 'developments', 'education.']","(10000,[743,750,1041,3614,4201,4221,4506,4687,4715,4748,4991,5047,5315,5607,6135,6683,7148,7244,7293,7362,7623,8159,8268,8633,9414,9462],[4.019381523748645,4.607168188650764,4.42484663185681,0.667530016189645,5.117993812416755,4.830311739964974,0.691153161953081,0.691153161953081,4.270695952029551,4.270695952029551,2.503034034380557,2.661258039595451,4.42484663185681,3.7316994512968646,4.270695952029551,4.137164559405029,4.607168188650764,3.8187108282864943,8.274329118810059,4.019381523748645,4.137164559405029,3.577548771469606,3.3262343431887,5.117993812416755,5.523458920524919,0.691153161953081])",1.0
F242,"['real', 'wide', 'focus', 'lead.', 'challenge', 'wear', 'government', 'life', 'necessary', 'degree.', 'back', 'summer', 'tend.', 'difficult', 'true', 'view', 'begin.', '—', 'shocking', 'claims', 'celebrity', 'scandal', 'surface', 'internet.']","(10000,[503,1712,2259,2836,3477,3486,3931,4921,4928,5797,5850,5935,6581,7188,7274,7281,7293,7386,7936,7979,8338,8430,9481,9691],[0.691153161953081,4.270695952029551,2.579019941358479,4.607168188650764,3.8187108282864943,2.849310271098391,3.5085558999826545,2.849310271098391,4.607168188650764,4.830311739964974,0.691153161953081,4.607168188650764,4.830311739964974,5.117993812416755,5.117993812416755,0.6792718340663283,4.137164559405029,4.830311739964974,0.691153161953081,3.914021008090819,0.691153161953081,4.607168188650764,4.019381523748645,4.270695952029551])",0.0
F064,"['young', 'summer', 'poor', 'blue.', 'tell', 'find', 'international', 'last', 'stand', 'message.', 'bed', 'carry', 'certainly', 'face', 'eat', 'cut.', '—', 'shocking', 'claims', 'mind', 'control', 'surface', 'internet.']","(10000,[188,454,503,673,1208,1850,2722,3184,3989,4034,4898,5850,6886,7055,7276,7281,7510,7809,7936,8103,8338,9481,9497],[4.42484663185681,4.137164559405029,0.691153161953081,4.42484663185681,2.7508701982851385,3.914021008090819,5.117993812416755,2.849310271098391,4.607168188650764,4.607168188650764,4.607168188650764,0.691153161953081,4.019381523748645,5.523458920524919,3.6516567436233283,0.6792718340663283,4.42484663185681,4.270695952029551,0.691153161953081,4.270695952029551,0.691153161953081,4.019381523748645,4.42484663185681])",0.0
R228,"['indeed', 'research', 'stay', 'end', 'word.', 'water', 'real', 'reality', 'investment.', 'experts', 'discuss', 'ongoing', 'developments', 'education.']","(10000,[433,453,680,1734,2589,3614,4506,4687,4934,5006,5047,9432,9462,9691],[3.914021008090819,3.7316994512968646,4.42484663185681,4.607168188650764,4.42484663185681,0.667530016189645,0.691153161953081,0.691153161953081,4.270695952029551,5.117993812416755,2.661258039595451,4.830311739964974,0.691153161953081,4.270695952029551])",1.0
R210,"['training', 'month', 'however', 'together', 'city', 'indicate.', 'major', 'enough', 'example', 'run.', 'forward', 'conference', 'blood', 'back', 'dinner', 'door.', 'experts', 'discuss', 'ongoing', 'developments', 'economic', 'growth.']","(10000,[911,1058,2240,2359,3614,4506,4528,4687,4748,5495,5657,5741,6609,7538,7912,8312,8411,8430,9034,9144,9462,9606],[4.42484663185681,4.42484663185681,3.914021008090819,5.117993812416755,0.667530016189645,0.691153161953081,4.830311739964974,0.691153161953081,4.270695952029551,4.42484663185681,4.270695952029551,4.42484663185681,5.523458920524919,4.830311739964974,4.830311739964974,5.523458920524919,3.6516567436233283,4.607168188650764,2.8844015909096608,2.7508701982851385,0.691153161953081,4.42484663185681])",1.0
R156,"['technology', 'blue', 'keep', 'tough', 'prepare', 'technology.', 'everything', 'far', 'type', 'player', 'give.', 'experts', 'discuss', 'ongoing', 'developments', 'policy.']","(10000,[1020,2286,3526,3614,4158,4506,4687,5447,5768,6604,6944,8759,8893,9156,9462,9594],[2.4324164671666035,4.270695952029551,4.137164559405029,0.667530016189645,3.7316994512968646,0.691153161953081,0.691153161953081,3.5085558999826545,4.830311739964974,4.270695952029551,2.8154087194227095,4.607168188650764,4.42484663185681,3.8187108282864943,0.691153161953081,4.42484663185681])",1.0
R192,"['special', 'hundred', 'cause', 'protect', 'style', 'sell', 'many.', 'rock', 'however', 'tell', 'physical.', 'similar', 'particular', 'source', 'travel', 'imagine', 'american.', 'experts', 'discuss', 'ongoing', 'developments', 'climate', 'change.']","(10000,[316,574,821,911,1055,1116,1850,2059,2846,3614,4485,4506,4687,5175,5301,5511,7046,7235,7721,8000,8681,8984,9462],[4.270695952029551,4.270695952029551,2.849310271098391,4.42484663185681,4.42484663185681,5.117993812416755,3.914021008090819,2.6330871626287546,5.117993812416755,0.667530016189645,4.270695952029551,0.691153161953081,0.691153161953081,4.019381523748645,4.270695952029551,5.523458920524919,4.830311739964974,4.019381523748645,4.270695952029551,4.607168188650764,4.607168188650764,4.830311739964974,0.691153161953081])",1.0
F102,"['throw', 'soon', 'country', 'save', 'college.', 'far', 'tv', 'article', 'brother', 'politics', 'generation.', '—', 'shocking', 'claims', 'government', 'cover-up', 'surface', 'internet.']","(10000,[291,503,1041,1702,2259,4158,4520,4547,4695,5850,5887,7281,7870,7936,8325,8338,9578,9813],[4.42484663185681,0.691153161953081,4.42484663185681,4.42484663185681,2.579019941358479,3.7316994512968646,3.8187108282864943,4.137164559405029,5.523458920524919,0.691153161953081,3.4440173788450834,0.6792718340663283,4.830311739964974,0.691153161953081,4.607168188650764,0.691153161953081,4.830311739964974,2.997730276216664])",0.0
R237,"['responsibility', 'include', 'visit', 'politics', 'possible.', 'address', 'least', 'throughout', 'day', 'admit', 'prevent.', 'teacher', 'create', 'pretty', 'positive', 'five', 'live', 'military.', 'issue', 'dream', 'community.', 'experts', 'discuss', 'ongoing', 'developments', 'election.']","(10000,[1,493,698,1404,1634,2272,2338,2366,2953,3502,3556,3614,3919,4439,4454,4506,4687,4959,5887,5948,5974,6616,8708,8714,9133,9462],[5.117993812416755,4.137164559405029,3.914021008090819,4.607168188650764,4.42484663185681,5.117993812416755,5.523458920524919,3.914021008090819,4.137164559405029,3.7316994512968646,2.8844015909096608,0.667530016189645,4.019381523748645,4.42484663185681,4.607168188650764,0.691153161953081,0.691153161953081,4.607168188650764,3.4440173788450834,3.914021008090819,3.7316994512968646,4.270695952029551,3.914021008090819,4.019381523748645,4.137164559405029,0.691153161953081])",1.0
F015,"['fear', 'east', 'main', 'program', 'past', 'become', 'ok', 'child.', 'site', 'north.', 'miss', 'first', 'safe', 'democrat', 'day.', '—', 'shocking', 'claims', 'immortal', 'jellyfish', 'surface', 'internet.']","(10000,[503,573,1071,1637,1655,1842,2066,2645,2802,5234,5850,5891,6403,6576,7090,7281,7642,7936,8338,9275,9513,9876],[0.691153161953081,4.137164559405029,4.42484663185681,3.5085558999826545,4.830311739964974,4.830311739964974,2.7508701982851385,4.270695952029551,5.117993812416755,3.914021008090819,0.691153161953081,4.42484663185681,4.830311739964974,4.137164559405029,4.019381523748645,0.6792718340663283,4.270695952029551,0.691153161953081,0.691153161953081,3.6516567436233283,4.137164559405029,2.7508701982851385])",0.0
F020,"['factor', 'loss', 'one', 'close', 'next.', 'low', 'key', 'effect', 'receive', 'fill', 'this.', '—', 'shocking', 'claims', 'celebrity', 'scandal', 'surface', 'internet.']","(10000,[503,815,3131,3486,3497,4617,4921,4963,5329,5844,5850,6324,7281,7936,8338,8411,9561,9727],[0.691153161953081,4.019381523748645,4.137164559405029,2.849310271098391,4.607168188650764,3.6516567436233283,2.849310271098391,5.523458920524919,4.42484663185681,3.8187108282864943,0.691153161953081,3.914021008090819,0.6792718340663283,0.691153161953081,0.691153161953081,3.6516567436233283,4.270695952029551,4.607168188650764])",0.0
R083,"['expect', 'exist', 'suddenly.', 'experts', 'discuss', 'ongoing', 'developments', 'election.']","(10000,[2041,3556,3614,3691,4506,4687,6602,9462],[4.830311739964974,2.8844015909096608,0.667530016189645,4.270695952029551,0.691153161953081,0.691153161953081,4.137164559405029,0.691153161953081])",1.0
F035,"['customer', 'cultural', 'future', 'building', 'enter.', 'audience', 'drive', 'pull', 'machine', 'president.', '—', 'shocking', 'claims', 'hoax', 'surface', 'internet.']","(10000,[503,1312,1413,4377,5268,5374,5850,5852,6325,6488,6597,7281,7936,8040,8338,9233],[0.691153161953081,4.830311739964974,4.607168188650764,2.60568818844064,5.117993812416755,3.6516567436233283,0.691153161953081,4.019381523748645,4.42484663185681,3.8187108282864943,4.42484663185681,0.6792718340663283,0.691153161953081,4.42484663185681,0.691153161953081,4.607168188650764])",0.0
R082,"['sense', 'pay', 'star', 'law', 'weight.', 'financial', 'example', 'return', 'phone.', 'range', 'market', 'protect', 'rest', 'though', 'player', 'walk', 'work.', 'experts', 'discuss', 'ongoing', 'developments', 'budget', 'report.']","(10000,[165,288,360,635,2657,2708,3385,3614,3979,4506,4687,4897,4991,5170,5432,5447,6142,6604,7235,7407,9109,9462,9606],[4.137164559405029,5.523458920524919,4.42484663185681,4.607168188650764,3.7316994512968646,3.7316994512968646,3.914021008090819,0.667530016189645,4.270695952029551,0.691153161953081,0.691153161953081,5.117993812416755,2.503034034380557,4.019381523748645,2.6902455764687034,3.5085558999826545,4.270695952029551,4.270695952029551,4.019381523748645,3.8187108282864943,4.830311739964974,0.691153161953081,4.42484663185681])",1.0
F114,"['subject', 'plan', 'apply', 'brother', 'prevent', 'president.', '—', 'shocking', 'claims', 'mind', 'control', 'surface', 'internet.']","(10000,[291,503,1208,3184,3252,5374,5850,6123,7281,7312,7936,8338,8655],[4.42484663185681,0.691153161953081,2.7508701982851385,2.849310271098391,4.137164559405029,3.6516567436233283,0.691153161953081,4.830311739964974,0.6792718340663283,4.019381523748645,0.691153161953081,0.691153161953081,4.270695952029551])",0.0
F179,"['agency', 'everything', 'grow', 'interview', 'environment', 'wait.', 'population', 'though', 'start', 'full', 'site', 'others.', '—', 'shocking', 'claims', 'secret', 'cure', 'surface', 'internet.']","(10000,[503,765,2404,2407,2996,3385,3892,4673,5850,5891,6035,6063,6747,7281,7936,8338,8897,9156,9258],[0.691153161953081,4.270695952029551,4.270695952029551,3.914021008090819,3.8187108282864943,3.914021008090819,2.5530444549552183,4.830311739964974,0.691153161953081,4.42484663185681,3.7316994512968646,4.607168188650764,2.5530444549552183,0.6792718340663283,0.691153161953081,0.691153161953081,4.42484663185681,3.8187108282864943,4.019381523748645])",0.0
F026,"['consumer', 'walk', 'moment.', 'treat', 'key', 'expert', 'wind', 'rule', 'see.', '—', 'shocking', 'claims', 'celebrity', 'scandal', 'surface', 'internet.']","(10000,[343,503,914,2558,3131,3486,4096,4921,5850,6142,6975,7281,7936,8338,8750,9475],[4.019381523748645,0.691153161953081,4.42484663185681,4.42484663185681,4.137164559405029,2.849310271098391,4.830311739964974,2.849310271098391,0.691153161953081,4.270695952029551,5.117993812416755,0.6792718340663283,0.691153161953081,0.691153161953081,4.137164559405029,4.270695952029551])",0.0
R217,"['someone', 'describe', 'travel', 'tv.', 'experts', 'discuss', 'ongoing', 'developments', 'election.']","(10000,[3556,3614,3671,4506,4687,7085,8356,8681,9462],[2.8844015909096608,0.667530016189645,4.137164559405029,0.691153161953081,0.691153161953081,4.270695952029551,5.117993812416755,4.607168188650764,0.691153161953081])",1.0
F009,"['mr', 'life', 'country.', 'try', 'agreement', 'service', 'decide', 'certain', 'economy.', '—', 'shocking', 'claims', 'celebrity', 'scandal', 'surface', 'internet.']","(10000,[503,2252,2647,3477,3486,4683,4693,4921,5850,7281,7936,8293,8338,8413,9062,9288],[0.691153161953081,4.42484663185681,4.019381523748645,3.8187108282864943,2.849310271098391,4.607168188650764,4.137164559405029,2.849310271098391,0.691153161953081,0.6792718340663283,0.691153161953081,4.137164559405029,0.691153161953081,3.383392757028649,5.523458920524919,3.8187108282864943])",0.0
F240,"['entire', 'cell', 'west', 'paper', 'customer', 'value', 'individual.', 'skin', 'leader', 'whether', 'edge', 'another', 'page', 'others.', '—', 'shocking', 'claims', 'aliens', 'surface', 'internet.']","(10000,[503,650,1413,1526,2827,3188,3210,3406,3921,4673,5085,5833,5850,7281,7403,7936,8166,8338,8690,8824],[0.691153161953081,2.958509563063383,4.607168188650764,4.019381523748645,4.137164559405029,4.607168188650764,4.137164559405029,4.830311739964974,4.607168188650764,4.830311739964974,4.137164559405029,3.914021008090819,0.691153161953081,0.6792718340663283,4.270695952029551,0.691153161953081,4.270695952029551,0.691153161953081,4.270695952029551,3.914021008090819])",0.0
R216,"['impact', 'reason', 'trouble', 'cover', 'me.', 'among', 'read', 'scene', 'always', 'ahead', 'maybe', 'child.', 'use', 'report', 'often', 'successful', 'often', 'quickly.', 'experts', 'discuss', 'ongoing', 'developments', 'research.']","(10000,[7,1655,1972,2909,2944,3614,3818,4506,4687,4818,5133,5177,5659,5844,6104,6505,7066,7362,7650,8268,9011,9462],[9.660623479929948,4.830311739964974,3.914021008090819,4.607168188650764,4.607168188650764,0.667530016189645,5.523458920524919,0.691153161953081,0.691153161953081,4.019381523748645,3.914021008090819,5.523458920524919,4.270695952029551,3.8187108282864943,4.137164559405029,4.830311739964974,2.8844015909096608,4.019381523748645,4.019381523748645,3.3262343431887,4.019381523748645,0.691153161953081])",1.0
F129,"['participant', 'reach', 'song.', 'sport', 'green', 'report', 'modern', 'data', 'kitchen', 'onto.', '—', 'shocking', 'claims', 'flat', 'earth', 'surface', 'internet.']","(10000,[503,551,756,1695,2336,2918,5396,5683,5850,6505,6934,7281,7936,8278,8338,8386,9676],[0.691153161953081,4.270695952029551,4.019381523748645,5.117993812416755,3.914021008090819,3.0385522707369192,3.914021008090819,4.830311739964974,0.691153161953081,4.830311739964974,5.117993812416755,0.6792718340663283,0.691153161953081,4.019381523748645,0.691153161953081,4.137164559405029,3.0385522707369192])",0.0
R197,"['hear', 'town', 'garden', 'paper', 'shoulder.', 'experts', 'discuss', 'ongoing', 'developments', 'education.']","(10000,[3614,3740,4506,4687,4715,4842,5047,5936,8690,9462],[0.667530016189645,4.830311739964974,0.691153161953081,0.691153161953081,4.270695952029551,4.019381523748645,2.661258039595451,4.830311739964974,4.270695952029551,0.691153161953081])",1.0
F142,"['popular', 'response', 'woman', 'group', 'power', 'total.', 'billion', 'family', 'military', 'realize', 'police.', '—', 'shocking', 'claims', 'government', 'cover-up', 'surface', 'internet.']","(10000,[258,503,1582,2259,2445,3056,4391,4563,5850,5877,6148,6535,7281,7766,7936,8297,8338,9813],[4.42484663185681,0.691153161953081,3.914021008090819,2.579019941358479,5.117993812416755,4.137164559405029,4.607168188650764,4.137164559405029,0.691153161953081,3.914021008090819,4.270695952029551,4.830311739964974,0.6792718340663283,4.607168188650764,0.691153161953081,4.270695952029551,0.691153161953081,2.997730276216664])",0.0
R140,"['high', 'second', 'dream', 'range', 'cultural', 'rate.', 'experts', 'discuss', 'ongoing', 'developments', 'climate', 'change.']","(10000,[165,821,1637,2059,2116,2366,3614,4506,4687,9233,9256,9462],[4.137164559405029,2.849310271098391,3.5085558999826545,2.6330871626287546,4.270695952029551,3.914021008090819,0.667530016189645,0.691153161953081,0.691153161953081,4.607168188650764,4.607168188650764,0.691153161953081])",1.0
R165,"['hair', 'war', 'easy.', 'deep', 'system', 'perhaps.', 'perhaps', 'gun', 'level', 'cold', 'bed', 'some.', 'rather', 'standard', 'accept', 'upon.', 'experts', 'discuss', 'ongoing', 'developments', 'budget', 'report.']","(10000,[1259,1499,1762,2657,2837,2967,3614,3920,3996,4175,4506,4687,4991,5087,5432,5441,7183,7664,8313,8719,9462,9497],[4.270695952029551,4.270695952029551,4.270695952029551,3.7316994512968646,4.42484663185681,4.607168188650764,0.667530016189645,4.137164559405029,4.137164559405029,4.830311739964974,0.691153161953081,0.691153161953081,2.503034034380557,4.607168188650764,2.6902455764687034,5.117993812416755,5.523458920524919,4.137164559405029,4.137164559405029,4.607168188650764,0.691153161953081,4.42484663185681])",1.0
R139,"['send', 'section', 'reach', 'itself.', 'ball', 'camera', 'growth', 'hospital', 'chair.', 'short', 'store', 'collection', 'long', 'drug.', 'experts', 'discuss', 'ongoing', 'developments', 'education.']","(10000,[320,1262,1584,1650,2862,3614,3980,4506,4687,4930,5047,5523,6968,7184,7492,8209,8386,8904,9462],[4.137164559405029,4.270695952029551,5.117993812416755,4.270695952029551,5.523458920524919,0.667530016189645,4.830311739964974,0.691153161953081,0.691153161953081,3.914021008090819,2.661258039595451,4.019381523748645,4.137164559405029,5.117993812416755,4.607168188650764,3.7316994512968646,4.137164559405029,4.137164559405029,0.691153161953081])",1.0
F232,"['ahead', 'wrong', 'use.', '—', 'shocking', 'claims', 'hoax', 'surface', 'internet.']","(10000,[503,4377,5850,6512,7281,7936,8268,8338,9021],[0.691153161953081,2.60568818844064,0.691153161953081,4.830311739964974,0.6792718340663283,0.691153161953081,3.3262343431887,0.691153161953081,4.270695952029551])",0.0
F108,"['others', 'size', 'receive', 'suffer', 'knowledge.', 'foreign', 'director', 'development', 'key.', 'sure', 'organization', 'table', 'yet.', '—', 'shocking', 'claims', 'celebrity', 'scandal', 'surface', 'internet.']","(10000,[503,1364,1821,1853,2871,3192,3486,3882,3931,4617,4657,4921,5850,6135,6206,6805,6940,7281,7936,8338],[0.691153161953081,4.019381523748645,4.42484663185681,4.607168188650764,4.270695952029551,4.42484663185681,2.849310271098391,5.523458920524919,3.5085558999826545,3.6516567436233283,4.830311739964974,2.849310271098391,0.691153161953081,4.270695952029551,4.42484663185681,5.117993812416755,4.607168188650764,0.6792718340663283,0.691153161953081,0.691153161953081])",0.0
F167,"['trip', 'pretty', 'north', 'quite.', 'always', 'end', 'condition.', '—', 'shocking', 'claims', 'celebrity', 'scandal', 'surface', 'internet.']","(10000,[453,503,1778,3486,3919,4921,5782,5850,7281,7723,7936,8338,8878,9011],[3.7316994512968646,0.691153161953081,4.830311739964974,2.849310271098391,4.019381523748645,2.849310271098391,4.607168188650764,0.691153161953081,0.6792718340663283,4.830311739964974,0.691153161953081,0.691153161953081,5.117993812416755,4.019381523748645])",0.0
R242,"['person', 'region', 'long', 'but.', 'performance', 'party', 'cause', 'successful', 'official', 'good', 'option.', 'five', 'practice', 'evening', 'general', 'tell', 'baby.', 'experts', 'discuss', 'ongoing', 'developments', 'research.']","(10000,[316,1379,1850,3249,3614,4280,4506,4687,5286,5465,5659,5974,6168,7066,8159,8485,8569,8904,8927,9351,9367,9462],[4.270695952029551,4.42484663185681,3.914021008090819,4.270695952029551,0.667530016189645,4.42484663185681,0.691153161953081,0.691153161953081,4.019381523748645,4.830311739964974,4.270695952029551,3.7316994512968646,4.137164559405029,2.8844015909096608,3.577548771469606,4.270695952029551,5.523458920524919,4.137164559405029,4.607168188650764,4.019381523748645,4.270695952029551,0.691153161953081])",1.0
F133,"['picture', 'finally', 'everybody', 'education', 'technology.', 'smile', 'seem', 'law', 'practice', 'information', 'including', 'west.', 'civil', 'radio', 'major', 'difference.', '—', 'shocking', 'claims', 'immortal', 'jellyfish', 'surface', 'internet.']","(10000,[503,593,1058,1817,2066,2481,2561,2588,2713,3979,4280,5530,5850,5987,7281,7334,7936,8190,8338,8893,8915,9086,9876],[0.691153161953081,4.830311739964974,4.42484663185681,3.8187108282864943,2.7508701982851385,4.137164559405029,4.607168188650764,4.270695952029551,4.830311739964974,4.270695952029551,4.42484663185681,4.137164559405029,0.691153161953081,5.117993812416755,0.6792718340663283,4.019381523748645,0.691153161953081,4.270695952029551,0.691153161953081,4.42484663185681,4.830311739964974,4.42484663185681,2.7508701982851385])",0.0
F025,"['feeling', 'imagine', 'accept', 'executive', 'trade', 'factor', 'author.', 'evening', 'air', 'claim', 'detail', 'main', 'baby', 'hair.', '—', 'shocking', 'claims', 'flat', 'earth', 'surface', 'internet.']","(10000,[88,373,419,503,613,1143,1348,1637,2657,2918,5212,5286,5301,5850,7281,7936,8338,8937,9561,9676,9966],[3.914021008090819,5.117993812416755,4.019381523748645,0.691153161953081,4.019381523748645,4.137164559405029,4.42484663185681,3.5085558999826545,3.7316994512968646,3.0385522707369192,5.523458920524919,4.019381523748645,4.270695952029551,0.691153161953081,0.6792718340663283,0.691153161953081,0.691153161953081,4.607168188650764,4.270695952029551,3.0385522707369192,4.42484663185681])",0.0
F093,"['garden', 'easy', 'serve.', 'world', 'hair', 'clear', 'black', 'floor', 'bar', 'learn.', 'cell', 'hospital', 'brother', 'foot.', '—', 'shocking', 'claims', 'immortal', 'jellyfish', 'surface', 'internet.']","(10000,[291,503,760,1035,1611,1948,2041,2066,3210,4319,4930,5850,5936,7160,7281,7332,7664,7936,8338,9360,9876],[4.42484663185681,0.691153161953081,4.270695952029551,5.117993812416755,3.7316994512968646,3.914021008090819,4.830311739964974,2.7508701982851385,4.137164559405029,3.8187108282864943,3.914021008090819,0.691153161953081,4.830311739964974,4.607168188650764,0.6792718340663283,4.270695952029551,4.137164559405029,0.691153161953081,0.691153161953081,3.914021008090819,2.7508701982851385])",0.0
F236,"['friend', 'something', 'campaign', 'but.', 'trouble', 'onto', 'example', 'hard', 'baby.', '—', 'shocking', 'claims', 'government', 'cover-up', 'surface', 'internet.']","(10000,[488,503,2259,2909,4319,5125,5850,6675,7281,7936,8338,8927,9367,9606,9813,9826],[4.137164559405029,0.691153161953081,2.579019941358479,4.607168188650764,3.8187108282864943,3.8187108282864943,0.691153161953081,3.8187108282864943,0.6792718340663283,0.691153161953081,0.691153161953081,4.607168188650764,4.270695952029551,4.42484663185681,2.997730276216664,4.830311739964974])",0.0
F069,"['industry', 'miss', 'surface', 'tell', 'government', 'matter', 'sing.', 'day', 'personal', 'mention', 'agent', 'project', 'above.', '—', 'shocking', 'claims', 'flat', 'earth', 'surface', 'internet.']","(10000,[503,1071,1850,2230,2259,2402,2406,2907,2918,3010,4066,5016,5850,7281,7936,7939,8338,9133,9676],[0.691153161953081,4.42484663185681,3.914021008090819,3.914021008090819,2.579019941358479,4.137164559405029,4.42484663185681,4.019381523748645,3.0385522707369192,4.270695952029551,5.117993812416755,4.270695952029551,0.691153161953081,1.3585436681326566,0.691153161953081,4.607168188650764,0.691153161953081,4.137164559405029,3.0385522707369192])",0.0
F219,"['newspaper', 'contain', 'economic', 'record.', 'speak', 'necessary', 'forget', 'and.', '—', 'shocking', 'claims', 'flat', 'earth', 'surface', 'internet.']","(10000,[503,924,2086,2918,3238,4732,5850,7146,7281,7493,7936,7979,8338,9144,9676],[0.691153161953081,5.523458920524919,4.607168188650764,3.0385522707369192,4.270695952029551,4.42484663185681,0.691153161953081,4.137164559405029,0.6792718340663283,4.137164559405029,0.691153161953081,3.914021008090819,0.691153161953081,2.7508701982851385,3.0385522707369192])",0.0
R079,"['something', 'dark', 'impact', 'politics.', 'card', 'police', 'turn', 'ok', 'member', 'sport.', 'official', 'forward', 'sit', 'necessary.', 'experts', 'discuss', 'ongoing', 'developments', 'election.']","(10000,[211,697,1107,1972,2111,2144,2645,3556,3614,3876,3886,4506,4687,6790,6946,8411,8485,9462,9826],[5.523458920524919,3.914021008090819,5.523458920524919,3.914021008090819,5.117993812416755,3.914021008090819,4.270695952029551,2.8844015909096608,0.667530016189645,4.137164559405029,4.137164559405029,0.691153161953081,0.691153161953081,4.42484663185681,4.42484663185681,3.6516567436233283,4.270695952029551,0.691153161953081,4.830311739964974])",1.0
F042,"['spring', 'thousand', 'speak.', 'officer', 'fly', 'discuss.', 'total', 'need', 'owner', 'idea', 'instead.', 'many', 'morning', 'entire', 'strong.', '—', 'shocking', 'claims', 'hoax', 'surface', 'internet.']","(10000,[278,503,696,1644,1955,3160,4377,5188,5750,5850,5944,5958,6053,6279,6537,6798,7281,7936,8338,8731,8824],[5.117993812416755,0.691153161953081,4.137164559405029,4.607168188650764,5.117993812416755,4.137164559405029,2.60568818844064,4.607168188650764,4.830311739964974,0.691153161953081,4.42484663185681,4.137164559405029,3.7316994512968646,4.42484663185681,4.270695952029551,4.270695952029551,0.6792718340663283,0.691153161953081,0.691153161953081,4.607168188650764,3.914021008090819])",0.0
R154,"['value', 'likely', 'poor', 'reach', 'apply', 'money.', 'bring', 'quite', 'war', 'politics', 'vote', 'old', 'business.', 'experts', 'discuss', 'ongoing', 'developments', 'budget', 'report.']","(10000,[25,309,3057,3614,4506,4546,4687,4991,5432,5887,6056,7083,7312,7403,8103,8386,8719,9214,9462],[5.523458920524919,4.270695952029551,4.019381523748645,0.667530016189645,0.691153161953081,5.523458920524919,0.691153161953081,2.503034034380557,2.6902455764687034,3.4440173788450834,4.019381523748645,4.830311739964974,4.019381523748645,4.270695952029551,4.270695952029551,4.137164559405029,4.607168188650764,4.607168188650764,0.691153161953081])",1.0
R089,"['page', 'nature', 'mrs', 'writer', 'notice', 'push.', 'position', 'put', 'partner', 'marriage', 'star.', 'degree', 'race', 'continue', 'identify.', 'experts', 'discuss', 'ongoing', 'developments', 'public', 'health.']","(10000,[116,454,743,1339,1525,1770,2827,3611,3614,4506,4687,6097,6219,6229,6906,7074,7488,8871,9462,9751,9943],[4.607168188650764,4.137164559405029,4.019381523748645,4.137164559405029,4.019381523748645,2.958509563063383,4.137164559405029,4.137164559405029,0.667530016189645,0.691153161953081,0.691153161953081,5.117993812416755,3.0385522707369192,4.270695952029551,4.137164559405029,3.577548771469606,5.117993812416755,4.42484663185681,0.691153161953081,4.42484663185681,4.270695952029551])",1.0
R038,"['impact', 'congress', 'remember', 'senior', 'drop', 'above.', 'mission', 'hour', 'production.', 'experts', 'discuss', 'ongoing', 'developments', 'public', 'health.']","(10000,[527,1640,1770,1972,2406,3614,4144,4506,4687,5685,6069,6219,8577,8728,9462],[4.270695952029551,5.117993812416755,2.958509563063383,3.914021008090819,4.42484663185681,0.667530016189645,3.914021008090819,0.691153161953081,0.691153161953081,3.7316994512968646,4.137164559405029,3.0385522707369192,4.270695952029551,3.8187108282864943,0.691153161953081])",1.0
R053,"['assume', 'back.', 'scene', 'bag', 'animal.', 'suddenly', 'surface', 'throughout', 'ok', 'space.', 'experts', 'discuss', 'ongoing', 'developments', 'economic', 'growth.']","(10000,[415,1098,2110,2645,2664,3614,4506,4687,5844,5948,7281,7721,8581,9034,9144,9462],[3.914021008090819,3.6516567436233283,5.117993812416755,4.270695952029551,3.914021008090819,0.667530016189645,0.691153161953081,0.691153161953081,3.8187108282864943,3.914021008090819,0.6792718340663283,4.270695952029551,4.019381523748645,2.8844015909096608,2.7508701982851385,0.691153161953081])",1.0
F201,"['dream', 'present', 'effect', 'but.', 'produce', 'fine', 'final.', '—', 'shocking', 'claims', 'hoax', 'surface', 'internet.']","(10000,[503,1648,2101,2366,4377,5850,6324,6431,7281,7936,8130,8338,8927],[0.691153161953081,4.019381523748645,5.117993812416755,3.914021008090819,2.60568818844064,0.691153161953081,3.914021008090819,4.019381523748645,0.6792718340663283,0.691153161953081,4.137164559405029,0.691153161953081,4.607168188650764])",0.0
F013,"['space', 'skill', 'analysis', 'lay', 'record', 'cultural.', 'agency', 'stuff', 'need', 'letter', 'suffer.', '—', 'shocking', 'claims', 'secret', 'cure', 'surface', 'internet.']","(10000,[503,564,765,1296,3892,4347,4475,5850,6537,6731,6747,7281,7722,7936,8338,8471,9188,9968],[0.691153161953081,3.7316994512968646,4.270695952029551,4.137164559405029,2.5530444549552183,4.42484663185681,4.42484663185681,0.691153161953081,4.270695952029551,5.117993812416755,2.5530444549552183,0.6792718340663283,4.137164559405029,0.691153161953081,0.691153161953081,4.607168188650764,4.137164559405029,4.270695952029551])",0.0
R023,"['every', 'institution', 'whose', 'mother.', 'mr', 'significant', 'you.', 'challenge', 'value', 'include', 'unit.', 'experts', 'discuss', 'ongoing', 'developments', 'policy.']","(10000,[4,2471,2647,2953,3243,3614,4506,4687,5935,6944,7177,7403,8552,9462,9539,9681],[4.607168188650764,5.523458920524919,4.019381523748645,4.137164559405029,4.019381523748645,0.667530016189645,0.691153161953081,0.691153161953081,4.607168188650764,2.8154087194227095,4.607168188650764,4.270695952029551,3.914021008090819,0.691153161953081,4.42484663185681,3.8187108282864943])",1.0
R068,"['truth', 'democratic', 'son', 'rather', 'mission', 'lead', 'type.', 'thousand', 'doctor', 'main', 'drug', 'decision.', 'throughout', 'allow', 'game', 'decade.', 'experts', 'discuss', 'ongoing', 'developments', 'technology', 'breakthrough.']","(10000,[209,777,997,1020,1637,2069,2227,2837,3614,4506,4687,4835,5356,5377,5606,5948,6069,6798,7860,8975,9462,9700],[3.914021008090819,4.42484663185681,5.523458920524919,2.4324164671666035,3.5085558999826545,4.830311739964974,2.7200985396183848,4.42484663185681,0.667530016189645,0.691153161953081,0.691153161953081,4.137164559405029,4.019381523748645,4.830311739964974,3.8187108282864943,3.914021008090819,4.137164559405029,4.270695952029551,2.958509563063383,4.830311739964974,0.691153161953081,5.523458920524919])",1.0
F065,"['room', 'allow', 'building', 'information', 'south', 'group.', 'generation', 'generation', 'six', 'discover.', 'president', 'daughter', 'memory', 'fear', 'way', 'word', 'week.', '—', 'shocking', 'claims', 'hoax', 'surface', 'internet.']","(10000,[494,503,1306,1848,2302,3519,4377,4816,4835,5401,5850,5852,6941,6963,7268,7281,7623,7936,8190,8338,9391,9513],[4.270695952029551,0.691153161953081,4.019381523748645,5.117993812416755,5.117993812416755,4.42484663185681,2.60568818844064,3.8187108282864943,4.137164559405029,3.914021008090819,0.691153161953081,4.019381523748645,4.42484663185681,8.03876304749729,5.117993812416755,0.6792718340663283,4.137164559405029,0.691153161953081,4.270695952029551,0.691153161953081,4.830311739964974,4.137164559405029])",0.0
F239,"['pretty', 'candidate', 'look', 'prove.', 'beat', 'enter', 'attorney', 'economy.', '—', 'shocking', 'claims', 'celebrity', 'scandal', 'surface', 'internet.']","(10000,[503,2569,3486,3919,4358,4683,4853,4921,5105,5850,7281,7435,7936,8338,9939],[0.691153161953081,3.577548771469606,2.849310271098391,4.019381523748645,5.117993812416755,4.607168188650764,4.270695952029551,2.849310271098391,5.523458920524919,0.691153161953081,0.6792718340663283,3.914021008090819,0.691153161953081,0.691153161953081,4.270695952029551])",0.0
F084,"['author', 'military', 'executive', 'into.', 'quickly', 'boy', 'effort', 'medical.', '—', 'shocking', 'claims', 'miracle', 'drug', 'surface', 'internet.']","(10000,[157,442,503,1256,3391,5726,5850,5877,7281,7860,7936,8338,9210,9350,9966],[3.8187108282864943,5.523458920524919,0.691153161953081,3.125563647726549,4.607168188650764,3.914021008090819,0.691153161953081,3.914021008090819,0.6792718340663283,2.958509563063383,0.691153161953081,0.691153161953081,4.607168188650764,4.137164559405029,4.42484663185681])",0.0
R120,"['build', 'action', 'audience.', 'matter', 'room', 'democrat', 'third.', 'experts', 'discuss', 'ongoing', 'developments', 'election.']","(10000,[494,2402,3014,3177,3556,3614,4506,4687,5234,6633,8151,9462],[4.270695952029551,4.137164559405029,4.42484663185681,5.117993812416755,2.8844015909096608,0.667530016189645,0.691153161953081,0.691153161953081,3.914021008090819,4.830311739964974,4.830311739964974,0.691153161953081])",1.0
F207,"['entire', 'adult', 'crime', 'model.', 'reality', 'rock', 'commercial', 'certain', 'in.', 'beat', 'apply', 'owner.', '—', 'shocking', 'claims', 'government', 'cover-up', 'surface', 'internet.']","(10000,[72,503,574,680,731,1936,2259,2569,2634,5850,6443,7281,7312,7936,8338,8824,9156,9288,9813],[4.42484663185681,0.691153161953081,4.270695952029551,4.42484663185681,4.137164559405029,5.117993812416755,2.579019941358479,3.577548771469606,4.019381523748645,0.691153161953081,3.8187108282864943,0.6792718340663283,4.019381523748645,0.691153161953081,0.691153161953081,3.914021008090819,3.8187108282864943,3.8187108282864943,2.997730276216664])",0.0
R158,"['chair', 'woman', 'car', 'chair.', 'investment', 'loss', 'ask', 'officer.', 'experts', 'discuss', 'ongoing', 'developments', 'economic', 'growth.']","(10000,[681,1562,1584,3507,3614,3674,4506,4563,4687,5329,6511,9034,9144,9462],[4.607168188650764,4.607168188650764,5.117993812416755,4.137164559405029,0.667530016189645,4.607168188650764,0.691153161953081,4.137164559405029,0.691153161953081,4.42484663185681,5.523458920524919,2.8844015909096608,2.7508701982851385,0.691153161953081])",1.0
R097,"['skill', 'toward', 'determine', 'party.', 'add', 'subject', 'teacher', 'heart', 'center.', 'somebody', 'allow', 'say', 'full', 'avoid', 'physical.', 'experts', 'discuss', 'ongoing', 'developments', 'technology', 'breakthrough.']","(10000,[1020,1116,1388,2227,3089,3194,3614,4201,4506,4687,4835,5862,6575,7734,8655,8708,8897,9462,9808,9887,9968],[2.4324164671666035,5.117993812416755,3.914021008090819,2.7200985396183848,4.137164559405029,4.270695952029551,0.667530016189645,5.117993812416755,0.691153161953081,0.691153161953081,4.137164559405029,5.117993812416755,5.523458920524919,4.830311739964974,4.270695952029551,3.914021008090819,4.42484663185681,0.691153161953081,4.137164559405029,4.607168188650764,4.270695952029551])",1.0
R092,"['cost', 'season', 'responsibility', 'military', 'phone.', 'space', 'commercial', 'drug.', 'campaign', 'hear', 'goal', 'decade', 'state', 'region', 'order.', 'experts', 'discuss', 'ongoing', 'developments', 'technology', 'breakthrough.']","(10000,[1020,1808,2227,2358,3502,3614,3980,4490,4506,4687,4842,5089,5564,5877,6030,6443,6675,8159,9109,9188,9462],[2.4324164671666035,4.42484663185681,2.7200985396183848,4.137164559405029,3.7316994512968646,0.667530016189645,4.830311739964974,3.914021008090819,0.691153161953081,0.691153161953081,4.019381523748645,3.8187108282864943,5.523458920524919,3.914021008090819,4.42484663185681,3.8187108282864943,3.8187108282864943,3.577548771469606,4.830311739964974,4.137164559405029,0.691153161953081])",1.0
F172,"['language', 'toward', 'score', 'always.', 'effort', 'political', 'remember', 'degree.', '—', 'shocking', 'claims', 'hoax', 'surface', 'internet.']","(10000,[503,1716,1927,3194,3935,4377,4928,5685,5726,5850,6816,7281,7936,8338],[0.691153161953081,4.42484663185681,4.607168188650764,4.270695952029551,4.019381523748645,2.60568818844064,4.607168188650764,3.7316994512968646,3.914021008090819,0.691153161953081,5.523458920524919,0.6792718340663283,0.691153161953081,0.691153161953081])",0.0
R182,"['strong', 'house', 'short', 'meeting', 'type', 'another', 'toward.', 'ball', 'gas', 'dream.', 'ok', 'probably', 'conference.', 'experts', 'discuss', 'ongoing', 'developments', 'economic', 'growth.']","(10000,[20,1262,1898,2297,2430,2645,3526,3614,4506,4531,4687,5607,5836,6355,7492,8166,9034,9144,9462],[4.019381523748645,4.270695952029551,4.830311739964974,4.019381523748645,5.117993812416755,4.270695952029551,4.137164559405029,0.667530016189645,0.691153161953081,4.830311739964974,0.691153161953081,3.7316994512968646,4.42484663185681,4.42484663185681,4.607168188650764,4.270695952029551,2.8844015909096608,2.7508701982851385,0.691153161953081])",1.0
F014,"['low', 'cover', 'soon', 'reason', 'if.', 'beat', 'teacher', 'pattern', 'culture', 'star', 'new.', 'staff', 'forget', 'easy', 'personal', 'mission.', '—', 'shocking', 'claims', 'secret', 'cure', 'surface', 'internet.']","(10000,[503,617,760,1041,2569,2944,3892,4489,5170,5850,6104,6224,6259,6280,6747,7146,7281,7936,7939,8338,8411,8645,8708],[0.691153161953081,3.7316994512968646,4.270695952029551,4.42484663185681,3.577548771469606,4.607168188650764,2.5530444549552183,5.117993812416755,4.019381523748645,0.691153161953081,4.137164559405029,4.137164559405029,4.830311739964974,4.607168188650764,2.5530444549552183,4.137164559405029,0.6792718340663283,0.691153161953081,4.607168188650764,0.691153161953081,3.6516567436233283,4.42484663185681,3.914021008090819])",0.0
R230,"['man', 'face', 'item', 'write', 'need', 'professional.', 'hundred', 'wife', 'bed', 'expect', 'result', 'tv', 'cut.', 'ready', 'least', 'play', 'travel', 'ask', 'man.', 'experts', 'discuss', 'ongoing', 'developments', 'election.']","(10000,[399,1634,1916,2173,2569,3021,3507,3556,3614,3691,4034,4046,4506,4547,4687,4898,5175,5445,6537,6557,7691,8681,9462,9497],[3.6516567436233283,4.42484663185681,4.270695952029551,4.830311739964974,3.577548771469606,3.7316994512968646,4.137164559405029,2.8844015909096608,0.667530016189645,4.270695952029551,4.607168188650764,5.523458920524919,0.691153161953081,4.137164559405029,0.691153161953081,4.607168188650764,4.019381523748645,4.830311739964974,4.270695952029551,4.42484663185681,5.117993812416755,4.607168188650764,0.691153161953081,4.42484663185681])",1.0
F223,"['community', 'local', 'third', 'treat', 'education.', 'treatment', 'phone', 'threat', 'everybody', 'not.', 'care', 'strategy', 'wonder', 'rather.', '—', 'shocking', 'claims', 'government', 'cover-up', 'surface', 'internet.']","(10000,[228,503,1626,1661,2259,2291,2561,4723,5047,5310,5850,7281,7936,8015,8070,8174,8338,8750,8771,9121,9813],[4.019381523748645,0.691153161953081,4.137164559405029,5.117993812416755,2.579019941358479,4.019381523748645,4.607168188650764,3.914021008090819,2.661258039595451,3.8187108282864943,0.691153161953081,0.6792718340663283,0.691153161953081,4.607168188650764,4.137164559405029,4.607168188650764,0.691153161953081,4.137164559405029,4.019381523748645,5.117993812416755,2.997730276216664])",0.0
R221,"['charge', 'save', 'building', 'less', 'anything', 'until.', 'radio', 'collection', 'alone', 'turn', 'none', 'imagine', 'can.', 'maintain', 'good', 'expert', 'value', 'live', 'ball', 'product.', 'experts', 'discuss', 'ongoing', 'developments', 'policy.']","(10000,[493,914,1195,1247,2114,2492,3614,3886,4270,4430,4506,4520,4687,5247,5301,5852,6168,6812,6944,7403,7492,8209,9086,9462,9831],[4.137164559405029,4.42484663185681,4.019381523748645,4.830311739964974,4.137164559405029,4.42484663185681,0.667530016189645,4.137164559405029,4.830311739964974,4.607168188650764,0.691153161953081,3.8187108282864943,0.691153161953081,4.270695952029551,4.270695952029551,4.019381523748645,4.137164559405029,4.137164559405029,2.8154087194227095,4.270695952029551,4.607168188650764,3.7316994512968646,4.42484663185681,0.691153161953081,3.6516567436233283])",1.0
R173,"['behavior', 'skin', 'write', 'size', 'product', 'send.', 'chair', 'theory', 'single', 'chair', 'month', 'ahead', 'value.', 'lot', 'say', 'player', 'town', 'line.', 'experts', 'discuss', 'ongoing', 'developments', 'climate', 'change.']","(10000,[447,490,681,735,821,1468,2059,2115,3192,3614,4506,4687,4715,4943,5445,5741,5833,5862,5952,6604,7889,8268,9462],[4.137164559405029,5.117993812416755,9.214336377301528,4.270695952029551,2.849310271098391,4.019381523748645,2.6330871626287546,4.830311739964974,4.42484663185681,0.667530016189645,0.691153161953081,0.691153161953081,4.270695952029551,4.42484663185681,4.830311739964974,4.42484663185681,3.914021008090819,5.117993812416755,5.117993812416755,4.270695952029551,4.019381523748645,3.3262343431887,0.691153161953081])",1.0
F249,"['recently', 'process', 'worry', 'movement', 'effect', 'role', 'trade.', 'bill', 'stop', 'statement', 'produce', 'artist', 'action.', '—', 'shocking', 'claims', 'immortal', 'jellyfish', 'surface', 'internet.']","(10000,[503,796,1648,2034,2066,3350,5294,5850,6324,7166,7281,7936,8040,8135,8338,8343,8931,9213,9817,9876],[0.691153161953081,4.270695952029551,4.019381523748645,4.830311739964974,2.7508701982851385,3.8187108282864943,4.137164559405029,0.691153161953081,3.914021008090819,4.830311739964974,0.6792718340663283,0.691153161953081,4.42484663185681,5.523458920524919,0.691153161953081,4.270695952029551,4.42484663185681,5.117993812416755,4.019381523748645,2.7508701982851385])",0.0
F112,"['prepare', 'able', 'still', 'republican', 'mind', 'figure.', 'like', 'partner', 'expect', 'movie', 'rich', 'investment.', '—', 'shocking', 'claims', 'government', 'cover-up', 'surface', 'internet.']","(10000,[116,503,1439,1734,2259,2286,3184,3330,3496,3691,3712,4247,4616,5850,6212,7281,7936,8338,9813],[4.607168188650764,0.691153161953081,4.270695952029551,4.607168188650764,2.579019941358479,4.270695952029551,2.849310271098391,4.137164559405029,3.8187108282864943,4.270695952029551,4.42484663185681,5.523458920524919,4.607168188650764,0.691153161953081,4.607168188650764,0.6792718340663283,0.691153161953081,0.691153161953081,2.997730276216664])",0.0
R058,"['anyone', 'must', 'box.', 'instead', 'reflect', 'mean', 'resource.', 'lay', 'hard', 'forget', 'wide.', 'western', 'police', 'business', 'nature', 'identify', 'act', 'teach', 'move.', 'experts', 'discuss', 'ongoing', 'developments', 'budget', 'report.']","(10000,[524,666,909,1023,3611,3614,3876,3967,4321,4475,4506,4527,4687,4991,5125,5321,5374,5432,5760,6484,6928,7146,8522,8774,9462],[3.8187108282864943,4.607168188650764,3.8187108282864943,4.137164559405029,4.137164559405029,0.667530016189645,4.137164559405029,4.42484663185681,5.117993812416755,4.42484663185681,0.691153161953081,4.137164559405029,0.691153161953081,2.503034034380557,3.8187108282864943,4.270695952029551,3.6516567436233283,2.6902455764687034,5.523458920524919,5.523458920524919,4.607168188650764,4.137164559405029,4.42484663185681,5.117993812416755,0.691153161953081])",1.0
R159,"['book', 'sound', 'surface', 'raise', 'defense', 'key.', 'final', 'show', 'debate', 'analysis', 'wind.', 'bring', 'stay', 'national', 'less', 'situation.', 'experts', 'discuss', 'ongoing', 'developments', 'economic', 'growth.']","(10000,[393,433,477,1195,1296,1653,1978,3057,3527,3543,3614,4019,4506,4657,4687,6166,7281,7910,8276,9034,9144,9462],[4.137164559405029,3.914021008090819,5.117993812416755,4.019381523748645,4.137164559405029,4.270695952029551,4.830311739964974,4.019381523748645,4.607168188650764,4.270695952029551,0.667530016189645,4.42484663185681,0.691153161953081,4.830311739964974,0.691153161953081,4.270695952029551,0.6792718340663283,3.577548771469606,4.607168188650764,2.8844015909096608,2.7508701982851385,0.691153161953081])",1.0
R029,"['system', 'conference', 'alone', 'respond', 'worker', 'skin', 'chance.', 'skill', 'organization', 'eye', 'including', 'student', 'environment.', 'experts', 'discuss', 'ongoing', 'developments', 'economic', 'growth.']","(10000,[1341,1364,2492,2500,2676,3536,3614,3996,4506,4687,5089,5657,5833,7334,9034,9144,9462,9944,9968],[3.7316994512968646,4.019381523748645,4.42484663185681,4.830311739964974,4.270695952029551,4.137164559405029,0.667530016189645,4.137164559405029,0.691153161953081,0.691153161953081,3.8187108282864943,4.270695952029551,3.914021008090819,4.019381523748645,2.8844015909096608,2.7508701982851385,0.691153161953081,5.117993812416755,4.270695952029551])",1.0
R126,"['eye', 'military', 'environmental', 'senior', 'past', 'dog', 'loss.', 'condition', 'window', 'senior', 'image.', 'experts', 'discuss', 'ongoing', 'developments', 'research.']","(10000,[690,1341,2403,3614,4144,4506,4687,5328,5877,6027,7066,9275,9462,9564,9604],[4.830311739964974,3.7316994512968646,4.019381523748645,0.667530016189645,7.828042016181638,0.691153161953081,0.691153161953081,3.914021008090819,3.914021008090819,4.607168188650764,2.8844015909096608,3.6516567436233283,0.691153161953081,4.270695952029551,4.830311739964974])",1.0
R132,"['politics', 'others', 'keep', 'sense', 'term', 'rather.', 'someone', 'include', 'early', 'fall', 'indicate', 'great', 'figure', 'result.', 'continue', 'provide', 'nice', 'consider', 'school', 'simply', 'discover', 'history.', 'experts', 'discuss', 'ongoing', 'developments', 'education.']","(10000,[312,743,750,1642,1661,2188,2679,2953,3370,3614,3671,3729,4092,4110,4170,4506,4687,5047,5447,5887,5946,6485,6940,7424,7670,9462,9594],[4.42484663185681,4.019381523748645,4.607168188650764,4.270695952029551,5.117993812416755,4.42484663185681,4.137164559405029,4.137164559405029,3.914021008090819,0.667530016189645,4.137164559405029,4.607168188650764,4.019381523748645,4.270695952029551,4.830311739964974,0.691153161953081,0.691153161953081,2.661258039595451,3.5085558999826545,3.4440173788450834,4.019381523748645,4.42484663185681,4.607168188650764,5.117993812416755,5.523458920524919,0.691153161953081,4.42484663185681])",1.0
R025,"['argue', 'task', 'enjoy', 'mention', 'like.', 'develop', 'democratic', 'conference.', 'experts', 'discuss', 'ongoing', 'developments', 'election.']","(10000,[1241,1805,1898,2907,3556,3614,3730,4506,4687,5606,8451,9190,9462],[3.8187108282864943,4.270695952029551,4.830311739964974,4.019381523748645,2.8844015909096608,0.667530016189645,4.019381523748645,0.691153161953081,0.691153161953081,3.8187108282864943,4.137164559405029,4.830311739964974,0.691153161953081])",1.0
F214,"['tend', 'far', 'dark', 'science', 'whose', 'part', 'president.', 'decade', 'debate', 'perform.', 'population', 'tv', 'walk', 'usually.', '—', 'shocking', 'claims', 'secret', 'cure', 'surface', 'internet.']","(10000,[503,697,1810,3363,3892,4158,4547,5374,5850,6030,6142,6652,6747,7281,7936,8276,8338,8740,9258,9513,9539],[0.691153161953081,3.914021008090819,4.607168188650764,4.607168188650764,2.5530444549552183,3.7316994512968646,4.137164559405029,3.6516567436233283,0.691153161953081,4.42484663185681,4.270695952029551,4.607168188650764,2.5530444549552183,0.6792718340663283,0.691153161953081,4.607168188650764,0.691153161953081,3.7316994512968646,4.019381523748645,4.137164559405029,4.42484663185681])",0.0
R177,"['wind', 'fill', 'generation', 'effort', 'around', 'suggest.', 'list', 'size', 'office', 'foot', 'both.', 'experts', 'discuss', 'ongoing', 'developments', 'policy.']","(10000,[2558,3192,3478,3614,4506,4687,5726,6197,6944,6963,7890,8344,8506,8728,9462,9727],[4.42484663185681,4.42484663185681,5.117993812416755,0.667530016189645,0.691153161953081,0.691153161953081,3.914021008090819,4.270695952029551,2.8154087194227095,4.019381523748645,4.42484663185681,4.137164559405029,5.523458920524919,3.8187108282864943,0.691153161953081,4.607168188650764])",1.0
R196,"['perform', 'sport', 'write', 'tv', 'standard.', 'nearly', 'social', 'during.', 'live', 'affect', 'reason.', 'experts', 'discuss', 'ongoing', 'developments', 'budget', 'report.']","(10000,[493,823,1098,1112,2866,3614,4506,4547,4687,4991,5375,5432,5445,6055,7098,8278,9462],[4.137164559405029,4.42484663185681,3.6516567436233283,5.117993812416755,4.019381523748645,0.667530016189645,0.691153161953081,4.137164559405029,0.691153161953081,2.503034034380557,5.523458920524919,2.6902455764687034,4.830311739964974,4.830311739964974,4.270695952029551,4.019381523748645,0.691153161953081])",1.0
R135,"['agent', 'another', 'go', 'seem', 'suggest', 'peace.', 'stop', 'imagine', 'throw', 'law', 'five', 'girl', 'nor.', 'experts', 'discuss', 'ongoing', 'developments', 'budget', 'report.']","(10000,[796,1029,2588,3614,3979,4506,4687,4944,4991,5016,5301,5432,5974,6451,7816,8166,8325,8439,9462],[4.270695952029551,4.270695952029551,4.270695952029551,0.667530016189645,4.270695952029551,0.691153161953081,0.691153161953081,5.523458920524919,2.503034034380557,4.270695952029551,4.270695952029551,2.6902455764687034,3.7316994512968646,3.6516567436233283,3.7316994512968646,4.270695952029551,4.607168188650764,5.117993812416755,0.691153161953081])",1.0
F152,"['game', 'three', 'responsibility', 'feeling', 'happy', 'dinner.', 'wear', 'stand', 'law.', 'site', 'walk', 'phone', 'future', 'region', 'phone.', '—', 'shocking', 'claims', 'government', 'cover-up', 'surface', 'internet.']","(10000,[503,613,1626,2259,3214,3502,5347,5850,5891,5925,6142,6488,6581,6886,7281,7936,8159,8338,8538,8975,9109,9813],[0.691153161953081,4.019381523748645,4.137164559405029,2.579019941358479,5.117993812416755,3.7316994512968646,4.019381523748645,0.691153161953081,4.42484663185681,4.270695952029551,4.270695952029551,3.8187108282864943,4.830311739964974,4.019381523748645,0.6792718340663283,0.691153161953081,3.577548771469606,0.691153161953081,5.523458920524919,4.830311739964974,4.830311739964974,2.997730276216664])",0.0
F180,"['public', 'president', 'sport', 'real.', 'attorney', 'offer', 'explain', 'attorney', 'close.', 'although', 'pull', 'show.', 'trouble', 'manager', 'power', 'subject.', '—', 'shocking', 'claims', 'secret', 'cure', 'surface', 'internet.']","(10000,[503,1306,1652,1770,2909,2958,3056,3205,3892,4853,5341,5850,5963,6597,6747,7281,7779,7936,7937,8278,8338,9189],[0.691153161953081,4.019381523748645,4.137164559405029,2.958509563063383,4.607168188650764,3.7316994512968646,4.137164559405029,5.117993812416755,2.5530444549552183,8.541391904059102,4.830311739964974,0.691153161953081,5.523458920524919,4.42484663185681,2.5530444549552183,0.6792718340663283,3.577548771469606,0.691153161953081,5.117993812416755,4.019381523748645,0.691153161953081,4.019381523748645])",0.0
F003,"['firm', 'rest', 'enter', 'along', 'price.', 'different', 'also', 'street', 'attention.', 'book', 'particularly', 'perhaps', 'community.', 'leg', 'tell', 'away', 'as.', '—', 'shocking', 'claims', 'secret', 'cure', 'surface', 'internet.']","(10000,[26,393,503,1259,1850,2708,2840,3684,3737,3792,3892,4959,5850,6035,6290,6443,6683,6747,7281,7435,7936,8203,8338,8894],[5.523458920524919,4.137164559405029,0.691153161953081,4.270695952029551,3.914021008090819,3.7316994512968646,4.270695952029551,4.830311739964974,4.607168188650764,3.8187108282864943,2.5530444549552183,4.607168188650764,0.691153161953081,3.7316994512968646,4.607168188650764,3.8187108282864943,4.137164559405029,2.5530444549552183,0.6792718340663283,3.914021008090819,0.691153161953081,4.607168188650764,0.691153161953081,4.607168188650764])",0.0
F244,"['ever', 'east', 'decision.', 'sport', 'tonight', 'notice', 'mr', 'energy', 'employee', 'watch.', '—', 'shocking', 'claims', 'celebrity', 'scandal', 'surface', 'internet.']","(10000,[503,1525,2519,2647,3389,3486,4921,5377,5594,5850,6548,6576,7281,7936,8278,8307,8338],[0.691153161953081,4.019381523748645,5.117993812416755,4.019381523748645,4.270695952029551,2.849310271098391,2.849310271098391,4.830311739964974,4.270695952029551,0.691153161953081,4.270695952029551,4.137164559405029,0.6792718340663283,0.691153161953081,4.019381523748645,4.019381523748645,0.691153161953081])",0.0
F194,"['morning', 'tv', 'analysis', 'board.', 'current', 'level', 'contain', 'rule.', '—', 'shocking', 'claims', 'immortal', 'jellyfish', 'surface', 'internet.']","(10000,[503,1296,1499,2066,3160,4547,5305,5850,7281,7493,7711,7936,8338,9189,9876],[0.691153161953081,4.137164559405029,4.270695952029551,2.7508701982851385,4.137164559405029,4.137164559405029,4.830311739964974,0.691153161953081,0.6792718340663283,4.137164559405029,5.523458920524919,0.691153161953081,0.691153161953081,4.019381523748645,2.7508701982851385])",0.0
R044,"['white', 'quality', 'rise', 'behavior.', 'teacher', 'run', 'evening', 'rest', 'dream.', 'happen', 'result', 'sing', 'site.', 'experts', 'discuss', 'ongoing', 'developments', 'policy.']","(10000,[266,399,2430,2708,3506,3614,4506,4648,4687,4704,4816,5286,5843,6451,6944,6988,8708,9462],[4.607168188650764,3.6516567436233283,5.117993812416755,3.7316994512968646,4.019381523748645,0.667530016189645,0.691153161953081,4.607168188650764,0.691153161953081,3.8187108282864943,3.8187108282864943,4.019381523748645,3.914021008090819,3.6516567436233283,2.8154087194227095,5.117993812416755,3.914021008090819,0.691153161953081])",1.0
R141,"['small', 'purpose', 'three', 'language.', 'control', 'talk', 'sometimes', 'respond', 'deep.', 'institution', 'night', 'across', 'buy', 'better.', 'experts', 'discuss', 'ongoing', 'developments', 'economic', 'growth.']","(10000,[80,222,1208,1982,2500,3243,3614,4506,4687,5869,5925,6869,7074,7078,8089,8925,9034,9144,9462,9998],[4.42484663185681,4.607168188650764,2.7508701982851385,4.830311739964974,4.830311739964974,4.019381523748645,0.667530016189645,0.691153161953081,0.691153161953081,4.830311739964974,4.270695952029551,4.019381523748645,3.577548771469606,5.117993812416755,5.523458920524919,4.830311739964974,2.8844015909096608,2.7508701982851385,0.691153161953081,5.523458920524919])",1.0
R188,"['society', 'goal', 'method', 'none', 'southern.', 'year', 'time', 'better.', 'experts', 'discuss', 'ongoing', 'developments', 'climate', 'change.']","(10000,[327,821,1417,2059,3614,4506,4687,5089,6015,7078,8157,8899,9462,9831],[4.019381523748645,2.849310271098391,5.523458920524919,2.6330871626287546,0.667530016189645,0.691153161953081,0.691153161953081,3.8187108282864943,4.42484663185681,5.117993812416755,4.607168188650764,4.830311739964974,0.691153161953081,3.6516567436233283])",1.0
F010,"['management', 'skin', 'however', 'religious.', 'work', 'deal', 'drop', 'stock', 'candidate', 'painting', 'site.', '—', 'shocking', 'claims', 'aliens', 'surface', 'internet.']","(10000,[503,650,793,911,1034,1241,1433,4358,4648,5833,5850,7281,7936,8338,8444,8577,9527],[0.691153161953081,2.958509563063383,4.270695952029551,4.42484663185681,4.019381523748645,3.8187108282864943,4.607168188650764,5.117993812416755,4.607168188650764,3.914021008090819,0.691153161953081,0.6792718340663283,0.691153161953081,0.691153161953081,5.117993812416755,4.270695952029551,4.019381523748645])",0.0
R106,"['full', 'clear', 'education', 'best', 'financial', 'ask.', 'industry', 'couple', 'human', 'indicate', 'example', 'think', 'wait.', 'possible', 'concern', 'learn', 'listen', 'know', 'college.', 'experts', 'discuss', 'ongoing', 'developments', 'economic', 'growth.']","(10000,[429,763,1611,1968,2335,2609,3010,3614,4506,4687,5530,5967,6063,6100,6485,7407,7702,7779,8303,8897,9034,9144,9462,9578,9606],[4.270695952029551,4.270695952029551,3.7316994512968646,4.42484663185681,4.42484663185681,5.117993812416755,4.270695952029551,0.667530016189645,0.691153161953081,0.691153161953081,4.137164559405029,4.270695952029551,4.607168188650764,4.270695952029551,4.42484663185681,3.8187108282864943,4.270695952029551,3.577548771469606,3.7316994512968646,4.42484663185681,2.8844015909096608,2.7508701982851385,0.691153161953081,4.830311739964974,4.42484663185681])",1.0
R049,"['reach', 'president', 'soldier', 'population.', 'agency', 'book', 'fund.', 'experts', 'discuss', 'ongoing', 'developments', 'research.']","(10000,[393,765,1306,3614,4141,4506,4687,6599,6623,7066,8386,9462],[4.137164559405029,4.270695952029551,4.019381523748645,0.667530016189645,4.42484663185681,0.691153161953081,0.691153161953081,5.117993812416755,5.117993812416755,2.8844015909096608,4.137164559405029,0.691153161953081])",1.0
R144,"['eye', 'floor', 'leave', 'drug', 'area', 'than.', 'air', 'expect', 'billion', 'several', 'doctor', 'clearly', 'treat.', 'experts', 'discuss', 'ongoing', 'developments', 'budget', 'report.']","(10000,[88,258,777,1341,1822,2913,3614,3691,4319,4506,4687,4991,5432,5649,7860,8238,9066,9227,9462],[3.914021008090819,4.42484663185681,4.42484663185681,3.7316994512968646,5.523458920524919,3.7316994512968646,0.667530016189645,4.270695952029551,3.8187108282864943,0.691153161953081,0.691153161953081,2.503034034380557,2.6902455764687034,4.830311739964974,2.958509563063383,4.270695952029551,4.137164559405029,4.830311739964974,0.691153161953081])",1.0
F199,"['able', 'always', 'big', 'account.', 'part', 'three', 'congress', 'difficult', 'huge', 'interesting.', '—', 'shocking', 'claims', 'celebrity', 'scandal', 'surface', 'internet.']","(10000,[109,503,1712,2198,3048,3486,3496,4921,5850,5925,7281,7936,8338,8728,8740,9011,9211],[5.523458920524919,0.691153161953081,4.270695952029551,4.137164559405029,3.8187108282864943,2.849310271098391,3.8187108282864943,2.849310271098391,0.691153161953081,4.270695952029551,0.6792718340663283,0.691153161953081,0.691153161953081,3.8187108282864943,3.7316994512968646,4.019381523748645,4.830311739964974])",0.0
F215,"['prepare', 'go', 'statement', 'hard.', 'likely', 'able', 'mind', 'course', 'image.', '—', 'shocking', 'claims', 'secret', 'cure', 'surface', 'internet.']","(10000,[309,503,2117,2286,3184,3496,3652,3892,5850,6451,6747,7281,7936,8338,9604,9817],[4.270695952029551,0.691153161953081,5.117993812416755,4.270695952029551,2.849310271098391,3.8187108282864943,4.42484663185681,2.5530444549552183,0.691153161953081,3.6516567436233283,2.5530444549552183,0.6792718340663283,0.691153161953081,0.691153161953081,4.830311739964974,4.019381523748645])",0.0
R176,"['face', 'writer', 'finally', 'former.', 'past', 'town', 'exactly', 'high', 'how.', 'number', 'huge', 'send', 'leader.', 'experts', 'discuss', 'ongoing', 'developments', 'economic', 'growth.']","(10000,[1817,2096,2116,2198,3614,4034,4506,4687,4715,5523,6021,6906,8519,9034,9144,9275,9401,9462,9495],[3.8187108282864943,3.914021008090819,4.270695952029551,4.137164559405029,0.667530016189645,4.607168188650764,0.691153161953081,0.691153161953081,4.270695952029551,4.019381523748645,4.42484663185681,4.137164559405029,4.270695952029551,2.8844015909096608,2.7508701982851385,3.6516567436233283,5.523458920524919,0.691153161953081,4.830311739964974])",1.0
F105,"['social', 'best', 'thousand', 'much.', 'worry', 'fall', 'wind.', '—', 'shocking', 'claims', 'hoax', 'surface', 'internet.']","(10000,[503,763,823,1978,3729,4377,5850,6798,7281,7634,7936,8338,8343],[0.691153161953081,4.270695952029551,4.42484663185681,4.830311739964974,4.607168188650764,2.60568818844064,0.691153161953081,4.270695952029551,0.6792718340663283,5.117993812416755,0.691153161953081,0.691153161953081,4.270695952029551])",0.0
F031,"['stuff', 'black', 'edge', 'represent.', 'interesting', 'fish', 'western', 'actually', 'present.', 'opportunity', 'drop', 'theory', 'easy', 'organization', 'national', 'dark', 'radio.', 'economy', 'century', 'improve', 'short', 'letter', 'along.', '—', 'shocking', 'claims', 'miracle', 'drug', 'surface', 'internet.']","(10000,[217,503,524,564,697,760,1256,1262,1364,1376,1468,1766,1948,2408,3538,3634,3816,3921,5850,6447,6976,7281,7722,7841,7860,7910,7936,8338,8577,9032],[4.270695952029551,0.691153161953081,3.8187108282864943,3.7316994512968646,3.914021008090819,4.270695952029551,3.125563647726549,4.270695952029551,4.019381523748645,4.830311739964974,4.019381523748645,4.607168188650764,3.914021008090819,4.137164559405029,5.117993812416755,4.830311739964974,4.830311739964974,4.607168188650764,0.691153161953081,4.019381523748645,3.7316994512968646,0.6792718340663283,4.137164559405029,3.914021008090819,2.958509563063383,3.577548771469606,0.691153161953081,0.691153161953081,4.270695952029551,5.523458920524919])",0.0
R206,"['whole', 'left', 'audience', 'cold.', 'part', 'happen', 'two', 'choice', 'girl', 'serve.', 'card', 'better', 'vote', 'dinner', 'certain', 'medical', 'near', 'first.', 'experts', 'discuss', 'ongoing', 'developments', 'research.']","(10000,[627,1029,1312,1630,1662,2144,2240,2543,3614,3756,4506,4687,4704,4728,5974,6053,7066,7160,8268,8740,9214,9288,9462],[4.42484663185681,4.270695952029551,4.830311739964974,5.523458920524919,4.42484663185681,3.914021008090819,3.914021008090819,3.6516567436233283,0.667530016189645,4.830311739964974,0.691153161953081,0.691153161953081,3.8187108282864943,4.019381523748645,3.7316994512968646,3.7316994512968646,2.8844015909096608,4.607168188650764,3.3262343431887,3.7316994512968646,4.607168188650764,3.8187108282864943,0.691153161953081])",1.0
F238,"['size', 'weight', 'employee.', 'sing', 'war', 'always', 'soon.', '—', 'shocking', 'claims', 'secret', 'cure', 'surface', 'internet.']","(10000,[503,3192,3892,5635,5850,6451,6747,7281,7936,8004,8338,8408,8719,9011],[0.691153161953081,4.42484663185681,2.5530444549552183,5.523458920524919,0.691153161953081,3.6516567436233283,2.5530444549552183,0.6792718340663283,0.691153161953081,4.42484663185681,0.691153161953081,5.117993812416755,4.607168188650764,4.019381523748645])",0.0
R027,"['point', 'staff', 'though.', 'clear', 'order', 'act', 'born', 'better', 'position', 'remember.', 'finally', 'executive', 'recognize', 'become.', 'experts', 'discuss', 'ongoing', 'developments', 'climate', 'change.']","(10000,[821,1226,1339,1611,1817,2059,2543,3614,4416,4506,4687,5849,6224,6928,8171,9012,9462,9545,9714,9966],[2.849310271098391,4.42484663185681,4.137164559405029,3.7316994512968646,3.8187108282864943,2.6330871626287546,3.6516567436233283,0.667530016189645,4.270695952029551,0.691153161953081,0.691153161953081,5.523458920524919,4.137164559405029,4.607168188650764,4.42484663185681,5.523458920524919,0.691153161953081,3.914021008090819,4.830311739964974,4.42484663185681])",1.0
F169,"['condition', 'ready', 'save', 'on.', 'growth', 'sure', 'party', 'argue', 'all.', '—', 'shocking', 'claims', 'government', 'cover-up', 'surface', 'internet.']","(10000,[320,503,1379,1535,1821,2259,3730,4520,5328,5611,5850,6557,7281,7936,8338,9813],[4.137164559405029,0.691153161953081,4.42484663185681,5.523458920524919,4.42484663185681,2.579019941358479,4.019381523748645,3.8187108282864943,3.914021008090819,5.117993812416755,0.691153161953081,4.42484663185681,0.6792718340663283,0.691153161953081,0.691153161953081,2.997730276216664])",0.0
F208,"['dinner', 'former', 'able', 'receive', 'exist', 'white', 'budget', 'page.', 'approach', 'successful', 'letter', 'pattern', 'theory', 'garden.', 'measure', 'security', 'let', 'least.', '—', 'shocking', 'claims', 'aliens', 'surface', 'internet.']","(10000,[503,528,564,617,650,1468,2240,2634,3095,3163,3496,3813,4160,4617,4991,5659,5843,5850,6602,7281,7432,7936,8267,8338],[0.691153161953081,4.607168188650764,3.7316994512968646,3.7316994512968646,2.958509563063383,4.019381523748645,3.914021008090819,4.019381523748645,4.607168188650764,5.523458920524919,3.8187108282864943,4.830311739964974,4.42484663185681,3.6516567436233283,2.503034034380557,4.270695952029551,3.914021008090819,0.691153161953081,4.137164559405029,0.6792718340663283,5.117993812416755,0.691153161953081,4.830311739964974,0.691153161953081])",0.0
F212,"['affect', 'quite', 'similar', 'message', 'anyone', 'collection', 'rate.', 'go', 'season', 'somebody', 'reduce', 'sometimes.', 'admit', 'try', 'discuss.', '—', 'shocking', 'claims', 'miracle', 'drug', 'surface', 'internet.']","(10000,[503,666,1144,1256,1637,2358,2715,3089,4693,5850,6055,6056,6451,7046,7281,7860,7936,8159,8209,8338,8714,8731],[0.691153161953081,4.607168188650764,5.523458920524919,3.125563647726549,3.5085558999826545,4.137164559405029,4.42484663185681,4.137164559405029,4.137164559405029,0.691153161953081,4.830311739964974,4.019381523748645,3.6516567436233283,4.830311739964974,0.6792718340663283,2.958509563063383,0.691153161953081,3.577548771469606,3.7316994512968646,0.691153161953081,4.019381523748645,4.607168188650764])",0.0
F032,"['sing', 'skin', 'eat', 'whole', 'condition', 'develop', 'fine.', 'speak', 'lay', 'discuss', 'partner', 'if.', '—', 'shocking', 'claims', 'hoax', 'surface', 'internet.']","(10000,[116,292,503,627,1241,3614,4377,4475,4732,5328,5833,5850,6259,6451,7276,7281,7936,8338],[4.607168188650764,5.523458920524919,0.691153161953081,4.42484663185681,3.8187108282864943,0.667530016189645,2.60568818844064,4.42484663185681,4.42484663185681,3.914021008090819,3.914021008090819,0.691153161953081,4.830311739964974,3.6516567436233283,3.6516567436233283,0.6792718340663283,0.691153161953081,0.691153161953081])",0.0
F109,"['avoid', 'although', 'government', 'stay', 'effect', 'stay.', '—', 'shocking', 'claims', 'hoax', 'surface', 'internet.']","(10000,[433,503,1388,2259,4377,5850,6324,7281,7779,7936,8338,9766],[3.914021008090819,0.691153161953081,3.914021008090819,2.579019941358479,2.60568818844064,0.691153161953081,3.914021008090819,0.6792718340663283,3.577548771469606,0.691153161953081,0.691153161953081,5.117993812416755])",0.0
R111,"['former', 'center', 'describe', 'more.', 'several', 'throughout', 'finally.', 'experts', 'discuss', 'ongoing', 'developments', 'policy.']","(10000,[416,1480,1619,3614,4160,4506,4687,5948,6944,7085,9227,9462],[4.830311739964974,4.137164559405029,5.523458920524919,0.667530016189645,4.42484663185681,0.691153161953081,0.691153161953081,3.914021008090819,2.8154087194227095,4.270695952029551,4.830311739964974,0.691153161953081])",1.0
F078,"['car', 'campaign', 'different', 'what.', 'side', 'teach', 'daughter', 'end.', '—', 'shocking', 'claims', 'aliens', 'surface', 'internet.']","(10000,[503,650,3674,4959,5850,6675,6683,7281,7623,7936,8338,8363,8522,9781],[0.691153161953081,2.958509563063383,4.607168188650764,4.607168188650764,0.691153161953081,3.8187108282864943,4.137164559405029,0.6792718340663283,4.137164559405029,0.691153161953081,0.691153161953081,5.117993812416755,4.42484663185681,4.830311739964974])",0.0
R105,"['simple', 'field', 'recognize', 'meeting', 'rate', 'attorney', 'common.', 'know', 'next', 'yard', 'product.', 'experts', 'discuss', 'ongoing', 'developments', 'budget', 'report.']","(10000,[20,253,424,2913,3614,3744,4270,4506,4687,4853,4991,5432,7074,7779,8171,8273,9462],[4.019381523748645,4.607168188650764,4.270695952029551,3.7316994512968646,0.667530016189645,5.523458920524919,4.830311739964974,0.691153161953081,0.691153161953081,4.270695952029551,2.503034034380557,2.6902455764687034,3.577548771469606,3.577548771469606,4.42484663185681,4.137164559405029,0.691153161953081])",1.0
F196,"['end', 'political', 'card', 'usually', 'morning', 'nearly.', 'section', 'oil', 'show.', 'picture', 'spring', 'and.', '—', 'shocking', 'claims', 'government', 'cover-up', 'surface', 'internet.']","(10000,[453,503,1644,2086,2144,2259,2437,2481,2990,3160,3205,3935,5850,6035,6968,7281,7936,8338,9813],[3.7316994512968646,0.691153161953081,4.607168188650764,4.607168188650764,3.914021008090819,2.579019941358479,5.117993812416755,4.137164559405029,3.914021008090819,4.137164559405029,5.117993812416755,4.019381523748645,0.691153161953081,3.7316994512968646,4.137164559405029,0.6792718340663283,0.691153161953081,0.691153161953081,2.997730276216664])",0.0
F118,"['contain', 'well', 'bit', 'how.', 'garden', 'entire', 'yard', 'study', 'military.', '—', 'shocking', 'claims', 'immortal', 'jellyfish', 'surface', 'internet.']","(10000,[157,424,503,1989,2066,4224,4439,5850,5936,6021,7281,7493,7936,8338,8824,9876],[3.8187108282864943,4.270695952029551,0.691153161953081,4.830311739964974,2.7508701982851385,4.137164559405029,4.42484663185681,0.691153161953081,4.830311739964974,4.42484663185681,0.6792718340663283,4.137164559405029,0.691153161953081,0.691153161953081,3.914021008090819,2.7508701982851385])",0.0
F077,"['anything', 'act', 'factor', 'whose', 'hard', 'push', 'might.', 'hard', 'recent', 'perform', 'describe', 'trade', 'avoid.', 'give', 'goal', 'allow', 'property', 'boy.', '—', 'shocking', 'claims', 'secret', 'cure', 'surface', 'internet.']","(10000,[419,503,1098,1175,2114,2733,3783,3892,4835,5089,5125,5591,5850,5978,6729,6747,6928,7085,7281,7936,8046,8338,9539,9561],[4.019381523748645,0.691153161953081,3.6516567436233283,5.117993812416755,4.137164559405029,4.830311739964974,4.42484663185681,2.5530444549552183,4.137164559405029,3.8187108282864943,7.637421656572989,4.830311739964974,0.691153161953081,4.270695952029551,5.117993812416755,2.5530444549552183,4.607168188650764,4.270695952029551,0.6792718340663283,0.691153161953081,4.830311739964974,0.691153161953081,4.42484663185681,4.270695952029551])",0.0
F070,"['within', 'know', 'security', 'experience', 'today', 'within.', 'knowledge', 'spring', 'simply.', 'matter.', '—', 'shocking', 'claims', 'government', 'cover-up', 'surface', 'internet.']","(10000,[503,816,1644,2259,2634,3635,4295,5850,7281,7779,7864,7936,7968,8338,9806,9813,9817],[0.691153161953081,5.117993812416755,4.607168188650764,2.579019941358479,4.019381523748645,4.830311739964974,5.117993812416755,0.691153161953081,0.6792718340663283,3.577548771469606,4.607168188650764,0.691153161953081,4.830311739964974,0.691153161953081,4.270695952029551,2.997730276216664,4.019381523748645])",0.0
F041,"['message', 'team', 'move', 'service.', 'beautiful', 'paper', 'end', 'past', 'energy', 'should.', 'note', 'cost', 'development', 'everyone', 'current', 'media.', '—', 'shocking', 'claims', 'immortal', 'jellyfish', 'surface', 'internet.']","(10000,[320,453,468,503,1273,2066,2715,2871,3248,4221,4490,5850,6282,7281,7936,8307,8338,8690,8893,9189,9275,9876,9909],[4.137164559405029,3.7316994512968646,4.270695952029551,0.691153161953081,3.7316994512968646,2.7508701982851385,4.42484663185681,4.270695952029551,5.523458920524919,4.830311739964974,3.914021008090819,0.691153161953081,4.137164559405029,0.6792718340663283,0.691153161953081,4.019381523748645,0.691153161953081,4.270695952029551,4.42484663185681,4.019381523748645,3.6516567436233283,2.7508701982851385,4.42484663185681])",0.0
R026,"['argue', 'crime', 'tax', 'force', 'oil', 'card', 'open.', 'late', 'accept', 'learn', 'life', 'smile.', 'experts', 'discuss', 'ongoing', 'developments', 'policy.']","(10000,[391,731,2144,2657,3079,3477,3614,3730,4506,4687,4827,5967,6035,6587,6944,7381,9462],[4.607168188650764,4.137164559405029,3.914021008090819,3.7316994512968646,4.270695952029551,3.8187108282864943,0.667530016189645,4.019381523748645,0.691153161953081,0.691153161953081,5.117993812416755,4.270695952029551,3.7316994512968646,4.607168188650764,2.8154087194227095,4.607168188650764,0.691153161953081])",1.0
R207,"['check', 'year', 'finish', 'student.', 'catch', 'large', 'run', 'type', 'relationship', 'bit', 'put.', 'west', 'family', 'one', 'ago', 'realize', 'imagine', 'name.', 'experts', 'discuss', 'ongoing', 'developments', 'policy.']","(10000,[266,815,1099,1582,1896,1989,3526,3614,3901,4260,4506,4687,5085,5301,5476,6578,6944,7022,7949,8297,8899,8919,9462],[4.607168188650764,4.019381523748645,5.523458920524919,3.914021008090819,4.607168188650764,4.830311739964974,4.137164559405029,0.667530016189645,4.830311739964974,4.137164559405029,0.691153161953081,0.691153161953081,4.137164559405029,4.270695952029551,4.830311739964974,4.830311739964974,2.8154087194227095,4.019381523748645,4.270695952029551,4.270695952029551,4.830311739964974,5.117993812416755,0.691153161953081])",1.0
F163,"['short', 'past', 'amount', 'believe.', '—', 'shocking', 'claims', 'secret', 'cure', 'surface', 'internet.']","(10000,[503,586,1262,3892,5850,6747,7222,7281,7936,8338,9275],[0.691153161953081,5.523458920524919,4.270695952029551,2.5530444549552183,0.691153161953081,2.5530444549552183,4.42484663185681,0.6792718340663283,0.691153161953081,0.691153161953081,3.6516567436233283])",0.0
F171,"['wish', 'top', 'line', 'candidate.', '—', 'shocking', 'claims', 'government', 'cover-up', 'surface', 'internet.']","(10000,[495,503,547,1182,2259,5328,5850,7281,7936,8338,9813],[4.270695952029551,0.691153161953081,4.830311739964974,4.830311739964974,2.579019941358479,3.914021008090819,0.691153161953081,0.6792718340663283,0.691153161953081,0.691153161953081,2.997730276216664])",0.0
F139,"['among', 'rather', 'lose', 'local', 'coach', 'site', 'fire.', 'throw', 'crime', 'usually', 'them.', '—', 'shocking', 'claims', 'immortal', 'jellyfish', 'surface', 'internet.']","(10000,[228,503,731,2066,2837,2990,3514,4422,5850,5854,5891,7281,7362,7936,8325,8338,8957,9876],[4.019381523748645,0.691153161953081,4.137164559405029,2.7508701982851385,4.42484663185681,3.914021008090819,4.830311739964974,4.830311739964974,0.691153161953081,5.523458920524919,4.42484663185681,0.6792718340663283,4.019381523748645,0.691153161953081,4.607168188650764,0.691153161953081,5.523458920524919,2.7508701982851385])",0.0
F120,"['allow', 'sit', 'generation', 'window', 'culture', 'actually', 'street.', 'animal', 'million', 'stage', 'red', 'less', 'away.', 'hair', 'reason', 'son', 'energy', 'possible', 'kid.', '—', 'shocking', 'claims', 'miracle', 'drug', 'surface', 'internet.']","(10000,[30,52,209,503,856,1195,1256,2403,2944,4835,5850,6100,6447,6830,6946,6963,7281,7360,7664,7860,7936,8307,8338,8645,8651,9372],[4.830311739964974,4.42484663185681,3.914021008090819,0.691153161953081,5.523458920524919,4.019381523748645,3.125563647726549,4.019381523748645,4.607168188650764,4.137164559405029,0.691153161953081,4.270695952029551,4.019381523748645,5.117993812416755,4.42484663185681,4.019381523748645,0.6792718340663283,4.137164559405029,4.137164559405029,2.958509563063383,0.691153161953081,4.019381523748645,0.691153161953081,4.42484663185681,4.607168188650764,5.117993812416755])",0.0
F146,"['mission', 'control', 'simply', 'consider.', 'use', 'allow', 'early', 'painting', 'focus', 'since', 'stand.', '—', 'shocking', 'claims', 'mind', 'control', 'surface', 'internet.']","(10000,[503,1034,1208,1642,3184,3931,4092,4835,5133,5850,6069,6090,6287,6751,7281,7936,8338],[0.691153161953081,4.019381523748645,5.501740396570277,4.270695952029551,2.849310271098391,3.5085558999826545,4.019381523748645,4.137164559405029,3.914021008090819,0.691153161953081,4.137164559405029,5.117993812416755,4.019381523748645,5.523458920524919,0.6792718340663283,0.691153161953081,0.691153161953081])",0.0
R115,"['word', 'administration', 'like', 'executive.', 'increase', 'behind', 'cold', 'baby', 'piece', 'whatever', 'build.', 'experts', 'discuss', 'ongoing', 'developments', 'research.']","(10000,[751,1348,3133,3330,3519,3614,3920,4346,4506,4687,5185,5598,7066,7695,7963,9462],[4.830311739964974,4.42484663185681,4.42484663185681,4.137164559405029,4.42484663185681,0.667530016189645,4.137164559405029,4.42484663185681,0.691153161953081,0.691153161953081,4.270695952029551,5.523458920524919,2.8844015909096608,4.270695952029551,4.137164559405029,0.691153161953081])",1.0
F039,"['still', 'heavy', 'center', 'amount', 'sure.', 'recognize', 'man', 'story', 'area', 'add.', '—', 'shocking', 'claims', 'aliens', 'surface', 'internet.']","(10000,[503,650,1173,1480,2569,3712,5649,5850,6855,7222,7281,7936,8171,8338,8344,8949],[0.691153161953081,2.958509563063383,5.523458920524919,4.137164559405029,3.577548771469606,4.42484663185681,4.830311739964974,0.691153161953081,4.019381523748645,4.42484663185681,0.6792718340663283,0.691153161953081,4.42484663185681,0.691153161953081,4.137164559405029,4.42484663185681])",0.0
F225,"['provide', 'relationship', 'letter', 'west', 'skill.', 'property', 'across', 'room.', '—', 'shocking', 'claims', 'hoax', 'surface', 'internet.']","(10000,[503,564,2366,2733,4260,4377,5085,5850,5946,6241,7074,7281,7936,8338],[0.691153161953081,3.7316994512968646,3.914021008090819,4.830311739964974,4.137164559405029,2.60568818844064,4.137164559405029,0.691153161953081,4.019381523748645,5.523458920524919,3.577548771469606,0.6792718340663283,0.691153161953081,0.691153161953081])",0.0
F140,"['see', 'city', 'suddenly', 'someone.', 'develop', 'employee', 'offer', 'main', 'cup', 'area.', '—', 'shocking', 'claims', 'aliens', 'surface', 'internet.']","(10000,[503,650,1241,1637,2958,3059,3409,4105,5354,5495,5850,6548,7281,7936,8338,8581],[0.691153161953081,2.958509563063383,3.8187108282864943,3.5085558999826545,3.7316994512968646,3.577548771469606,5.523458920524919,5.523458920524919,4.607168188650764,4.42484663185681,0.691153161953081,4.270695952029551,0.6792718340663283,0.691153161953081,0.691153161953081,4.019381523748645])",0.0
F122,"['stay', 'care', 'community', 'note', 'serve', 'position.', 'offer', 'back', 'service', 'military.', '—', 'shocking', 'claims', 'mind', 'control', 'surface', 'internet.']","(10000,[433,503,1208,1725,1819,2252,2958,3184,4439,5310,5850,7281,7936,8174,8338,8430,9909],[3.914021008090819,0.691153161953081,2.7508701982851385,4.830311739964974,4.830311739964974,4.42484663185681,3.7316994512968646,2.849310271098391,4.42484663185681,3.8187108282864943,0.691153161953081,0.6792718340663283,0.691153161953081,4.607168188650764,0.691153161953081,4.607168188650764,4.42484663185681])",0.0
R070,"['industry', 'read', 'view', 'bar.', 'mention', 'first', 'hit', 'ready.', 'actually', 'remember', 'win', 'expect.', 'experts', 'discuss', 'ongoing', 'developments', 'budget', 'report.']","(10000,[1811,2398,2907,3010,3614,3978,4506,4687,4991,5432,5685,6403,6447,7293,7650,8219,8252,9462],[5.523458920524919,5.117993812416755,4.019381523748645,4.270695952029551,0.667530016189645,5.523458920524919,0.691153161953081,0.691153161953081,2.503034034380557,2.6902455764687034,3.7316994512968646,4.830311739964974,4.019381523748645,4.137164559405029,4.019381523748645,4.830311739964974,5.117993812416755,0.691153161953081])",1.0
F248,"['performance', 'listen', 'modern', 'politics', 'try.', 'perhaps', 'stuff', 'traditional', 'despite', 'degree', 'grow.', 'establish', 'view', 'add.', '—', 'shocking', 'claims', 'celebrity', 'scandal', 'surface', 'internet.']","(10000,[429,503,1259,1301,2336,2923,3486,3960,4486,4921,5850,5887,7281,7293,7722,7936,8094,8338,8344,9351,9943],[4.270695952029551,0.691153161953081,4.270695952029551,4.607168188650764,3.914021008090819,5.523458920524919,2.849310271098391,4.830311739964974,4.830311739964974,2.849310271098391,0.691153161953081,3.4440173788450834,0.6792718340663283,4.137164559405029,4.137164559405029,0.691153161953081,4.42484663185681,0.691153161953081,4.137164559405029,4.019381523748645,4.270695952029551])",0.0
R016,"['treat', 'art', 'choice', 'order', 'learn', 'share.', 'care', 'apply', 'spring', 'huge', 'choose', 'research', 'account.', 'responsibility', 'recognize', 'eight.', 'experts', 'discuss', 'ongoing', 'developments', 'technology', 'breakthrough.']","(10000,[460,1020,1226,1644,2198,2227,3032,3502,3614,4506,4687,5310,5967,6053,7312,7854,8171,8750,9211,9432,9462,9706],[5.117993812416755,2.4324164671666035,4.42484663185681,4.607168188650764,4.137164559405029,2.7200985396183848,5.117993812416755,3.7316994512968646,0.667530016189645,0.691153161953081,0.691153161953081,3.8187108282864943,4.270695952029551,3.7316994512968646,4.019381523748645,4.42484663185681,4.42484663185681,4.137164559405029,4.830311739964974,4.830311739964974,0.691153161953081,3.914021008090819])",1.0
R148,"['move', 'prevent', 'lead', 'officer', 'theory', 'culture', 'understand.', 'trial', 'later', 'hour.', 'serious', 'president', 'material', 'adult', 'none', 'conference', 'organization.', 'experts', 'discuss', 'ongoing', 'developments', 'technology', 'breakthrough.']","(10000,[72,560,696,1020,1117,1306,1468,2227,3231,3252,3410,3614,4506,4687,5356,5657,6282,7825,8270,8413,8645,9462,9831],[4.42484663185681,5.523458920524919,4.137164559405029,2.4324164671666035,3.914021008090819,4.019381523748645,4.019381523748645,2.7200985396183848,4.137164559405029,4.137164559405029,4.607168188650764,0.667530016189645,0.691153161953081,0.691153161953081,4.019381523748645,4.270695952029551,4.137164559405029,5.523458920524919,5.117993812416755,3.383392757028649,4.42484663185681,0.691153161953081,3.6516567436233283])",1.0
R142,"['southern', 'fund', 'family', 'collection.', 'anything', 'student', 'view', 'process', 'choose', 'night.', 'experts', 'discuss', 'ongoing', 'developments', 'budget', 'report.']","(10000,[2114,3222,3536,3614,3652,3743,4506,4638,4687,4991,5432,7293,8040,8297,9462,9706],[4.137164559405029,4.607168188650764,4.137164559405029,0.667530016189645,4.42484663185681,4.137164559405029,0.691153161953081,4.607168188650764,0.691153161953081,2.503034034380557,2.6902455764687034,4.137164559405029,4.42484663185681,4.270695952029551,0.691153161953081,3.914021008090819])",1.0
F141,"['church', 'future', 'big', 'technology', 'economy', 'system.', 'likely', 'day', 'near.', '—', 'shocking', 'claims', 'miracle', 'drug', 'surface', 'internet.']","(10000,[217,309,503,1020,1256,1273,3048,5850,6358,6488,6817,7281,7860,7936,8338,9133],[4.270695952029551,4.270695952029551,0.691153161953081,2.4324164671666035,3.125563647726549,3.7316994512968646,3.8187108282864943,0.691153161953081,5.117993812416755,3.8187108282864943,4.830311739964974,0.6792718340663283,2.958509563063383,0.691153161953081,0.691153161953081,4.137164559405029])",0.0
R076,"['capital', 'must', 'white', 'budget.', 'main', 'like', 'next.', 'enter', 'assume', 'son', 'vote', 'finally', 'exactly', 'medical.', 'white', 'mean', 'simple', 'turn', 'main.', 'experts', 'discuss', 'ongoing', 'developments', 'technology', 'breakthrough.']","(10000,[209,909,1020,1023,1222,1637,1817,2096,2227,2664,2913,3330,3614,3886,4506,4687,5843,5844,6541,7435,9210,9214,9462,9668],[3.914021008090819,3.8187108282864943,2.4324164671666035,4.137164559405029,5.523458920524919,3.5085558999826545,3.8187108282864943,3.914021008090819,2.7200985396183848,3.914021008090819,3.7316994512968646,4.137164559405029,0.667530016189645,4.137164559405029,0.691153161953081,0.691153161953081,7.828042016181638,3.8187108282864943,4.607168188650764,3.914021008090819,4.607168188650764,4.607168188650764,0.691153161953081,5.117993812416755])",1.0
R180,"['around', 'discuss', 'simply', 'pick', 'enough.', 'including', 'nothing', 'government', 'sing.', 'experts', 'discuss', 'ongoing', 'developments', 'budget', 'report.']","(10000,[197,1642,2259,3614,4066,4292,4506,4687,4991,5432,6197,7334,7372,9462],[4.830311739964974,4.270695952029551,2.579019941358479,1.33506003237929,5.117993812416755,4.42484663185681,0.691153161953081,0.691153161953081,2.503034034380557,2.6902455764687034,4.270695952029551,4.019381523748645,4.830311739964974,0.691153161953081])",1.0
F126,"['statement', 'happy', 'century', 'everything', 'executive.', 'order', 'bad', 'key', 'specific', 'threat', 'high', 'way.', '—', 'shocking', 'claims', 'aliens', 'surface', 'internet.']","(10000,[503,650,751,1226,2059,2116,3131,4639,5347,5850,7281,7841,7936,7956,8070,8338,9156,9817],[0.691153161953081,2.958509563063383,4.830311739964974,4.42484663185681,2.6330871626287546,4.270695952029551,4.137164559405029,5.117993812416755,4.019381523748645,0.691153161953081,0.6792718340663283,3.914021008090819,0.691153161953081,4.42484663185681,4.137164559405029,0.691153161953081,3.8187108282864943,4.019381523748645])",0.0
R134,"['voice', 'thank', 'institution', 'ever', 'deep.', 'morning', 'also', 'society', 'also', 'third', 'story', 'compare.', 'experts', 'discuss', 'ongoing', 'developments', 'economic', 'growth.']","(10000,[327,1687,1982,3160,3243,3530,3614,3792,4506,4570,4687,5594,6855,8771,9034,9144,9462],[4.019381523748645,4.607168188650764,4.830311739964974,4.137164559405029,4.019381523748645,4.270695952029551,0.667530016189645,7.637421656572989,0.691153161953081,5.117993812416755,0.691153161953081,4.270695952029551,4.019381523748645,4.019381523748645,2.8844015909096608,2.7508701982851385,0.691153161953081])",1.0
F132,"['friend', 'deal', 'natural', 'charge.', 'pretty', 'five', 'call', 'hour', 'store', 'contain', 'take.', 'test', 'past', 'life', 'bad.', 'specific', 'early', 'large', 'share', 'put', 'by.', '—', 'shocking', 'claims', 'mind', 'control', 'surface', 'internet.']","(10000,[488,503,527,1208,1433,1804,2059,3184,3477,3919,3935,3947,4092,4357,4722,4988,5146,5850,5974,6586,7022,7184,7281,7493,7936,8338,8871,9275],[4.137164559405029,0.691153161953081,4.270695952029551,2.7508701982851385,4.607168188650764,5.523458920524919,2.6330871626287546,2.849310271098391,3.8187108282864943,4.019381523748645,4.019381523748645,4.137164559405029,4.019381523748645,5.117993812416755,5.117993812416755,4.42484663185681,4.270695952029551,0.691153161953081,3.7316994512968646,5.117993812416755,4.019381523748645,5.117993812416755,0.6792718340663283,4.137164559405029,0.691153161953081,0.691153161953081,4.42484663185681,3.6516567436233283])",0.0
F230,"['body', 'fish', 'else', 'early.', '—', 'shocking', 'claims', 'immortal', 'jellyfish', 'surface', 'internet.']","(10000,[503,841,1376,2066,3753,5034,5850,7281,7936,8338,9876],[0.691153161953081,4.270695952029551,4.830311739964974,2.7508701982851385,5.117993812416755,4.830311739964974,0.691153161953081,0.6792718340663283,0.691153161953081,0.691153161953081,2.7508701982851385])",0.0
F243,"['big', 'like.', '—', 'shocking', 'claims', 'aliens', 'surface', 'internet.']","(10000,[503,650,3048,5850,7281,7936,8338,9190],[0.691153161953081,2.958509563063383,3.8187108282864943,0.691153161953081,0.6792718340663283,0.691153161953081,0.691153161953081,4.830311739964974])",0.0
R191,"['measure', 'third', 'measure', 'provide', 'reach', 'age', 'other.', 'final', 'group', 'choice.', 'family', 'floor', 'kitchen', 'recently', 'skin', 'reveal', 'note.', 'experts', 'discuss', 'ongoing', 'developments', 'budget', 'report.']","(10000,[528,756,779,1507,1653,2034,3614,4319,4506,4687,4991,5432,5833,5946,7766,8297,8386,8771,8791,9231,9462,9599],[9.214336377301528,4.019381523748645,5.523458920524919,4.270695952029551,4.270695952029551,4.830311739964974,0.667530016189645,3.8187108282864943,0.691153161953081,0.691153161953081,2.503034034380557,2.6902455764687034,3.914021008090819,4.019381523748645,4.607168188650764,4.270695952029551,4.137164559405029,4.019381523748645,4.607168188650764,4.42484663185681,0.691153161953081,4.830311739964974])",1.0
R130,"['language', 'tonight', 'stock', 'may.', 'cup', 'quality', 'rich', 'open', 'star', 'a.', 'stay', 'born', 'tax', 'environment', 'democratic', 'effect.', 'experts', 'discuss', 'ongoing', 'developments', 'public', 'health.']","(10000,[433,793,1716,1770,1890,2407,3059,3389,3506,3614,4506,4687,5170,5606,5783,6212,6219,6572,6587,8389,9462,9545],[3.914021008090819,4.270695952029551,4.42484663185681,2.958509563063383,4.830311739964974,3.914021008090819,3.577548771469606,4.270695952029551,4.019381523748645,0.667530016189645,0.691153161953081,0.691153161953081,4.019381523748645,3.8187108282864943,4.42484663185681,4.607168188650764,3.0385522707369192,5.523458920524919,4.607168188650764,5.117993812416755,0.691153161953081,3.914021008090819])",1.0
F081,"['system', 'police', 'set.', 'buy', 'teacher', 'determine', 'maintain', 'thing.', '—', 'shocking', 'claims', 'mind', 'control', 'surface', 'internet.']","(10000,[80,503,1208,2735,3184,3876,3996,5247,5767,5850,7281,7734,7936,8338,8708],[4.42484663185681,0.691153161953081,2.7508701982851385,5.523458920524919,2.849310271098391,4.137164559405029,4.137164559405029,4.270695952029551,5.117993812416755,0.691153161953081,0.6792718340663283,4.830311739964974,0.691153161953081,0.691153161953081,3.914021008090819])",0.0
R209,"['friend', 'system', 'get', 'conference.', 'painting', 'identify', 'citizen', 'thank.', 'experts', 'discuss', 'ongoing', 'developments', 'technology', 'breakthrough.']","(10000,[8,488,798,1020,1034,1898,2227,3614,3967,3996,4506,4687,9426,9462],[4.42484663185681,4.137164559405029,5.117993812416755,2.4324164671666035,4.019381523748645,4.830311739964974,2.7200985396183848,0.667530016189645,4.42484663185681,4.137164559405029,0.691153161953081,0.691153161953081,4.607168188650764,0.691153161953081])",1.0
F228,"['project', 'former', 'model', 'step.', 'record', 'administration', 'nice.', '—', 'shocking', 'claims', 'hoax', 'surface', 'internet.']","(10000,[503,2230,2835,4160,4347,4377,5185,5850,7102,7281,7936,8338,8780],[0.691153161953081,3.914021008090819,4.830311739964974,4.42484663185681,4.42484663185681,2.60568818844064,4.270695952029551,0.691153161953081,4.607168188650764,0.6792718340663283,0.691153161953081,0.691153161953081,5.523458920524919])",0.0
R030,"['job', 'get', 'how.', 'fine', 'color', 'best', 'enough.', 'put', 'leg', 'interest', 'lot', 'effect.', 'experts', 'discuss', 'ongoing', 'developments', 'budget', 'report.']","(10000,[70,197,557,763,1890,3614,4506,4687,4943,4991,5432,6021,6290,6431,8871,9426,9462,9832],[4.830311739964974,4.830311739964974,4.607168188650764,4.270695952029551,4.830311739964974,0.667530016189645,0.691153161953081,0.691153161953081,4.42484663185681,2.503034034380557,2.6902455764687034,4.42484663185681,4.607168188650764,4.019381523748645,4.42484663185681,4.607168188650764,0.691153161953081,4.830311739964974])",1.0
R214,"['hard', 'kind', 'support', 'air', 'sometimes', 'character', 'try', 'amount.', 'responsibility', 'card', 'kitchen', 'style', 'foreign', 'send', 'player.', 'risk', 'suggest', 'like', 'wide.', 'experts', 'discuss', 'ongoing', 'developments', 'education.']","(10000,[88,756,2095,2144,2263,3330,3502,3614,4321,4506,4687,4693,4867,5047,5125,5523,5869,6044,6206,7816,8000,8217,8794,9462],[3.914021008090819,4.019381523748645,5.523458920524919,3.914021008090819,5.523458920524919,4.137164559405029,3.7316994512968646,0.667530016189645,5.117993812416755,0.691153161953081,0.691153161953081,4.137164559405029,4.42484663185681,2.661258039595451,3.8187108282864943,4.019381523748645,4.830311739964974,4.42484663185681,4.42484663185681,3.7316994512968646,4.607168188650764,4.270695952029551,4.137164559405029,0.691153161953081])",1.0
R175,"['star', 'type', 'image', 'reduce', 'throughout.', 'dark', 'agree', 'type', 'agent', 'half.', 'thousand', 'today', 'plant.', 'experts', 'discuss', 'ongoing', 'developments', 'economic', 'growth.']","(10000,[697,2622,3526,3614,4062,4506,4687,5016,5170,5303,6798,6925,7178,8159,9034,9144,9462,9806],[3.914021008090819,5.117993812416755,8.274329118810059,0.667530016189645,5.117993812416755,0.691153161953081,0.691153161953081,4.270695952029551,4.019381523748645,4.270695952029551,4.270695952029551,4.270695952029551,5.523458920524919,3.577548771469606,2.8844015909096608,2.7508701982851385,0.691153161953081,4.270695952029551])",1.0
